,date,btc_p
0,2016-01-01,431.31
1,2016-01-02,431.5053
2,2016-01-03,434.98
3,2016-01-04,426.57
4,2016-01-05,431.08414
5,2016-01-06,431.32
6,2016-01-07,429.99
7,2016-01-08,457.88354
8,2016-01-09,455.22
9,2016-01-10,451.38
10,2016-01-11,449.13
11,2016-01-12,452.2306
12,2016-01-13,440.0
13,2016-01-14,433.9817
14,2016-01-15,430.57504
15,2016-01-16,364.49
16,2016-01-17,0.0
17,2016-01-18,381.95023
18,2016-01-19,390.1
19,2016-01-20,381.10022
20,2016-01-21,419.0501
21,2016-01-22,412.31
22,2016-01-23,383.25
23,2016-01-24,385.80984
24,2016-01-25,400.6801
25,2016-01-26,394.01
26,2016-01-27,395.95
27,2016-01-28,395.35535
28,2016-01-29,380.0
29,2016-01-30,379.9156
30,2016-01-31,378.0001
31,2016-02-01,369.1899
32,2016-02-02,372.19
33,2016-02-03,373.4899
34,2016-02-04,368.14
35,2016-02-05,389.71
36,2016-02-06,387.22
37,2016-02-07,375.7
38,2016-02-08,372.1236
39,2016-02-09,373.47
40,2016-02-10,374.44476
41,2016-02-11,380.0
42,2016-02-12,377.76
43,2016-02-13,380.91
44,2016-02-14,390.0
45,2016-02-15,404.7508
46,2016-02-16,392.0009
47,2016-02-17,405.5
48,2016-02-18,413.86
49,2016-02-19,421.17
50,2016-02-20,417.5813
51,2016-02-21,435.47937
52,2016-02-22,433.389
53,2016-02-23,433.5111
54,2016-02-24,417.47006
55,2016-02-25,423.2028
56,2016-02-26,421.85
57,2016-02-27,433.0
58,2016-02-28,432.92
59,2016-02-29,430.7793
60,2016-03-01,438.24
61,2016-03-02,431.48
62,2016-03-03,421.17
63,2016-03-04,419.621
64,2016-03-05,406.67
65,2016-03-06,393.161
66,2016-03-07,400.649
67,2016-03-08,410.01
68,2016-03-09,412.04
69,2016-03-10,411.93
70,2016-03-11,415.83
71,2016-03-12,420.349
72,2016-03-13,406.655
73,2016-03-14,408.32
74,2016-03-15,414.431
75,2016-03-16,415.14
76,2016-03-17,418.166
77,2016-03-18,419.812
78,2016-03-19,407.901
79,2016-03-20,409.53
80,2016-03-21,413.639
81,2016-03-22,412.318
82,2016-03-23,417.16
83,2016-03-24,416.0
84,2016-03-25,415.04
85,2016-03-26,416.135
86,2016-03-27,417.573
87,2016-03-28,425.007
88,2016-03-29,423.0
89,2016-03-30,416.7
90,2016-03-31,412.432
91,2016-04-01,416.1
92,2016-04-02,417.9
93,2016-04-03,421.0
94,2016-04-04,421.497
95,2016-04-05,420.99
96,2016-04-06,422.76
97,2016-04-07,423.55
98,2016-04-08,422.01
99,2016-04-09,418.551
100,2016-04-10,418.079
101,2016-04-11,420.8
102,2016-04-12,423.53
103,2016-04-13,426.71
104,2016-04-14,423.541
105,2016-04-15,424.519
106,2016-04-16,429.25
107,2016-04-17,428.649
108,2016-04-18,427.55
109,2016-04-19,427.42
110,2016-04-20,436.277
111,2016-04-21,440.965
112,2016-04-22,450.118
113,2016-04-23,447.559
114,2016-04-24,450.711
115,2016-04-25,459.5
116,2016-04-26,461.882
117,2016-04-27,467.5
118,2016-04-28,444.01
119,2016-04-29,450.42
120,2016-04-30,457.236
121,2016-05-01,448.906
122,2016-05-02,452.072
123,2016-05-03,444.535
124,2016-05-04,451.75
125,2016-05-05,447.841
126,2016-05-06,448.71
127,2016-05-07,462.341
128,2016-05-08,459.47
129,2016-05-09,459.1
130,2016-05-10,461.99
131,2016-05-11,452.13
132,2016-05-12,453.21
133,2016-05-13,455.95
134,2016-05-14,456.281
135,2016-05-15,454.581
136,2016-05-16,457.649
137,2016-05-17,453.769
138,2016-05-18,453.283
139,2016-05-19,452.35
140,2016-05-20,429.0
141,2016-05-21,435.255
142,2016-05-22,438.551
143,2016-05-23,437.45
144,2016-05-24,442.99
145,2016-05-25,444.516
146,2016-05-26,448.3
147,2016-05-27,452.409
148,2016-05-28,471.471
149,2016-05-29,522.0
150,2016-05-30,518.982
151,2016-05-31,529.0
152,2016-06-01,531.19
153,2016-06-02,535.565
154,2016-06-03,537.122
155,2016-06-04,569.0
156,2016-06-05,572.447
157,2016-06-06,574.074
158,2016-06-07,585.0
159,2016-06-08,578.2
160,2016-06-09,581.98
161,2016-06-10,575.014
162,2016-06-11,579.77
163,2016-06-12,609.421
164,2016-06-13,667.063
165,2016-06-14,703.369
166,2016-06-15,685.75
167,2016-06-16,696.0
168,2016-06-17,763.008
169,2016-06-18,749.67
170,2016-06-19,758.11
171,2016-06-20,765.49
172,2016-06-21,735.39
173,2016-06-22,667.725
174,2016-06-23,601.936
175,2016-06-24,627.375
176,2016-06-25,672.203
177,2016-06-26,673.893
178,2016-06-27,630.0
179,2016-06-28,663.498
180,2016-06-29,649.322
181,2016-06-30,643.119
182,2016-07-01,671.524
183,2016-07-02,674.0
184,2016-07-03,702.31
185,2016-07-04,655.84
186,2016-07-05,675.788
187,2016-07-06,669.21
188,2016-07-07,677.1
189,2016-07-08,640.4
190,2016-07-09,671.436
191,2016-07-10,652.0
192,2016-07-11,650.07
193,2016-07-12,650.78
194,2016-07-13,666.0
195,2016-07-14,655.11
196,2016-07-15,662.99
197,2016-07-16,665.15
198,2016-07-17,665.0
199,2016-07-18,681.86
200,2016-07-19,674.79
201,2016-07-20,673.092
202,2016-07-21,666.161
203,2016-07-22,665.88
204,2016-07-23,651.15
205,2016-07-24,657.718
206,2016-07-25,663.366
207,2016-07-26,651.871
208,2016-07-27,650.0
209,2016-07-28,656.979
210,2016-07-29,656.08
211,2016-07-30,656.86
212,2016-07-31,655.72
213,2016-08-01,622.57
214,2016-08-02,602.551
215,2016-08-03,540.0
216,2016-08-04,569.82
217,2016-08-05,582.683
218,2016-08-06,575.64
219,2016-08-07,591.758
220,2016-08-08,595.0
221,2016-08-09,591.831
222,2016-08-10,586.22
223,2016-08-11,591.0
224,2016-08-12,588.01
225,2016-08-13,588.32
226,2016-08-14,584.82
227,2016-08-15,570.56
228,2016-08-16,566.521
229,2016-08-17,579.61
230,2016-08-18,573.28
231,2016-08-19,575.56
232,2016-08-20,572.9
233,2016-08-21,582.15
234,2016-08-22,581.53
235,2016-08-23,584.99
236,2016-08-24,583.38
237,2016-08-25,582.109
238,2016-08-26,576.94
239,2016-08-27,579.36
240,2016-08-28,570.22
241,2016-08-29,576.044
242,2016-08-30,575.492
243,2016-08-31,578.96
244,2016-09-01,574.22
245,2016-09-02,572.0
246,2016-09-03,575.02
247,2016-09-04,601.0
248,2016-09-05,609.74
249,2016-09-06,0.0
250,2016-09-07,612.002
251,2016-09-08,617.335
252,2016-09-09,630.039
253,2016-09-10,626.1
254,2016-09-11,624.889
255,2016-09-12,609.153
256,2016-09-13,611.107
257,2016-09-14,615.289
258,2016-09-15,610.371
259,2016-09-16,609.962
260,2016-09-17,608.0
261,2016-09-18,606.8
262,2016-09-19,611.989
263,2016-09-20,609.2
264,2016-09-21,603.8
265,2016-09-22,0.0
266,2016-09-23,595.37
267,2016-09-24,0.0
268,2016-09-25,603.999
269,2016-09-26,599.998
270,2016-09-27,608.979
271,2016-09-28,606.505
272,2016-09-29,604.999
273,2016-09-30,607.305
274,2016-10-01,612.5
275,2016-10-02,0.0
276,2016-10-03,611.837
277,2016-10-04,613.597
278,2016-10-05,612.0
279,2016-10-06,614.956
280,2016-10-07,614.996
281,2016-10-08,618.529
282,2016-10-09,620.79
283,2016-10-10,616.509
284,2016-10-11,618.76
285,2016-10-12,643.355
286,2016-10-13,635.28
287,2016-10-14,634.243
288,2016-10-15,640.61
289,2016-10-16,640.74
290,2016-10-17,643.28
291,2016-10-18,640.976
292,2016-10-19,636.97
293,2016-10-20,631.5
294,2016-10-21,630.05
295,2016-10-22,634.43
296,2016-10-23,661.223
297,2016-10-24,657.683
298,2016-10-25,652.63
299,2016-10-26,655.889
300,2016-10-27,677.318
301,2016-10-28,686.788
302,2016-10-29,690.0
303,2016-10-30,713.978
304,2016-10-31,700.917
305,2016-11-01,698.919
306,2016-11-02,733.744
307,2016-11-03,747.07
308,2016-11-04,692.179
309,2016-11-05,706.036
310,2016-11-06,706.478
311,2016-11-07,715.497
312,2016-11-08,707.345
313,2016-11-09,712.5
314,2016-11-10,722.4
315,2016-11-11,714.0
316,2016-11-12,717.485
317,2016-11-13,704.0
318,2016-11-14,701.67
319,2016-11-15,706.994
320,2016-11-16,711.31
321,2016-11-17,741.603
322,2016-11-18,739.089
323,2016-11-19,752.232
324,2016-11-20,751.99
325,2016-11-21,729.677
326,2016-11-22,737.69
327,2016-11-23,749.76
328,2016-11-24,741.98
329,2016-11-25,738.44
330,2016-11-26,742.14
331,2016-11-27,733.17
332,2016-11-28,729.93
333,2016-11-29,734.17
334,2016-11-30,732.0
335,2016-12-01,742.396
336,2016-12-02,752.489
337,2016-12-03,773.499
338,2016-12-04,764.745
339,2016-12-05,769.0
340,2016-12-06,752.079
341,2016-12-07,758.383
342,2016-12-08,765.011
343,2016-12-09,768.288
344,2016-12-10,771.668
345,2016-12-11,775.0
346,2016-12-12,771.681
347,2016-12-13,778.074
348,2016-12-14,778.72
349,2016-12-15,777.559
350,2016-12-16,778.11
351,2016-12-17,785.41
352,2016-12-18,792.969
353,2016-12-19,794.041
354,2016-12-20,792.52
355,2016-12-21,801.249
356,2016-12-22,830.0
357,2016-12-23,860.0
358,2016-12-24,918.19
359,2016-12-25,895.47
360,2016-12-26,896.799
361,2016-12-27,901.501
362,2016-12-28,933.0
363,2016-12-29,978.001
364,2016-12-30,974.32
365,2016-12-31,960.769
366,2017-01-01,967.45
367,2017-01-02,996.121
368,2017-01-03,1017.791
369,2017-01-04,1038.25
370,2017-01-05,1133.219
371,2017-01-06,1005.989
372,2017-01-07,895.723
373,2017-01-08,908.0
374,2017-01-09,916.939
375,2017-01-10,905.01
376,2017-01-11,909.516
377,2017-01-12,789.884
378,2017-01-13,807.794
379,2017-01-14,832.88
380,2017-01-15,818.79
381,2017-01-16,827.139
382,2017-01-17,832.806
383,2017-01-18,906.393
384,2017-01-19,892.312
385,2017-01-20,900.501
386,2017-01-21,898.619
387,2017-01-22,925.298
388,2017-01-23,925.01
389,2017-01-24,917.968
390,2017-01-25,887.845
391,2017-01-26,896.89
392,2017-01-27,914.926
393,2017-01-28,922.299
394,2017-01-29,918.384
395,2017-01-30,915.702
396,2017-01-31,920.58
397,2017-02-01,969.739
398,2017-02-02,988.789
399,2017-02-03,1009.996
400,2017-02-04,1016.297
401,2017-02-05,1032.039
402,2017-02-06,1017.86
403,2017-02-07,1027.01
404,2017-02-08,1050.998
405,2017-02-09,1055.838
406,2017-02-10,988.3
407,2017-02-11,1002.726
408,2017-02-12,1011.004
409,2017-02-13,1001.017
410,2017-02-14,996.394
411,2017-02-15,1016.472
412,2017-02-16,1015.75
413,2017-02-17,1038.501
414,2017-02-18,1052.065
415,2017-02-19,1058.909
416,2017-02-20,1055.61
417,2017-02-21,1085.45
418,2017-02-22,1128.458
419,2017-02-23,1125.679
420,2017-02-24,1182.0
421,2017-02-25,1185.0
422,2017-02-26,1146.834
423,2017-02-27,1167.0
424,2017-02-28,1190.212
425,2017-03-01,1180.0
426,2017-03-02,1225.0
427,2017-03-03,1254.0
428,2017-03-04,1276.999
429,2017-03-05,1261.266
430,2017-03-06,1267.984
431,2017-03-07,1275.0
432,2017-03-08,1224.917
433,2017-03-09,1143.388
434,2017-03-10,1187.194
435,2017-03-11,1111.0
436,2017-03-12,1174.969
437,2017-03-13,1224.369
438,2017-03-14,1230.0
439,2017-03-15,1243.995
440,2017-03-16,1252.92
441,2017-03-17,1165.1
442,2017-03-18,1021.16
443,2017-03-19,954.988
444,2017-03-20,1017.937
445,2017-03-21,1029.999
446,2017-03-22,1109.99
447,2017-03-23,1032.01
448,2017-03-24,1024.03
449,2017-03-25,921.717
450,2017-03-26,951.079
451,2017-03-27,958.791
452,2017-03-28,1039.851
453,2017-03-29,1043.281
454,2017-03-30,1043.43
455,2017-03-31,1040.0
456,2017-04-01,1079.78
457,2017-04-02,1091.726
458,2017-04-03,1107.456
459,2017-04-04,1148.428
460,2017-04-05,1141.998
461,2017-04-06,1138.16
462,2017-04-07,1191.56
463,2017-04-08,1191.88
464,2017-04-09,1182.47
465,2017-04-10,1211.0
466,2017-04-11,1211.23
467,2017-04-12,1223.499
468,2017-04-13,1219.149
469,2017-04-14,1174.13
470,2017-04-15,1187.991
471,2017-04-16,1175.008
472,2017-04-17,1180.998
473,2017-04-18,1197.5
474,2017-04-19,1202.378
475,2017-04-20,1204.2
476,2017-04-21,1241.877
477,2017-04-22,1248.999
478,2017-04-23,1235.488
479,2017-04-24,1242.48
480,2017-04-25,1251.596
481,2017-04-26,1276.07
482,2017-04-27,1290.521
483,2017-04-28,1335.493
484,2017-04-29,1328.64
485,2017-04-30,1335.926
486,2017-05-01,1350.717
487,2017-05-02,1397.234
488,2017-05-03,1455.2
489,2017-05-04,1513.599
490,2017-05-05,1535.415
491,2017-05-06,1518.031
492,2017-05-07,1535.422
493,2017-05-08,1500.05
494,2017-05-09,1670.059
495,2017-05-10,1721.749
496,2017-05-11,1782.0
497,2017-05-12,1836.059
498,2017-05-13,1698.188
499,2017-05-14,1783.57
500,2017-05-15,1788.04
501,2017-05-16,1739.75
502,2017-05-17,1786.85
503,2017-05-18,1836.056
504,2017-05-19,1900.0
505,2017-05-20,1961.793
506,2017-05-21,2039.114
507,2017-05-22,2011.106
508,2017-05-23,2085.992
509,2017-05-24,2233.975
510,2017-05-25,2408.24
511,2017-05-26,2259.2
512,2017-05-27,2203.709
513,2017-05-28,2008.0
514,2017-05-29,2137.213
515,2017-05-30,2248.427
516,2017-05-31,2159.096
517,2017-06-01,2291.301
518,2017-06-02,2399.981
519,2017-06-03,2487.183
520,2017-06-04,2549.719
521,2017-06-05,2522.01
522,2017-06-06,2690.0
523,2017-06-07,2871.9
524,2017-06-08,2690.001
525,2017-06-09,2811.631
526,2017-06-10,2816.467
527,2017-06-11,2816.269
528,2017-06-12,2924.879
529,2017-06-13,2609.442
530,2017-06-14,2710.0
531,2017-06-15,2452.686
532,2017-06-16,2428.707
533,2017-06-17,2470.303
534,2017-06-18,2642.243
535,2017-06-19,2497.762
536,2017-06-20,2584.858
537,2017-06-21,2705.1
538,2017-06-22,2644.968
539,2017-06-23,2684.981
540,2017-06-24,2668.0
541,2017-06-25,2548.688
542,2017-06-26,2490.126
543,2017-06-27,2405.0
544,2017-06-28,2538.01
545,2017-06-29,2554.021
546,2017-06-30,2526.074
547,2017-07-01,2445.0
548,2017-07-02,2393.0
549,2017-07-03,2505.571
550,2017-07-04,2546.73
551,2017-07-05,2599.071
552,2017-07-06,2611.387
553,2017-07-07,2605.641
554,2017-07-08,2506.928
555,2017-07-09,2547.847
556,2017-07-10,2499.001
557,2017-07-11,2339.229
558,2017-07-12,2302.2
559,2017-07-13,2373.846
560,2017-07-14,2338.146
561,2017-07-15,2216.362
562,2017-07-16,1972.07
563,2017-07-17,1907.239
564,2017-07-18,2217.0
565,2017-07-19,2310.8
566,2017-07-20,2254.998
567,2017-07-21,2850.0
568,2017-07-22,2670.0
569,2017-07-23,2831.131
570,2017-07-24,2761.2
571,2017-07-25,2752.1
572,2017-07-26,2556.002
573,2017-07-27,2525.0
574,2017-07-28,2675.392
575,2017-07-29,2800.0
576,2017-07-30,2715.999
577,2017-07-31,2797.7
578,2017-08-01,2876.133
579,2017-08-02,2727.027
580,2017-08-03,2700.8
581,2017-08-04,2797.034
582,2017-08-05,2875.968
583,2017-08-06,3256.31
584,2017-08-07,3235.032
585,2017-08-08,3395.0
586,2017-08-09,3430.52
587,2017-08-10,3371.878
588,2017-08-11,3433.99
589,2017-08-12,3670.0
590,2017-08-13,3884.626
591,2017-08-14,4084.0
592,2017-08-15,4355.662
593,2017-08-16,4172.2
594,2017-08-17,4388.0
595,2017-08-18,4291.0
596,2017-08-19,4141.0
597,2017-08-20,4179.733
598,2017-08-21,4078.244
599,2017-08-22,3999.884
600,2017-08-23,4104.9
601,2017-08-24,4151.0
602,2017-08-25,4334.682
603,2017-08-26,4390.989
604,2017-08-27,4351.749
605,2017-08-28,4338.459
606,2017-08-29,4387.828
607,2017-08-30,4590.169
608,2017-08-31,4579.75
609,2017-09-01,4737.27
610,2017-09-02,4919.9
611,2017-09-03,4630.4
612,2017-09-04,4644.99
613,2017-09-05,4344.11
614,2017-09-06,4464.03
615,2017-09-07,4641.6
616,2017-09-08,4660.0
617,2017-09-09,4385.0
618,2017-09-10,4354.7
619,2017-09-11,4287.1
620,2017-09-12,4226.2
621,2017-09-13,4171.3
622,2017-09-14,3882.2
623,2017-09-15,3254.2
624,2017-09-16,3739.6
625,2017-09-17,3716.4
626,2017-09-18,3719.0
627,2017-09-19,4091.5
628,2017-09-20,3911.3
629,2017-09-21,3863.1
630,2017-09-22,3623.9
631,2017-09-23,3599.8
632,2017-09-24,3788.3
633,2017-09-25,3672.7
634,2017-09-26,3924.0
635,2017-09-27,3885.9
636,2017-09-28,4213.8
637,2017-09-29,4190.0
638,2017-09-30,4157.1
639,2017-10-01,4344.0
640,2017-10-02,4383.8
641,2017-10-03,4401.7
642,2017-10-04,4309.1
643,2017-10-05,4223.6
644,2017-10-06,4324.2
645,2017-10-07,4363.1
646,2017-10-08,4432.0
647,2017-10-09,4594.8
648,2017-10-10,4772.7
649,2017-10-11,4745.0
650,2017-10-12,4822.6
651,2017-10-13,5429.9
652,2017-10-14,5639.8
653,2017-10-15,5800.0
654,2017-10-16,5673.3
655,2017-10-17,5738.8
656,2017-10-18,5606.5
657,2017-10-19,5580.1
658,2017-10-20,5695.3
659,2017-10-21,6000.0
660,2017-10-22,6043.0
661,2017-10-23,5997.6
662,2017-10-24,5902.8
663,2017-10-25,5545.5
664,2017-10-26,5761.0
665,2017-10-27,5890.6
666,2017-10-28,5793.8
667,2017-10-29,5750.0
668,2017-10-30,6130.0
669,2017-10-31,6124.5
670,2017-11-01,6430.5
671,2017-11-02,6741.9
672,2017-11-03,6997.5
673,2017-11-04,7160.0
674,2017-11-05,7369.8
675,2017-11-06,7374.7
676,2017-11-07,6970.3
677,2017-11-08,7128.1
678,2017-11-09,7463.5
679,2017-11-10,7152.4
680,2017-11-11,6583.0
681,2017-11-12,6330.0
682,2017-11-13,5880.0
683,2017-11-14,6528.0
684,2017-11-15,6660.6
685,2017-11-16,7260.0
686,2017-11-17,7754.5
687,2017-11-18,7695.7
688,2017-11-19,7786.0
689,2017-11-20,8000.0
690,2017-11-21,8234.1
691,2017-11-22,8113.1
692,2017-11-23,8250.6
693,2017-11-24,8030.0
694,2017-11-25,8173.1
695,2017-11-26,8690.0
696,2017-11-27,9174.3
697,2017-11-28,9590.4
698,2017-11-29,9800.0
699,2017-11-30,9733.1
700,2017-12-01,10088.3
701,2017-12-02,10896.1
702,2017-12-03,10901.0
703,2017-12-04,11235.1
704,2017-12-05,11638.0
705,2017-12-06,11730.0
706,2017-12-07,13737.7
707,2017-12-08,15899.0
708,2017-12-09,15921.9
709,2017-12-10,14682.9
710,2017-12-11,14850.3
711,2017-12-12,16578.0
712,2017-12-13,16889.3
713,2017-12-14,16135.3
714,2017-12-15,16376.1
715,2017-12-16,17500.0
716,2017-12-17,19356.9
717,2017-12-18,18920.6
718,2017-12-19,18833.1
719,2017-12-20,17593.7
720,2017-12-21,16220.7
721,2017-12-22,15199.3
722,2017-12-23,13874.1
723,2017-12-24,14560.9
724,2017-12-25,13750.0
725,2017-12-26,13865.0
726,2017-12-27,15814.5
727,2017-12-28,15445.9
728,2017-12-29,14548.8
729,2017-12-30,14400.8
730,2017-12-31,12600.0
731,2018-01-01,13979.7
732,2018-01-02,13506.1
733,2018-01-03,14882.0
734,2018-01-04,15185.7
735,2018-01-05,15258.3
736,2018-01-06,16990.0
737,2018-01-07,17088.0
738,2018-01-08,16128.4
739,2018-01-09,15016.9
740,2018-01-10,14515.4
741,2018-01-11,14937.6
742,2018-01-12,13503.6
743,2018-01-14,14400.0
744,2018-01-15,13711.3
745,2018-01-16,13608.3
746,2018-01-17,11533.2
747,2018-01-18,11185.0
748,2018-01-19,11286.0
749,2018-01-20,11598.1
750,2018-01-21,12840.1
751,2018-01-22,11556.0
752,2018-01-23,10818.0
753,2018-01-24,10849.9
754,2018-01-25,11419.8
755,2018-01-26,11159.3
756,2018-01-27,11080.8
757,2018-01-28,11380.2
758,2018-01-29,11629.9
759,2018-01-30,11150.0
760,2018-01-31,9979.9
761,2018-02-01,10100.0
762,2018-02-02,9045.8
763,2018-02-03,8772.6
764,2018-02-04,9178.0
765,2018-02-05,8130.2
766,2018-02-06,6843.7
767,2018-02-07,7676.1
768,2018-02-08,7559.1
769,2018-02-09,8240.6
770,2018-02-10,8680.1
771,2018-02-11,8555.6
772,2018-02-12,8063.8
773,2018-02-13,8897.8
774,2018-02-14,8517.7
775,2018-02-15,9489.7
776,2018-02-16,10044.4
777,2018-02-17,10188.5
778,2018-02-18,11111.0
779,2018-02-19,10430.0
780,2018-02-20,11165.1
781,2018-02-21,11242.3
782,2018-02-22,10468.1
783,2018-02-23,9840.2
784,2018-02-24,10149.1
785,2018-02-25,9688.0
786,2018-02-26,9580.0
787,2018-02-27,10321.8
788,2018-02-28,10555.0
789,2018-03-01,10309.9
790,2018-03-02,10920.0
791,2018-03-03,11031.3
792,2018-03-04,11428.0
793,2018-03-05,11505.6
794,2018-03-06,11432.5
795,2018-03-07,10731.5
796,2018-03-08,9903.0
797,2018-03-09,9279.9
798,2018-03-10,9220.8
799,2018-03-11,8752.0
800,2018-03-12,9526.2
801,2018-03-13,9102.8
802,2018-03-14,9141.3
803,2018-03-15,8174.2
804,2018-03-16,8249.2
805,2018-03-17,8260.0
806,2018-03-18,7843.4
807,2018-03-19,8183.2
808,2018-03-20,8610.2
809,2018-03-21,8912.0
810,2018-03-22,8880.3
811,2018-03-23,8711.5
812,2018-03-24,8917.4
813,2018-03-25,8532.7
814,2018-03-26,8444.4
815,2018-03-27,8137.8
816,2018-03-28,7786.7
817,2018-03-29,7943.3
818,2018-03-30,7080.1
819,2018-03-31,6804.0
820,2018-04-01,6911.5
821,2018-04-02,6810.0
822,2018-04-03,7054.7
823,2018-04-04,7414.8
824,2018-04-05,6790.4
825,2018-04-06,6763.5
826,2018-04-07,6616.2
827,2018-04-08,6893.1
828,2018-04-09,7014.5
829,2018-04-10,6773.4
830,2018-04-11,6829.9
831,2018-04-12,6940.9
832,2018-04-13,7919.9
833,2018-04-14,7880.5
834,2018-04-15,8004.9
835,2018-04-16,8363.3
836,2018-04-17,8057.1
837,2018-04-18,7893.1
838,2018-04-19,8170.0
839,2018-04-20,8275.7
840,2018-04-21,8875.0
841,2018-04-22,8944.6
842,2018-04-23,8811.8
843,2018-04-24,8954.1
844,2018-04-25,9652.2
845,2018-04-26,8855.7
846,2018-04-27,9291.4
847,2018-04-28,8917.8
848,2018-04-29,9339.2
849,2018-04-30,9411.2
850,2018-05-01,9243.2
851,2018-05-02,9081.3
852,2018-05-03,9217.1
853,2018-05-04,9735.9
854,2018-05-05,9688.9
855,2018-05-06,9795.0
856,2018-05-07,9604.9
857,2018-05-08,9360.6
858,2018-05-09,9172.7
859,2018-05-10,9305.4
860,2018-05-11,9011.0
861,2018-05-12,8407.8
862,2018-05-13,8479.0
863,2018-05-14,8698.2
864,2018-05-15,8660.8
865,2018-05-16,8462.8
866,2018-05-17,8345.8
867,2018-05-18,8063.4
868,2018-05-19,8231.9
869,2018-05-20,8233.8
870,2018-05-21,8518.9
871,2018-05-22,8390.8
872,2018-05-23,7989.1
873,2018-05-24,7500.3
874,2018-05-25,7572.0
875,2018-05-26,7466.0
876,2018-05-27,7330.0
877,2018-05-28,7325.9
878,2018-05-29,7102.6
879,2018-05-30,7462.6
880,2018-05-31,7374.9
881,2018-06-01,7485.6
882,2018-06-02,7504.2
883,2018-06-03,7636.1
884,2018-06-04,7716.8
885,2018-06-05,7495.5
886,2018-06-06,7622.0
887,2018-06-07,7659.8
888,2018-06-08,7679.4
889,2018-06-09,7611.9
890,2018-06-10,7495.1
891,2018-06-11,6767.9
892,2018-06-12,6877.0
893,2018-06-13,6547.2
894,2018-06-14,6294.2
895,2018-06-15,6640.7
896,2018-06-16,6387.6
897,2018-06-17,6481.4
898,2018-06-18,6440.8
899,2018-06-19,6706.6
900,2018-06-20,6740.2
901,2018-06-21,6755.4
902,2018-06-22,6716.1
903,2018-06-23,6055.5
904,2018-06-24,6154.1
905,2018-06-25,6150.1
906,2018-06-26,6245.5
907,2018-06-27,6081.3
908,2018-06-28,6134.2
909,2018-06-29,5858.6
910,2018-06-30,6196.9
911,2018-07-01,6387.9
912,2018-07-02,6345.8
913,2018-07-03,6617.7
914,2018-07-04,6495.5
915,2018-07-05,6584.2
916,2018-07-06,6530.0
917,2018-07-07,6595.4
918,2018-07-08,6755.1
919,2018-07-09,6704.7
920,2018-07-10,6662.5
921,2018-07-11,6304.6
922,2018-07-12,6377.9
923,2018-07-13,6242.5
924,2018-07-14,6214.9
925,2018-07-15,6250.4
926,2018-07-16,6337.4
927,2018-07-17,6727.0
928,2018-07-18,7316.9
929,2018-07-19,7379.9
930,2018-07-20,7472.3
931,2018-07-21,7320.0
932,2018-07-22,7396.7
933,2018-07-23,7401.1
934,2018-07-24,7720.0
935,2018-07-25,8389.3
936,2018-07-26,8166.0
937,2018-07-27,7929.2
938,2018-07-28,8177.0
939,2018-07-29,8230.8
940,2018-07-30,8213.5
941,2018-07-31,8172.3
942,2018-08-01,7726.0
943,2018-08-02,7604.1
944,2018-08-03,7534.8
945,2018-08-04,7415.0
946,2018-08-05,7021.8
947,2018-08-06,7026.9
948,2018-08-07,6935.7
949,2018-08-08,6717.8
950,2018-08-09,6275.9
951,2018-08-10,6531.8
952,2018-08-11,6141.4
953,2018-08-12,6231.8
954,2018-08-13,6312.1
955,2018-08-14,6250.0
956,2018-08-15,6196.8
957,2018-08-16,6269.5
958,2018-08-17,6316.0
959,2018-08-18,6589.2
960,2018-08-19,6400.0
961,2018-08-20,6477.6
962,2018-08-21,6257.2
963,2018-08-22,6474.7
964,2018-08-23,6350.0
965,2018-08-24,6527.2
966,2018-08-25,6693.3
967,2018-08-26,6732.3
968,2018-08-27,6710.0
969,2018-08-28,6909.0
970,2018-08-29,7076.7
971,2018-08-30,7022.7
972,2018-08-31,6983.1
973,2018-09-01,7015.8
974,2018-09-02,7191.3
975,2018-09-03,7294.5
976,2018-09-04,7256.1
977,2018-09-05,7359.3
978,2018-09-06,6684.5
979,2018-09-07,6494.8
980,2018-09-08,6397.6
981,2018-09-09,6183.2
982,2018-09-10,6231.4
983,2018-09-11,6304.5
984,2018-09-12,6282.3
985,2018-09-13,6319.5
986,2018-09-14,6487.1
987,2018-09-15,6482.9
988,2018-09-16,6520.0
989,2018-09-17,6497.9
990,2018-09-18,6250.0
991,2018-09-19,6330.5
992,2018-09-20,6391.0
993,2018-09-21,6491.2
994,2018-09-22,6755.0
995,2018-09-23,6713.4
996,2018-09-24,6700.0
997,2018-09-25,6579.2
998,2018-09-26,6435.0
999,2018-09-27,6453.5
1000,2018-09-28,6683.8
1001,2018-09-29,6622.3
1002,2018-09-30,6582.7
1003,2018-10-01,6604.1
1004,2018-10-02,6572.6
1005,2018-10-03,6500.0
1006,2018-10-04,6463.9
1007,2018-10-05,6547.5
1008,2018-10-06,6580.1
1009,2018-10-07,6550.0
1010,2018-10-08,6570.5
1011,2018-10-09,6610.1
1012,2018-10-10,6592.5
1013,2018-10-11,6530.4
1014,2018-10-12,6150.1
1015,2018-10-13,6192.0
1016,2018-10-14,6197.9
1017,2018-10-15,6181.9
1018,2018-10-16,6438.5
1019,2018-10-17,6460.4
1020,2018-10-18,6442.5
1021,2018-10-19,6395.4
1022,2018-10-20,6384.2
1023,2018-10-21,6412.3
1024,2018-10-22,6410.0
1025,2018-10-23,6409.6
1026,2018-10-24,6394.4
1027,2018-10-25,6413.9
1028,2018-10-26,6393.9
1029,2018-10-27,6409.3
1030,2018-10-28,6410.4
1031,2018-10-29,6408.1
1032,2018-10-30,6266.3
1033,2018-10-31,6275.0
1034,2018-11-01,6307.5
1035,2018-11-02,6339.9
1036,2018-11-03,6346.2
1037,2018-11-04,6331.3
1038,2018-11-05,6419.9
1039,2018-11-06,6405.9
1040,2018-11-07,6451.3
1041,2018-11-08,6503.3
1042,2018-11-09,6408.8
1043,2018-11-10,6335.4
1044,2018-11-11,6349.0
1045,2018-11-12,6358.2
1046,2018-11-13,6327.3
1047,2018-11-14,6260.0
1048,2018-11-15,5602.7
1049,2018-11-16,5570.6
1050,2018-11-17,5514.4
1051,2018-11-18,5499.3
1052,2018-11-19,5560.9
1053,2018-11-20,4741.2
1054,2018-11-21,4361.4
1055,2018-11-22,4548.2
1056,2018-11-23,4269.4
1057,2018-11-24,4286.4
1058,2018-11-25,3780.0
1059,2018-11-26,3931.0
1060,2018-11-27,3727.1
1061,2018-11-28,3774.2
1062,2018-11-29,4219.8
1063,2018-11-30,4241.7
1064,2018-12-01,3969.4
1065,2018-12-02,4136.2
1066,2018-12-03,4101.9
1067,2018-12-04,3832.4
1068,2018-12-05,3904.7
1069,2018-12-06,3688.0
1070,2018-12-07,3430.5
1071,2018-12-08,3379.3
1072,2018-12-09,3396.9
1073,2018-12-10,3539.5
1074,2018-12-11,3408.0
1075,2018-12-12,3348.1
1076,2018-12-13,3435.2
1077,2018-12-14,3260.0
1078,2018-12-15,3192.9
1079,2018-12-16,3180.1
1080,2018-12-17,3189.7
1081,2018-12-18,3502.0
1082,2018-12-19,3669.1
1083,2018-12-20,3683.6
1084,2018-12-21,4074.4
1085,2018-12-22,3838.5
1086,2018-12-23,3981.3
1087,2018-12-24,3940.2
1088,2018-12-25,4033.6
1089,2018-12-26,3778.5
1090,2018-12-27,3808.2
1091,2018-12-28,3588.6
1092,2018-12-29,3890.5
1093,2018-12-30,3720.0
1094,2018-12-31,3832.4
1095,2019-01-01,3691.9
1096,2019-01-02,3820.1
1097,2019-01-03,3886.2
1098,2019-01-04,3786.5
1099,2019-01-05,3823.7
1100,2019-01-06,3796.6
1101,2019-01-07,4041.1
1102,2019-01-08,4005.3
1103,2019-01-09,3993.0
1104,2019-01-10,3999.9
1105,2019-01-11,3623.5
1106,2019-01-12,3635.1
1107,2019-01-13,3616.5
1108,2019-01-14,3512.6
1109,2019-01-15,3664.9
1110,2019-01-16,3587.0
1111,2019-01-17,3606.6
1112,2019-01-18,3644.0
1113,2019-01-19,3612.2
1114,2019-01-20,3683.0
1115,2019-01-21,3529.9
1116,2019-01-22,3533.4
1117,2019-01-23,3575.8
1118,2019-01-24,3556.1
1119,2019-01-25,3571.3
1120,2019-01-26,3560.1
1121,2019-01-27,3556.2
1122,2019-01-28,3533.4
1123,2019-01-29,3431.0
1124,2019-01-30,3395.0
1125,2019-01-31,3435.4
1126,2019-02-01,3409.6
1127,2019-02-02,3437.2
1128,2019-02-03,3466.0
1129,2019-02-04,3415.2
1130,2019-02-05,3413.9
1131,2019-02-06,3429.5
1132,2019-02-07,3367.4
1133,2019-02-08,3360.3
1134,2019-02-09,3622.0
1135,2019-02-10,3625.7
1136,2019-02-11,3647.1
1137,2019-02-12,3591.7
1138,2019-02-13,3588.9
1139,2019-02-14,3574.0
1140,2019-02-15,3562.3
1141,2019-02-16,3567.4
1142,2019-02-17,3580.1
1143,2019-02-18,3625.1
1144,2019-02-19,3870.7
1145,2019-02-20,3888.5
1146,2019-02-21,3942.0
1147,2019-02-22,3897.1
1148,2019-02-23,3940.5
1149,2019-02-24,4113.3
1150,2019-02-25,3732.2
1151,2019-02-26,3819.8
1152,2019-02-27,3796.2
1153,2019-02-28,3799.1
1154,2019-03-01,3793.7
1155,2019-03-02,3804.7
1156,2019-03-03,3809.9
1157,2019-03-04,3785.7
1158,2019-03-05,3700.1
1159,2019-03-06,3844.9
1160,2019-03-07,3851.7
1161,2019-03-08,3854.0
1162,2019-03-09,3844.3
1163,2019-03-10,3919.2
1164,2019-03-11,3897.9
1165,2019-03-12,3850.7
1166,2019-03-13,3863.1
1167,2019-03-14,3853.4
1168,2019-03-15,3853.9
1169,2019-03-16,3900.2
1170,2019-03-17,3989.2
1171,2019-03-18,3965.0
1172,2019-03-19,3969.6
1173,2019-03-20,4000.0
1174,2019-03-21,4032.1
1175,2019-03-22,3972.4
1176,2019-03-23,3982.1
1177,2019-03-24,3982.5
1178,2019-03-25,3969.3
1179,2019-03-26,3905.9
1180,2019-03-27,3918.9
1181,2019-03-28,4025.8
1182,2019-03-29,4013.8
1183,2019-03-30,4088.9
1184,2019-03-31,4090.9
1185,2019-04-01,4095.2
1186,2019-04-02,4137.8
1187,2019-04-03,4902.9
1188,2019-04-04,4972.2
1189,2019-04-05,4905.7
1190,2019-04-06,5038.1
1191,2019-04-07,5044.4
1192,2019-04-08,5194.2
1193,2019-04-09,5285.1
1194,2019-04-10,5190.8
1195,2019-04-11,5321.0
1196,2019-04-12,5041.7
1197,2019-04-13,5078.8
1198,2019-04-14,5065.6
1199,2019-04-15,5158.4
1200,2019-04-16,5034.8
1201,2019-04-17,5204.1
1202,2019-04-18,5224.9
1203,2019-04-19,5282.8
1204,2019-04-20,5286.0
1205,2019-04-21,5316.5
1206,2019-04-22,5297.0
1207,2019-04-23,5384.0
1208,2019-04-24,5525.4
1209,2019-04-25,5442.2
1210,2019-04-26,5128.7
1211,2019-04-27,5153.0
1212,2019-04-28,5168.5
1213,2019-04-29,5156.1
1214,2019-04-30,5149.0
1215,2019-05-01,5272.2
1216,2019-05-02,5323.3
1217,2019-05-03,5390.0
1218,2019-05-04,5660.0
1219,2019-05-05,5763.5
1220,2019-05-06,5716.9
1221,2019-05-07,5687.4
1222,2019-05-08,5744.0
1223,2019-05-09,5939.6
1224,2019-05-10,6151.4
1225,2019-05-11,6337.9
1226,2019-05-12,7209.9
1227,2019-05-13,6973.9
1228,2019-05-14,7816.3
1229,2019-05-15,7993.7
1230,2019-05-16,8203.0
1231,2019-05-17,7880.7
1232,2019-05-18,7350.0
1233,2019-05-19,7266.8
1234,2019-05-20,8194.9
1235,2019-05-21,8005.0
1236,2019-05-22,7951.9
1237,2019-05-23,7622.1
1238,2019-05-24,7878.9
1239,2019-05-25,8000.0
1240,2019-05-26,8066.5
1241,2019-05-27,8736.3
1242,2019-05-28,8778.7
1243,2019-05-29,8720.1
1244,2019-05-30,8663.2
1245,2019-05-31,8269.6
1246,2019-06-01,8552.9
1247,2019-06-02,8549.9
1248,2019-06-03,8742.5
1249,2019-06-04,8120.0
1250,2019-06-05,7670.0
1251,2019-06-06,7787.1
1252,2019-06-07,7804.3
1253,2019-06-08,8000.5
1254,2019-06-09,7928.7
1255,2019-06-10,7642.1
1256,2019-06-11,8019.9
1257,2019-06-12,7921.4
1258,2019-06-13,8171.0
1259,2019-06-14,8237.6
1260,2019-06-15,8694.0
1261,2019-06-16,8856.8
1262,2019-06-17,8976.1
1263,2019-06-18,9335.0
1264,2019-06-19,9080.5
1265,2019-06-20,9277.1
1266,2019-06-21,9534.3
1267,2019-06-22,10219.2
1268,2019-06-23,10663.8
1269,2019-06-24,10814.1
1270,2019-06-25,11020.6
1271,2019-06-26,11765.1
1272,2019-06-27,12933.7
1273,2019-06-28,11148.0
1274,2019-06-29,12360.0
1275,2019-06-30,11865.1
1276,2019-07-01,10752.3
1277,2019-07-02,10575.9
1278,2019-07-03,10837.3
1279,2019-07-04,11979.8
1280,2019-07-05,11148.3
1281,2019-07-06,11006.0
1282,2019-07-07,11233.5
1283,2019-07-08,11480.7
1284,2019-07-09,12298.0
1285,2019-07-10,12570.5
1286,2019-07-11,12096.2
1287,2019-07-12,11343.5
1288,2019-07-13,11798.1
1289,2019-07-14,11381.5
1290,2019-07-15,10621.1
1291,2019-07-16,10840.4
1292,2019-07-17,9420.3
1293,2019-07-18,9703.9
1294,2019-07-19,10636.6
1295,2019-07-20,10535.2
1296,2019-07-21,10774.9
1297,2019-07-22,10595.3
1298,2019-07-23,10323.9
1299,2019-07-24,9840.6
1300,2019-07-25,9769.8
1301,2019-07-26,9878.0
1302,2019-07-27,9852.0
1303,2019-07-28,9471.8
1304,2019-07-29,9531.7
1305,2019-07-30,9499.9
1306,2019-07-31,9594.1
1307,2019-08-01,10090.1
1308,2019-08-02,10408.9
1309,2019-08-03,10531.5
1310,2019-08-04,10809.9
1311,2019-08-05,10972.4
1312,2019-08-06,11799.6
1313,2019-08-07,11458.8
1314,2019-08-08,11962.7
1315,2019-08-09,11982.6
1316,2019-08-10,11857.6
1317,2019-08-11,11284.7
1318,2019-08-12,11526.7
1319,2019-08-13,11384.2
1320,2019-08-14,10857.0
1321,2019-08-15,10018.0
1322,2019-08-16,10304.5
1323,2019-08-17,10362.1
1324,2019-08-18,10211.8
1325,2019-08-19,10326.4
1326,2019-08-20,10921.8
1327,2019-08-21,10759.9
1328,2019-08-22,10125.0
1329,2019-08-23,10107.9
1330,2019-08-24,10406.3
1331,2019-08-25,10140.5
1332,2019-08-26,10134.5
1333,2019-08-27,10364.6
1334,2019-08-28,10177.3
1335,2019-08-29,9716.1
1336,2019-08-30,9484.3
1337,2019-08-31,9578.0
1338,2019-09-01,9604.3
1339,2019-09-02,9764.9
1340,2019-09-03,10389.5
1341,2019-09-04,10614.6
1342,2019-09-05,10584.9
1343,2019-09-06,10574.9
1344,2019-09-07,10311.8
1345,2019-09-08,10483.4
1346,2019-09-09,10408.6
1347,2019-09-10,10314.5
1348,2019-09-11,10094.5
1349,2019-09-12,10160.7
1350,2019-09-13,10420.0
1351,2019-09-14,10362.1
1352,2019-09-15,10363.2
1353,2019-09-16,10311.3
1354,2019-09-17,10260.6
1355,2019-09-18,10190.0
1356,2019-09-19,10157.6
1357,2019-09-20,10274.4
1358,2019-09-21,10173.3
1359,2019-09-22,9978.4
1360,2019-09-23,10029.1
1361,2019-09-24,9686.9
1362,2019-09-25,8536.7
1363,2019-09-26,8439.0
1364,2019-09-27,8060.3
1365,2019-09-28,8196.0
1366,2019-09-29,8213.5
1367,2019-09-30,8053.1
1368,2019-10-01,8310.0
1369,2019-10-02,8323.0
1370,2019-10-03,8382.3
1371,2019-10-04,8238.1
1372,2019-10-05,8152.2
1373,2019-10-06,8148.4
1374,2019-10-07,7863.0
1375,2019-10-08,8213.4
1376,2019-10-09,8189.6
1377,2019-10-10,8590.8
1378,2019-10-11,8588.6
1379,2019-10-12,8270.6
1380,2019-10-13,8305.1
1381,2019-10-14,8280.0
1382,2019-10-15,8354.6
1383,2019-10-16,8164.5
1384,2019-10-17,8000.0
1385,2019-10-18,8077.1
1386,2019-10-19,7956.4
1387,2019-10-20,7958.9
1388,2019-10-21,8240.2
1389,2019-10-22,8217.8
1390,2019-10-23,8020.6
1391,2019-10-24,7475.0
1392,2019-10-25,7428.5
1393,2019-10-26,8665.2
1394,2019-10-27,9258.2
1395,2019-10-28,9543.1
1396,2019-10-29,9218.7
1397,2019-10-30,9435.7
1398,2019-10-31,9166.2
1399,2019-11-01,9146.7
1400,2019-11-02,9258.9
1401,2019-11-03,9303.6
1402,2019-11-04,9209.3
1403,2019-11-05,9415.3
1404,2019-11-06,9315.4
1405,2019-11-07,9338.4
1406,2019-11-08,9205.0
1407,2019-11-09,8766.0
1408,2019-11-10,8812.0
1409,2019-11-11,9039.1
1410,2019-11-12,8717.0
1411,2019-11-13,8812.8
1412,2019-11-14,8762.1
1413,2019-11-15,8632.1
1414,2019-11-16,8456.0
1415,2019-11-17,8485.1
1416,2019-11-18,8503.2
1417,2019-11-19,8170.1
1418,2019-11-20,8122.1
1419,2019-11-21,8083.1
1420,2019-11-22,7619.1
1421,2019-11-23,7284.8
1422,2019-11-24,7322.6
1423,2019-11-25,6903.9
1424,2019-11-26,7127.8
1425,2019-11-27,7161.6
1426,2019-11-28,7525.9
1427,2019-11-29,7427.9
1428,2019-11-30,7756.8
1429,2019-12-01,7558.9
1430,2019-12-02,7398.4
1431,2019-12-03,7305.8
1432,2019-12-04,7294.1
1433,2019-12-05,7190.5
1434,2019-12-06,7394.0
1435,2019-12-07,7545.7
1436,2019-12-08,7509.2
1437,2019-12-09,7521.0
1438,2019-12-10,7334.5
1439,2019-12-11,7219.3
1440,2019-12-12,7202.0
1441,2019-12-13,7190.1
1442,2019-12-14,7251.9
1443,2019-12-15,7067.5
1444,2019-12-16,7113.7
1445,2019-12-17,6876.7
1446,2019-12-18,6611.1
1447,2019-12-19,7287.9
1448,2019-12-20,7149.8
1449,2019-12-21,7191.5
1450,2019-12-22,7143.5
1451,2019-12-23,7510.0
1452,2019-12-24,7324.0
1453,2019-12-25,7253.3
1454,2019-12-26,7192.1
1455,2019-12-27,7195.5
1456,2019-12-28,7246.4
1457,2019-12-29,7300.1
1458,2019-12-30,7391.0
1459,2019-12-31,7209.7
1460,2020-01-01,7168.3
1461,2020-01-02,7174.4
1462,2020-01-03,6942.3
1463,2020-01-04,7334.8
1464,2020-01-05,7350.2
1465,2020-01-06,7346.9
1466,2020-01-07,7757.3
1467,2020-01-08,8160.0
1468,2020-01-09,8043.3
1469,2020-01-10,7818.0
1470,2020-01-11,8191.9
1471,2020-01-12,8026.2
1472,2020-01-13,8177.3
1473,2020-01-14,8104.0
1474,2020-01-15,8815.5
1475,2020-01-16,8810.3
1476,2020-01-17,8717.8
1477,2020-01-18,8901.5
1478,2020-01-19,8907.7
1479,2020-01-20,8705.8
1480,2020-01-21,8629.4
1481,2020-01-22,8723.3
1482,2020-01-23,8659.0
1483,2020-01-24,8390.1
1484,2020-01-25,8426.8
1485,2020-01-26,8325.0
1486,2020-01-27,8592.7
1487,2020-01-28,8891.8
1488,2020-01-29,9399.9
1489,2020-01-30,9280.9
1490,2020-01-31,9500.0
1491,2020-02-01,9339.3
1492,2020-02-02,9377.1
1493,2020-02-03,9322.2
1494,2020-02-04,9281.0
1495,2020-02-05,9159.3
1496,2020-02-06,9616.2
1497,2020-02-07,9754.7
1498,2020-02-08,9799.6
1499,2020-02-09,9904.3
1500,2020-02-10,10160.1
1501,2020-02-11,9850.1
1502,2020-02-12,10273.2
1503,2020-02-13,10354.6
1504,2020-02-14,10241.6
1505,2020-02-15,10370.8
1506,2020-02-16,9904.6
1507,2020-02-17,9923.9
1508,2020-02-18,9702.1
1509,2020-02-19,10180.0
1510,2020-02-20,9602.2
1511,2020-02-21,9610.7
1512,2020-02-22,9698.2
1513,2020-02-23,9671.5
1514,2020-02-24,9966.1
1515,2020-02-25,9664.6
1516,2020-02-26,9309.5
1517,2020-02-27,8783.5
1518,2020-02-28,8810.3
1519,2020-02-29,8715.5
1520,2020-03-01,8529.1
1521,2020-03-02,8530.0
1522,2020-03-03,8924.7
1523,2020-03-04,8752.8
1524,2020-03-05,8758.7
1525,2020-03-06,9066.0
1526,2020-03-07,9154.9
1527,2020-03-08,8899.5
1528,2020-03-09,8035.6
1529,2020-03-10,7927.8
1530,2020-03-11,7886.9
1531,2020-03-12,7943.3
1532,2020-03-13,4850.0
1533,2020-03-14,5630.2
1534,2020-03-15,5162.2
1535,2020-03-16,5340.1
1536,2020-03-17,5042.3
1537,2020-03-18,5331.7
1538,2020-03-19,5415.2
1539,2020-03-20,6184.5
1540,2020-03-21,6206.8
1541,2020-03-22,6196.3
1542,2020-03-23,5825.5
1543,2020-03-24,6505.1
1544,2020-03-25,6769.0
1545,2020-03-26,6689.9
1546,2020-03-27,6767.0
1547,2020-03-28,6376.4
1548,2020-03-29,6251.8
1549,2020-03-30,5875.0
1550,2020-03-31,6403.2
1551,2020-04-01,6422.1
1552,2020-04-02,6662.9
1553,2020-04-03,6803.8
1554,2020-04-04,6738.6
1555,2020-04-05,6873.2
1556,2020-04-06,6779.4
1557,2020-04-07,7343.5
1558,2020-04-08,7206.2
1559,2020-04-09,7368.0
1560,2020-04-10,7294.1
1561,2020-04-11,6873.8
1562,2020-04-12,6889.6
1563,2020-04-13,6903.7
1564,2020-04-14,6861.6
1565,2020-04-15,6874.5
1566,2020-04-16,6619.8
1567,2020-04-17,7114.9
1568,2020-04-18,7034.1
1569,2020-04-19,7259.0
1570,2020-04-20,7127.6
1571,2020-04-21,6839.2
1572,2020-04-22,6852.1
1573,2020-04-23,7136.9
1574,2020-04-24,7485.0
1575,2020-04-25,7507.8
1576,2020-04-26,7550.1
1577,2020-04-27,7703.9
1578,2020-04-28,7792.4
1579,2020-04-29,7755.8
1580,2020-04-30,8779.9
1581,2020-05-01,8629.6
1582,2020-05-02,8824.6
1583,2020-05-03,8983.1
1584,2020-05-04,8905.5
1585,2020-05-05,8886.3
1586,2020-05-06,9027.4
1587,2020-05-07,9166.1
1588,2020-05-08,10001.0
1589,2020-05-09,9809.5
1590,2020-05-10,9539.7
1591,2020-05-11,8716.5
1592,2020-05-12,8570.8
1593,2020-05-13,8823.7
1594,2020-05-14,9317.1
1595,2020-05-15,9788.5
1596,2020-05-16,9312.1
1597,2020-05-17,9386.0
1598,2020-05-18,9673.0
1599,2020-05-19,9725.3
1600,2020-05-20,9779.3
1601,2020-05-21,9510.1
1602,2020-05-22,9057.3
1603,2020-05-23,9169.0
1604,2020-05-24,9178.6
1605,2020-05-25,8715.1
1606,2020-05-26,8898.1
1607,2020-05-27,8841.7
1608,2020-05-28,9213.9
1609,2020-05-29,9577.9
1610,2020-05-30,9425.0
1611,2020-05-31,9698.6
1612,2020-06-01,9447.4
1613,2020-06-02,10206.2
1614,2020-06-03,9525.4
1615,2020-06-04,9664.1
1616,2020-06-05,9791.4
1617,2020-06-06,9617.7
1618,2020-06-07,9672.0
1619,2020-06-08,9757.7
1620,2020-06-09,9780.9
1621,2020-06-10,9778.0
1622,2020-06-11,9892.4
1623,2020-06-12,9265.8
1624,2020-06-13,9460.0
1625,2020-06-14,9471.0
1626,2020-06-15,9330.4
1627,2020-06-16,9425.3
1628,2020-06-17,9528.5
1629,2020-06-18,9453.1
1630,2020-06-19,9381.5
1631,2020-06-20,9302.1
1632,2020-06-21,9355.6
1633,2020-06-22,9284.7
1634,2020-06-23,9694.0
1635,2020-06-24,9622.3
1636,2020-06-25,9282.0
1637,2020-06-26,9233.5
1638,2020-06-27,9150.3
1639,2020-06-28,9002.0
1640,2020-06-29,9113.7
1641,2020-06-30,9183.5
1642,2020-07-01,9133.9
1643,2020-07-02,9234.5
1644,2020-07-03,9086.0
1645,2020-07-04,9058.0
1646,2020-07-05,9138.5
1647,2020-07-06,9083.8
1648,2020-07-07,9348.2
1649,2020-07-08,9256.8
1650,2020-07-09,9440.1
1651,2020-07-10,9240.2
1652,2020-07-11,9286.0
1653,2020-07-12,9234.6
1654,2020-07-13,9300.0
1655,2020-07-14,9236.2
1656,2020-07-15,9252.2
1657,2020-07-16,9195.0
1658,2020-07-17,9130.9
1659,2020-07-18,9152.2
1660,2020-07-19,9174.1
1661,2020-07-20,9213.7
1662,2020-07-21,9163.0
1663,2020-07-22,9393.8
1664,2020-07-23,9529.9
1665,2020-07-24,9612.0
1666,2020-07-25,9553.6
1667,2020-07-26,9710.2
1668,2020-07-27,9939.6
1669,2020-07-28,11046.1
1670,2020-07-29,10934.0
1671,2020-07-30,11108.2
1672,2020-07-31,11114.8
1673,2020-08-01,11356.2
1674,2020-08-02,11809.9
1675,2020-08-03,11067.1
1676,2020-08-04,11237.3
1677,2020-08-05,11197.5
1678,2020-08-06,11746.0
1679,2020-08-07,11771.5
1680,2020-08-08,11603.5
1681,2020-08-09,11768.0
1682,2020-08-10,11687.5
1683,2020-08-11,11898.7
1684,2020-08-12,11391.7
1685,2020-08-13,11576.6
1686,2020-08-14,11794.6
1687,2020-08-15,11772.6
1688,2020-08-16,11858.3
1689,2020-08-17,11916.8
1690,2020-08-18,12301.7
1691,2020-08-19,11957.0
1692,2020-08-20,11757.4
1693,2020-08-21,11864.6
1694,2020-08-22,11522.7
1695,2020-08-23,11672.7
1696,2020-08-24,11652.6
1697,2020-08-25,11764.8
1698,2020-08-26,11330.0
1699,2020-08-27,11469.5
1700,2020-08-28,11327.9
1701,2020-08-29,11532.6
1702,2020-08-30,11480.9
1703,2020-08-31,11713.1
1704,2020-09-01,11656.9
1705,2020-09-02,11926.8
1706,2020-09-03,11396.9
1707,2020-09-04,10180.1
1708,2020-09-05,10463.6
1709,2020-09-06,10162.2
1710,2020-09-07,10253.1
1711,2020-09-08,10377.4
1712,2020-09-09,10123.3
1713,2020-09-10,10229.7
1714,2020-09-11,10350.1
1715,2020-09-12,10398.2
1716,2020-09-13,10447.5
1717,2020-09-14,10328.2
1718,2020-09-15,10674.9
1719,2020-09-16,10785.2
1720,2020-09-17,10951.1
1721,2020-09-18,10944.8
1722,2020-09-19,10934.7
1723,2020-09-20,11080.7
1724,2020-09-21,10918.5
1725,2020-09-22,10415.0
1726,2020-09-23,10532.5
1727,2020-09-24,10230.7
1728,2020-09-25,10740.2
1729,2020-09-26,10695.1
1730,2020-09-27,10733.3
1731,2020-09-28,10776.1
1732,2020-09-29,10694.1
1733,2020-09-30,10842.2
1734,2020-10-01,10774.9
1735,2020-10-02,10616.1
1736,2020-10-03,10574.8
1737,2020-10-04,10553.0
1738,2020-10-05,10676.4
1739,2020-10-06,10799.0
1740,2020-10-07,10605.4
1741,2020-10-08,10669.9
1742,2020-10-09,10934.1
1743,2020-10-10,11060.2
1744,2020-10-11,11301.5
1745,2020-10-12,11376.6
1746,2020-10-13,11535.8
1747,2020-10-14,11428.6
1748,2020-10-15,11433.1
1749,2020-10-16,11501.0
1750,2020-10-17,11326.9
1751,2020-10-18,11363.9
1752,2020-10-19,11508.9
1753,2020-10-20,11757.0
1754,2020-10-21,11925.4
1755,2020-10-22,12813.0
1756,2020-10-23,12984.1
1757,2020-10-24,12939.0
1758,2020-10-25,13130.9
1759,2020-10-26,13039.2
1760,2020-10-27,13080.0
1761,2020-10-28,13649.6
1762,2020-10-29,13289.5
1763,2020-10-30,13463.1
1764,2020-10-31,13567.0
1765,2020-11-01,13809.1
1766,2020-11-02,13762.5
1767,2020-11-03,13565.8
1768,2020-11-04,14021.8
1769,2020-11-05,14163.3
1770,2020-11-06,15610.4
1771,2020-11-07,15599.2
1772,2020-11-08,14837.3
1773,2020-11-09,15480.1
1774,2020-11-10,15322.9
1775,2020-11-11,15316.7
1776,2020-11-12,15708.7
1777,2020-11-13,16307.8
1778,2020-11-14,16343.4
1779,2020-11-15,16080.1
1780,2020-11-16,15962.3
1781,2020-11-17,16721.1
1782,2020-11-18,17684.8
1783,2020-11-19,17800.0
1784,2020-11-20,17828.2
1785,2020-11-21,18680.2
1786,2020-11-22,18708.7
1787,2020-11-23,18450.2
1788,2020-11-24,18387.8
1789,2020-11-25,19173.8
1790,2020-11-26,18723.4
1791,2020-11-27,17164.6
1792,2020-11-28,17144.2
1793,2020-11-29,17732.9
1794,2020-11-30,18194.2
1795,2020-12-01,19708.1
1796,2020-12-02,18782.9
1797,2020-12-03,19231.4
1798,2020-12-04,19451.3
1799,2020-12-05,18665.8
1800,2020-12-06,19153.0
1801,2020-12-07,19392.9
1802,2020-12-08,19178.6
1803,2020-12-09,18320.5
1804,2020-12-10,18548.5
1805,2020-12-11,18245.5
1806,2020-12-12,18031.5
1807,2020-12-13,18806.9
1808,2020-12-14,19164.1
1809,2020-12-15,19281.1
1810,2020-12-16,19439.7
1811,2020-12-17,21378.1
1812,2020-12-18,22826.2
1813,2020-12-19,23130.5
1814,2020-12-20,23871.5
1815,2020-12-21,23480.7
1816,2020-12-22,22716.1
1817,2020-12-23,23828.2
1818,2020-12-24,23226.7
1819,2020-12-25,23718.6
1820,2020-12-26,24698.6
1821,2020-12-27,26441.2
1822,2020-12-28,26251.4
1823,2020-12-29,27029.5
1824,2020-12-30,27376.2
1825,2020-12-31,28879.9
1826,2021-01-01,28959.2
1827,2021-01-02,29398.9
1828,2021-01-03,32238.8
1829,2021-01-04,33082.7
1830,2021-01-05,32048.0
1831,2021-01-06,34050.0
1832,2021-01-07,36876.7
1833,2021-01-08,39489.0
1834,2021-01-09,40666.7
1835,2021-01-10,40252.1
1836,2021-01-11,38170.5
1837,2021-01-12,35439.3
1838,2021-01-13,34046.4
1839,2021-01-14,37390.1
1840,2021-01-15,39151.6
1841,2021-01-16,36739.8
1842,2021-01-17,36014.6
1843,2021-01-18,35816.4
1844,2021-01-19,36622.5
1845,2021-01-20,35925.6
1846,2021-01-21,35511.8
1847,2021-01-22,30832.6
1848,2021-01-23,33000.0
1849,2021-01-24,32100.5
1850,2021-01-25,32292.0
1851,2021-01-26,32274.4
1852,2021-01-27,32501.0
1853,2021-01-28,30424.2
1854,2021-01-29,33430.4
1855,2021-01-30,34261.7
1856,2021-01-31,34296.5
1857,2021-02-01,33122.0
1858,2021-02-02,33533.9
1859,2021-02-03,35500.0
1860,2021-02-04,37670.9
1861,2021-02-05,36979.0
1862,2021-02-06,38296.7
1863,2021-02-07,39257.0
1864,2021-02-08,38874.9
1865,2021-02-09,46425.8
1866,2021-02-10,46502.8
1867,2021-02-11,44847.5
1868,2021-02-12,47962.8
1869,2021-02-13,47470.4
1870,2021-02-14,47199.9
1871,2021-02-15,48649.7
1872,2021-02-16,47937.1
1873,2021-02-17,49218.7
1874,2021-02-18,52130.0
1875,2021-02-19,51600.9
1876,2021-02-20,55926.9
1877,2021-02-21,55938.7
1878,2021-02-22,57478.3
1879,2021-02-23,54154.8
1880,2021-02-24,48899.8
1881,2021-02-25,49727.7
1882,2021-02-26,47061.5
1883,2021-02-27,46314.5
1884,2021-02-28,46170.2
1885,2021-03-01,45245.4
1886,2021-03-02,49620.7
1887,2021-03-03,48486.2
1888,2021-03-04,50400.0
1889,2021-03-05,48330.0
1890,2021-03-06,48734.7
1891,2021-03-07,48899.9
1892,2021-03-08,50962.3
1893,2021-03-09,52375.0
1894,2021-03-10,54929.0
1895,2021-03-11,55851.0
1896,2021-03-12,57809.9
1897,2021-03-13,57234.0
1898,2021-03-14,61174.9
1899,2021-03-15,59001.1
1900,2021-03-16,55600.0
1901,2021-03-17,56891.1
1902,2021-03-18,58933.0
1903,2021-03-19,57640.9
1904,2021-03-20,58101.8
1905,2021-03-21,58091.6
1906,2021-03-22,57378.4
1907,2021-03-23,54095.1
1908,2021-03-24,54351.3
1909,2021-03-25,52293.8
1910,2021-03-26,51314.9
1911,2021-03-27,55062.2
1912,2021-03-28,55852.4
1913,2021-03-29,55782.0
1914,2021-03-30,57624.2
1915,2021-03-31,58781.0
1916,2021-04-01,58786.2
1917,2021-04-02,58732.9
1918,2021-04-03,59020.7
1919,2021-04-04,57099.0
1920,2021-04-05,58195.0
1921,2021-04-06,59120.0
1922,2021-04-07,58017.1
1923,2021-04-08,55928.5
1924,2021-04-09,58036.9
1925,2021-04-10,58110.0
1926,2021-04-11,59775.6
1927,2021-04-12,59956.0
1928,2021-04-13,59823.7
1929,2021-04-14,63587.2
1930,2021-04-15,62969.0
1931,2021-04-16,63243.0
1932,2021-04-17,61455.0
1933,2021-04-18,60085.2
1934,2021-04-19,56239.8
1935,2021-04-20,55720.0
1936,2021-04-21,56500.0
1937,2021-04-22,53815.2
1938,2021-04-23,51730.0
1939,2021-04-24,51178.7
1940,2021-04-25,50093.4
1941,2021-04-26,49106.5
1942,2021-04-27,54051.9
1943,2021-04-28,55078.7
1944,2021-04-29,54899.3
1945,2021-04-30,53579.6
1946,2021-05-01,57780.0
1947,2021-05-02,57859.2
1948,2021-05-03,56618.5
1949,2021-05-04,57193.5
1950,2021-05-05,53239.4
1951,2021-05-06,57497.1
1952,2021-05-07,56421.1
1953,2021-05-08,57383.0
1954,2021-05-09,58953.8
1955,2021-05-10,58293.1
1956,2021-05-11,55888.1
1957,2021-05-12,56747.5
1958,2021-05-13,49502.7
1959,2021-05-14,49675.2
1960,2021-05-15,49899.0
1961,2021-05-16,46771.1
1962,2021-05-17,46482.4
1963,2021-05-18,43551.8
1964,2021-05-19,42895.2
1965,2021-05-20,36742.3
1966,2021-05-21,40614.6
1967,2021-05-22,37331.7
1968,2021-05-23,37468.3
1969,2021-05-24,34718.8
1970,2021-05-25,38833.8
1971,2021-05-26,38388.1
1972,2021-05-27,39283.9
1973,2021-05-28,38516.4
1974,2021-05-29,35683.9
1975,2021-05-30,34616.6
1976,2021-05-31,35673.8
1977,2021-06-01,37303.8
1978,2021-06-02,36676.3
1979,2021-06-03,37565.3
1980,2021-06-04,39196.6
1981,2021-06-05,36847.7
1982,2021-06-06,35534.6
1983,2021-06-07,35789.0
1984,2021-06-08,33587.6
1985,2021-06-09,33420.0
1986,2021-06-10,37396.4
1987,2021-06-11,36678.4
1988,2021-06-12,37322.2
1989,2021-06-13,35544.9
1990,2021-06-14,39034.6
1991,2021-06-15,40530.8
1992,2021-06-16,40166.6
1993,2021-06-17,38337.1
1994,2021-06-18,38078.2
1995,2021-06-19,35824.0
1996,2021-06-20,35490.5
1997,2021-06-21,35595.0
1998,2021-06-22,31655.2
1999,2021-06-23,32516.2
2000,2021-06-24,33683.3
2001,2021-06-25,34666.6
2002,2021-06-26,31583.7
2003,2021-06-27,32277.0
2004,2021-06-28,34675.3
2005,2021-06-29,34472.0
2006,2021-06-30,35903.3
2007,2021-07-01,35046.2
2008,2021-07-02,33532.4
2009,2021-07-03,33802.9
2010,2021-07-04,34685.4
2011,2021-07-05,35305.0
2012,2021-07-06,33697.6
2013,2021-07-07,34235.0
2014,2021-07-08,33885.1
2015,2021-07-09,32882.2
2016,2021-07-10,33791.0
2017,2021-07-11,33522.2
2018,2021-07-12,34246.9
2019,2021-07-13,33107.3
2020,2021-07-14,32722.9
2021,2021-07-15,32815.2
2022,2021-07-16,31832.6
2023,2021-07-17,31405.9
2024,2021-07-18,31510.0
2025,2021-07-19,31780.1
2026,2021-07-20,30820.5
2027,2021-07-21,29788.1
2028,2021-07-22,32125.0
2029,2021-07-23,32283.3
2030,2021-07-24,33639.0
2031,2021-07-25,34284.6
2032,2021-07-26,35413.6
2033,2021-07-27,37274.9
2034,2021-07-28,39506.2
2035,2021-07-29,40011.0
2036,2021-07-30,40000.0
2037,2021-07-31,42229.6
2038,2021-08-01,41488.5
2039,2021-08-02,39889.1
2040,2021-08-03,39152.3
2041,2021-08-04,38163.0
2042,2021-08-05,39749.0
2043,2021-08-06,40886.4
2044,2021-08-07,42823.9
2045,2021-08-08,44610.7
2046,2021-08-09,43845.6
2047,2021-08-10,46307.1
2048,2021-08-11,45595.1
2049,2021-08-12,45571.7
2050,2021-08-13,44401.1
2051,2021-08-14,47823.3
2052,2021-08-15,47115.2
2053,2021-08-16,47019.3
2054,2021-08-17,45926.3
2055,2021-08-18,44672.2
2056,2021-08-19,44714.7
2057,2021-08-20,46765.3
2058,2021-08-21,49345.4
2059,2021-08-22,48865.4
2060,2021-08-23,49293.6
2061,2021-08-24,49517.3
2062,2021-08-25,47725.4
2063,2021-08-26,48991.3
2064,2021-08-27,46848.9
2065,2021-08-28,49074.9
2066,2021-08-29,48895.7
2067,2021-08-30,48787.7
2068,2021-08-31,46985.7
2069,2021-09-01,47140.0
2070,2021-09-02,48872.2
2071,2021-09-03,49290.3
2072,2021-09-04,50018.6
2073,2021-09-05,49956.1
2074,2021-09-06,51767.9
2075,2021-09-07,52688.3
2076,2021-09-08,46882.1
2077,2021-09-09,46073.4
2078,2021-09-10,46389.6
2079,2021-09-11,44842.2
2080,2021-09-12,45137.4
2081,2021-09-13,46061.3
2082,2021-09-14,44965.8
2083,2021-09-15,47145.9
2084,2021-09-16,48152.3
2085,2021-09-17,47786.9
2086,2021-09-18,47269.7
2087,2021-09-19,48309.9
2088,2021-09-20,47237.8
2089,2021-09-21,42992.9
2090,2021-09-22,40710.6
2091,2021-09-23,43562.8
2092,2021-09-24,44889.8
2093,2021-09-25,42833.2
2094,2021-09-26,42710.1
2095,2021-09-27,43204.6
2096,2021-09-28,42176.3
2097,2021-09-29,41038.4
2098,2021-09-30,41524.8
2099,2021-10-01,43798.7
2100,2021-10-02,48163.7
2101,2021-10-03,47662.0
2102,2021-10-04,48230.2
2103,2021-10-05,49243.3
2104,2021-10-06,51487.0
2105,2021-10-07,55350.2
2106,2021-10-08,53817.3
2107,2021-10-09,53960.5
2108,2021-10-10,54960.2
2109,2021-10-11,54677.5
2110,2021-10-12,57499.5
2111,2021-10-13,56010.1
2112,2021-10-14,57381.2
2113,2021-10-15,57377.6
2114,2021-10-16,61656.2
2115,2021-10-17,60873.4
2116,2021-10-18,61526.5
2117,2021-10-19,62037.7
2118,2021-10-20,64284.9
2119,2021-10-21,66035.8
2120,2021-10-22,62198.0
2121,2021-10-23,60687.5
2122,2021-10-24,61296.9
2123,2021-10-25,60882.5
2124,2021-10-26,63081.8
2125,2021-10-27,60310.2
2126,2021-10-28,58500.1
2127,2021-10-29,60613.5
2128,2021-10-30,62246.5
2129,2021-10-31,61866.3
2130,2021-11-01,61380.1
2131,2021-11-02,60954.5
2132,2021-11-03,63279.7
2133,2021-11-04,62942.9
2134,2021-11-05,61449.0
2135,2021-11-06,61006.2
2136,2021-11-07,61536.3
2137,2021-11-08,63317.8
2138,2021-11-09,67559.8
2139,2021-11-10,66950.0
2140,2021-11-11,64969.0
2141,2021-11-12,64825.4
2142,2021-11-13,64153.0
2143,2021-11-14,64393.1
2144,2021-11-15,65495.0
2145,2021-11-16,63615.8
2146,2021-11-17,60137.2
2147,2021-11-18,60367.8
2148,2021-11-19,56921.7
2149,2021-11-20,58099.6
2150,2021-11-21,59744.2
2151,2021-11-22,58646.2
2152,2021-11-23,56295.5
2153,2021-11-24,57571.4
2154,2021-11-25,57203.3
2155,2021-11-26,58932.6
2156,2021-11-27,53789.0
2157,2021-11-28,54784.9
2158,2021-11-29,57300.0
2159,2021-11-30,57830.2
2160,2021-12-01,56980.7
2161,2021-12-02,57237.9
2162,2021-12-03,56526.4
2163,2021-12-04,53678.6
2164,2021-12-05,49255.1
2165,2021-12-06,49443.3
2166,2021-12-07,50564.3
2167,2021-12-08,50650.1
2168,2021-12-09,50515.1
2169,2021-12-10,47581.6
2170,2021-12-11,47218.3
2171,2021-12-12,49367.2
2172,2021-12-13,50113.2
2173,2021-12-14,46732.2
2174,2021-12-15,48399.2
2175,2021-12-16,48881.3
2176,2021-12-17,47631.0
2177,2021-12-18,46168.3
2178,2021-12-19,46864.3
2179,2021-12-20,46688.4
2180,2021-12-21,46898.1
2181,2021-12-22,48925.9
2182,2021-12-23,48624.9
2183,2021-12-24,50818.8
2184,2021-12-25,50834.3
2185,2021-12-26,50436.0
2186,2021-12-27,50797.3
2187,2021-12-28,50687.4
2188,2021-12-29,47548.1
2189,2021-12-30,46473.2
2190,2021-12-31,47143.8
