date,wti_oil_pprice,brent_oil_p,gold_p,silver_p,steel_price
04/01/2016,36.81,37.22,1075.2,13.84,0.7704
06/01/2016,33.97,34.23,1091.9,13.98,0.7154
07/01/2016,33.29,33.75,1107.8,14.34,0.6355
08/01/2016,33.2,33.55,1097.9,13.92,0.6398
11/01/2016,31.42,31.55,1096.2,13.87,0.6573
12/01/2016,30.42,30.86,1085.2,13.75,0.626
13/01/2016,30.42,30.31,1087.1,14.16,0.6125
14/01/2016,31.22,31.03,1073.6,13.75,0.646
15/01/2016,29.45,28.94,1090.7,13.9,0.6509
19/01/2016,28.47,28.76,1089.1,14.12,0.6335
20/01/2016,26.68,27.88,1106.2,14.16,0.6083
21/01/2016,29.55,29.25,1098.2,14.09,0.6416
22/01/2016,32.07,32.18,1096.3,14.06,0.677
25/01/2016,30.31,30.5,1105.6,14.25,0.6291
26/01/2016,29.54,31.8,1120.6,14.56,0.6833
27/01/2016,32.32,33.1,1116.3,14.46,0.6749
28/01/2016,33.21,33.89,1116.1,14.23,0.6912
29/01/2016,33.66,34.74,1116.4,14.24,0.6416
02/02/2016,29.9,32.72,1127.2,14.29,0.8416
03/02/2016,32.29,35.04,1141.3,14.73,0.8083
08/02/2016,29.71,32.88,1197.9,15.43,0.8416
09/02/2016,27.96,30.32,1198.6,15.45,0.8499
11/02/2016,26.19,30.06,1247.8,15.79,0.7799
12/02/2016,29.32,33.36,1239.4,15.79,0.8112
16/02/2016,29.05,32.18,1208.2,15.33,0.8666
17/02/2016,30.68,34.5,1211.4,15.38,0.9083
18/02/2016,30.77,34.28,1226.3,15.46,0.9083
19/02/2016,29.59,33.01,1230.8,15.4,0.9333
22/02/2016,31.37,34.69,1210.1,15.22,1.0249
23/02/2016,31.84,33.27,1222.6,15.28,1.0583
24/02/2016,30.35,34.41,1239.1,15.33,1.0749
25/02/2016,31.4,35.29,1238.8,15.2,1.0916
26/02/2016,31.65,35.1,1220.4,14.71,1.0333
29/02/2016,32.74,35.97,1234.4,14.92,1.0916
02/03/2016,34.57,36.93,1241.8,15.02,1.1749
03/03/2016,34.56,37.07,1258.2,15.15,1.4082
08/03/2016,36.67,39.65,1262.9,15.39,1.5749
10/03/2016,37.77,40.05,1272.8,15.55,1.6832
11/03/2016,38.51,40.39,1259.4,15.61,1.6415
14/03/2016,37.2,39.53,1245.1,15.52,1.6499
15/03/2016,36.32,38.74,1231.0,15.26,1.3832
16/03/2016,38.43,40.33,1229.8,15.22,1.4999
17/03/2016,40.17,41.54,1265.0,16.03,1.7915
18/03/2016,39.47,41.2,1254.3,15.81,1.8165
21/03/2016,39.91,41.54,1244.2,15.85,1.8249
22/03/2016,41.45,41.79,1250.3,15.89,1.8915
23/03/2016,38.28,40.47,1225.6,15.27,1.7332
24/03/2016,38.14,40.44,1223.5,15.2,1.7832
29/03/2016,36.91,39.14,1237.5,15.23,1.7165
30/03/2016,36.91,39.26,1228.6,15.21,1.6999
31/03/2016,36.94,39.6,1235.6,15.46,1.6415
01/04/2016,35.36,38.67,1223.5,15.05,1.7249
04/04/2016,34.3,37.69,1219.3,14.94,1.6165
05/04/2016,34.52,37.87,1229.6,15.12,1.7582
07/04/2016,37.3,39.43,1237.5,15.16,1.7165
08/04/2016,39.74,41.94,1243.8,15.38,1.9249
11/04/2016,40.46,42.83,1258.0,15.98,2.1498
13/04/2016,41.7,44.18,1248.3,16.33,3.0998
14/04/2016,41.45,43.84,1226.5,16.17,2.7081
15/04/2016,40.4,43.1,1234.6,16.31,2.7998
18/04/2016,39.74,42.91,1235.0,16.25,2.7831
19/04/2016,40.88,44.03,1254.3,16.97,3.1081
20/04/2016,42.72,45.8,1254.4,17.18,3.1498
21/04/2016,43.18,44.53,1250.3,17.14,3.0164
22/04/2016,42.76,45.11,1230.0,16.95,3.0831
25/04/2016,41.67,44.48,1240.2,17.06,2.8248
26/04/2016,42.52,45.74,1243.4,17.16,2.8664
27/04/2016,45.29,47.18,1250.4,17.34,3.0498
28/04/2016,46.03,48.14,1266.4,17.59,3.0498
29/04/2016,45.98,48.13,1290.5,17.82,3.1498
02/05/2016,44.75,45.83,1295.8,17.68,3.0498
04/05/2016,43.77,44.62,1274.4,17.3,2.7665
05/05/2016,44.33,45.01,1272.3,17.327,2.5748
09/05/2016,43.45,43.63,1266.6,17.089,2.3498
10/05/2016,44.68,45.52,1264.8,17.092,2.4915
12/05/2016,46.64,48.08,1271.2,17.103,2.2998
13/05/2016,46.22,47.83,1272.7,17.132,1.9915
16/05/2016,47.72,48.97,1274.2,17.154,1.9748
17/05/2016,48.29,49.28,1276.9,17.25,1.9748
18/05/2016,48.12,48.93,1274.4,17.132,1.8415
19/05/2016,48.16,48.81,1254.8,16.493,1.7332
20/05/2016,47.67,48.72,1252.9,16.532,1.7332
23/05/2016,48.12,48.35,1254.9,16.423,1.6915
24/05/2016,48.04,48.61,1232.2,16.254,1.6165
25/05/2016,49.1,49.74,1226.6,16.261,1.5832
26/05/2016,49,49.59,1222.7,16.343,1.6332
27/05/2016,49.36,49.32,1216.7,16.269,1.5165
31/05/2016,49.1,49.69,1217.5,15.994,1.4999
01/06/2016,49.07,49.72,1214.7,15.927,1.4916
06/06/2016,49.71,50.55,1247.4,16.447,1.7832
07/06/2016,50.37,51.44,1247.0,16.394,1.6832
09/06/2016,50.52,51.95,1272.7,17.268,1.8499
10/06/2016,49.09,50.54,1275.9,17.33,1.6915
13/06/2016,48.89,50.35,1286.9,17.443,1.6832
14/06/2016,48.49,49.83,1288.1,17.424,1.6082
15/06/2016,47.92,48.97,1288.3,17.503,1.6999
16/06/2016,46.14,47.19,1298.4,17.607,1.7415
17/06/2016,48,49.17,1294.8,17.411,1.7915
20/06/2016,49.4,50.65,1292.1,17.514,1.8332
21/06/2016,48.95,50.62,1272.5,17.374,1.8415
22/06/2016,49.16,49.88,1270.0,17.367,1.8165
23/06/2016,49.34,50.91,1263.1,17.41,2.0165
24/06/2016,46.7,48.41,1322.4,17.839,1.8249
27/06/2016,45.8,47.16,1324.7,17.786,1.7832
28/06/2016,47.93,48.58,1317.9,17.889,1.9082
29/06/2016,49.85,50.61,1326.9,18.407,2.0415
30/06/2016,48.27,49.68,1320.6,18.623,2.0415
01/07/2016,49.02,50.35,1339.0,19.588,2.2415
06/07/2016,47.37,48.8,1367.1,20.203,2.2832
07/07/2016,45.22,46.4,1362.1,19.838,2.1332
11/07/2016,44.73,46.25,1356.6,20.304,2.3165
12/07/2016,46.82,48.47,1335.3,20.171,2.4165
13/07/2016,44.87,46.26,1343.6,20.413,2.4498
14/07/2016,45.64,47.37,1332.2,20.322,2.5081
15/07/2016,45.93,47.61,1327.4,20.165,2.6081
18/07/2016,45.23,46.96,1329.3,20.075,2.6748
19/07/2016,44.64,46.66,1332.3,20.007,2.6748
20/07/2016,44.96,47.17,1319.3,19.613,2.6081
21/07/2016,43.96,46.2,1338.9,19.815,2.7331
22/07/2016,43.41,45.69,1331.5,19.689,2.7831
25/07/2016,42.4,44.72,1327.2,19.647,2.7831
26/07/2016,42.16,44.87,1328.3,19.683,2.8414
27/07/2016,41.9,43.47,1334.5,19.995,2.9081
28/07/2016,41.13,42.7,1341.2,20.192,2.8581
29/07/2016,41.54,42.46,1357.5,20.347,2.8248
01/08/2016,40.05,42.14,1359.6,20.5,2.6915
02/08/2016,39.5,41.8,1372.6,20.701,2.5331
03/08/2016,40.8,43.1,1364.7,20.471,2.7415
04/08/2016,41.92,44.29,1367.4,20.443,2.8414
08/08/2016,43.06,45.39,1341.3,19.805,2.7998
09/08/2016,42.78,44.98,1346.7,19.85,2.8664
11/08/2016,43.51,46.04,1350.0,20.02,2.8914
12/08/2016,44.47,46.97,1343.2,19.703,2.7998
15/08/2016,45.72,48.35,1347.5,19.847,2.8998
16/08/2016,46.57,49.23,1356.9,19.874,2.7248
17/08/2016,46.81,49.85,1348.8,19.648,2.6748
18/08/2016,48.2,50.89,1357.2,19.74,2.5915
19/08/2016,48.48,50.88,1346.2,19.449,2.5915
22/08/2016,46.8,49.16,1343.4,18.998,2.4081
23/08/2016,47.54,49.96,1346.1,19.065,2.3915
24/08/2016,46.29,49.05,1329.7,18.688,2.2332
25/08/2016,46.97,49.67,1324.6,18.615,2.2582
26/08/2016,47.64,49.92,1325.9,18.745,2.2165
30/08/2016,46.32,48.37,1316.5,18.673,2.2665
31/08/2016,44.68,47.04,1311.4,18.707,2.1915
02/09/2016,44.39,46.83,1326.7,19.366,2.4248
06/09/2016,44.85,47.26,1354.0,20.138,2.4248
08/09/2016,47.63,49.99,1341.6,19.678,2.3831
09/09/2016,45.88,48.01,1334.5,19.368,2.1582
12/09/2016,46.28,48.32,1325.6,19.0,2.1998
13/09/2016,44.91,47.1,1323.7,18.975,1.9998
14/09/2016,43.62,45.85,1326.1,19.066,2.0248
15/09/2016,43.85,46.59,1318.0,19.041,2.0498
16/09/2016,43.04,45.77,1310.2,18.862,2.0248
19/09/2016,43.34,45.95,1317.8,19.29,2.1165
20/09/2016,43.85,45.88,1318.2,19.277,2.1498
21/09/2016,45.33,46.83,1331.4,19.768,2.2748
22/09/2016,46.1,47.65,1344.7,20.099,2.2748
23/09/2016,44.36,45.89,1341.7,19.81,2.2165
26/09/2016,45.6,47.35,1344.1,19.596,2.1915
27/09/2016,44.65,45.97,1330.4,19.165,2.2165
28/09/2016,47.07,48.69,1323.7,19.121,2.3915
29/09/2016,47.72,49.24,1326.0,19.188,2.2915
30/09/2016,47.72,49.06,1317.1,19.214,2.2998
03/10/2016,48.8,50.89,1312.7,18.868,2.4581
05/10/2016,49.75,51.86,1268.6,17.695,2.4831
06/10/2016,50.44,52.51,1253.0,17.345,2.5248
10/10/2016,49.76,53.14,1260.4,17.659,2.6248
11/10/2016,50.72,52.41,1255.9,17.509,2.6331
13/10/2016,50.47,52.03,1257.6,17.458,2.5581
14/10/2016,50.35,51.95,1255.5,17.441,2.6415
17/10/2016,49.97,51.52,1256.6,17.474,2.6498
18/10/2016,50.3,51.68,1262.9,17.638,2.7498
19/10/2016,51.59,52.67,1269.9,17.663,2.6831
20/10/2016,50.31,51.38,1267.5,17.549,2.6915
21/10/2016,50.61,51.78,1267.7,17.493,2.6665
24/10/2016,50.18,51.46,1263.7,17.604,2.7831
25/10/2016,49.45,50.79,1273.6,17.78,2.8414
26/10/2016,48.75,49.98,1266.6,17.626,2.7748
27/10/2016,49.71,50.47,1269.5,17.639,2.8164
28/10/2016,48.72,49.71,1276.8,17.796,2.8164
31/10/2016,46.83,48.3,1273.1,17.796,2.8081
01/11/2016,46.66,48.14,1288.0,18.418,2.6248
02/11/2016,45.32,46.86,1308.2,18.693,2.5415
03/11/2016,44.66,46.35,1303.3,18.416,2.4915
04/11/2016,44.07,45.58,1304.5,18.371,2.4831
07/11/2016,44.88,46.15,1279.4,18.151,2.6998
08/11/2016,44.96,46.04,1274.5,18.356,2.7831
10/11/2016,44.62,45.84,1266.4,18.737,2.7748
11/11/2016,43.39,44.75,1224.3,17.382,2.5581
14/11/2016,43.29,44.43,1221.7,16.893,2.6831
15/11/2016,45.86,46.95,1224.5,17.043,2.7248
16/11/2016,45.56,46.63,1223.9,16.927,2.5415
17/11/2016,45.37,46.49,1216.9,16.875,2.5498
18/11/2016,45.69,46.86,1208.7,16.721,2.6665
21/11/2016,47.48,48.9,1209.8,16.621,2.8331
22/11/2016,48.07,49.12,1214.1,16.735,3.0831
23/11/2016,46.72,48.95,1192.4,16.485,3.1331
25/11/2016,46.72,47.24,1181.0,16.554,3.1248
28/11/2016,45.66,48.24,1193.8,16.675,3.2581
29/11/2016,45.29,46.38,1190.8,16.74,3.1414
30/11/2016,49.41,50.47,1173.9,16.482,2.9414
01/12/2016,51.08,53.94,1169.4,16.506,2.8414
02/12/2016,51.7,54.46,1177.8,16.832,2.8831
05/12/2016,51.72,54.94,1176.5,16.899,2.9248
07/12/2016,49.85,53.0,1177.5,17.275,2.9748
08/12/2016,50.84,53.89,1172.4,17.096,2.8748
09/12/2016,51.51,54.33,1161.9,16.967,2.7581
12/12/2016,52.74,55.69,1165.8,17.187,2.6998
13/12/2016,52.99,55.72,1159.0,16.977,2.6831
14/12/2016,51.01,53.9,1163.7,17.221,2.5581
15/12/2016,50.9,54.02,1129.8,15.958,2.6915
16/12/2016,51.93,55.21,1137.4,16.215,2.6081
19/12/2016,52.13,54.92,1142.7,16.089,2.4498
20/12/2016,52.22,55.35,1133.6,16.117,2.4498
21/12/2016,51.44,54.46,1133.2,15.979,2.4165
22/12/2016,51.98,55.05,1130.7,15.871,2.3915
23/12/2016,52.01,55.16,1133.6,15.759,2.5331
28/12/2016,54.01,56.22,1140.9,16.038,2.6831
29/12/2016,53.8,56.14,1158.1,16.218,2.7415
30/12/2016,53.75,56.82,1151.7,15.989,2.6915
03/01/2017,52.36,55.47,1162.0,16.409,2.9498
06/01/2017,53.98,57.1,1173.4,16.519,2.8831
09/01/2017,51.95,54.94,1184.9,16.683,2.9498
11/01/2017,52.19,55.1,1196.6,16.828,3.1664
12/01/2017,53.01,56.01,1199.8,16.825,3.2247
13/01/2017,52.36,55.45,1196.2,16.765,3.1331
17/01/2017,52.45,55.47,1212.9,17.148,3.1831
18/01/2017,51.12,53.92,1212.1,17.274,3.0581
19/01/2017,51.39,54.16,1201.5,17.002,3.0831
20/01/2017,52.33,55.49,1204.9,17.032,3.1414
23/01/2017,52.77,55.23,1218.5,17.186,3.3164
24/01/2017,52.38,55.44,1213.6,17.185,3.1831
25/01/2017,52.14,55.08,1200.5,16.98,3.3164
26/01/2017,53.24,56.24,1192.5,16.85,3.2081
27/01/2017,53.18,55.52,1191.1,17.136,3.2164
30/01/2017,52.63,55.23,1196.0,17.152,3.0831
31/01/2017,52.75,55.7,1211.4,17.543,3.0331
02/02/2017,53.55,56.56,1219.4,17.429,3.2664
03/02/2017,53.81,56.81,1220.8,17.479,3.0498
06/02/2017,53.01,55.72,1232.1,17.693,2.9581
08/02/2017,52.37,55.12,1239.5,17.705,3.0248
10/02/2017,53.84,56.7,1235.9,17.933,3.2497
13/02/2017,52.96,55.59,1225.8,17.821,3.3497
14/02/2017,53.21,55.97,1225.4,17.889,3.3747
15/02/2017,53.11,55.75,1233.1,18.033,3.4247
16/02/2017,53.41,55.65,1241.6,18.146,3.3497
17/02/2017,53.41,55.81,1239.1,18.103,3.3164
21/02/2017,54.02,56.66,1238.9,18.074,3.4081
22/02/2017,53.61,55.84,1233.3,18.022,3.3831
23/02/2017,54.48,56.58,1251.4,18.185,3.2414
24/02/2017,53.99,55.99,1258.3,18.406,3.1831
27/02/2017,54.04,55.93,1258.8,18.417,3.2747
28/02/2017,54,55.59,1253.9,18.469,3.1498
01/03/2017,53.82,56.36,1250.0,18.489,3.2414
02/03/2017,52.63,55.08,1232.9,17.748,3.0664
03/03/2017,53.33,55.9,1226.5,17.74,3.1748
07/03/2017,52.68,55.92,1216.1,17.536,2.9914
08/03/2017,49.83,53.11,1209.4,17.298,2.7498
10/03/2017,48.05,51.37,1201.4,16.923,2.8164
13/03/2017,47.95,51.35,1203.1,16.972,2.8998
14/03/2017,47.24,50.92,1202.6,16.923,2.8164
15/03/2017,48.34,51.81,1200.7,16.923,3.0331
16/03/2017,48.3,51.74,1227.1,17.33,2.9664
17/03/2017,48.34,51.76,1230.2,17.413,2.8164
20/03/2017,47.79,51.62,1234.0,17.438,2.9498
21/03/2017,47.02,50.96,1249.6,17.583,2.6748
22/03/2017,47.29,50.64,1252.8,17.578,2.6665
23/03/2017,47,50.56,1250.1,17.593,2.5831
24/03/2017,47.3,50.8,1251.7,17.748,2.6081
27/03/2017,47.02,50.75,1258.8,18.108,2.6748
28/03/2017,48.36,51.33,1258.8,18.252,2.5748
29/03/2017,49.47,52.42,1256.8,18.252,2.5748
30/03/2017,50.3,52.96,1248.0,18.206,2.4331
31/03/2017,50.54,52.83,1251.2,18.256,2.4331
04/04/2017,50.99,54.17,1258.4,18.323,2.4915
05/04/2017,51.14,54.36,1248.5,18.187,2.3582
07/04/2017,52.25,55.24,1257.3,18.151,2.2998
10/04/2017,53.06,55.98,1253.9,17.915,2.2332
12/04/2017,53.12,55.86,1278.1,18.3,2.0415
13/04/2017,53.19,55.89,1288.5,18.51,1.9498
18/04/2017,52.46,54.89,1294.1,18.272,1.9415
19/04/2017,50.49,52.93,1283.4,18.162,1.8665
20/04/2017,50.26,52.99,1283.8,18.098,1.9498
21/04/2017,49.64,51.96,1289.1,17.937,1.9249
24/04/2017,48.9,51.6,1277.5,17.932,1.9582
25/04/2017,49.22,52.1,1267.2,17.659,1.9915
26/04/2017,49.22,51.82,1264.2,17.431,2.0748
27/04/2017,48.96,51.44,1265.9,17.334,1.9915
28/04/2017,49.31,51.73,1268.3,17.262,2.0082
01/05/2017,48.83,51.52,1255.5,16.842,1.9748
04/05/2017,45.55,48.38,1228.6,16.303,1.8249
05/05/2017,46.23,49.1,1226.9,16.274,1.9249
09/05/2017,45.84,48.73,1216.1,16.067,1.8999
10/05/2017,47.28,50.22,1218.9,16.207,1.9748
12/05/2017,47.83,50.84,1227.7,16.402,1.9332
15/05/2017,48.86,51.82,1230.0,16.603,2.0415
16/05/2017,48.64,51.65,1236.4,16.747,2.0748
17/05/2017,49.04,52.21,1258.7,16.906,1.9748
18/05/2017,49.36,52.51,1252.8,16.67,1.5915
19/05/2017,50.32,53.61,1253.6,16.796,1.7499
22/05/2017,50.81,53.87,1261.4,17.191,1.7499
23/05/2017,51.12,54.15,1258.9,17.139,1.7749
24/05/2017,50.99,53.96,1256.5,17.117,1.7415
25/05/2017,48.57,51.46,1259.8,17.193,1.7499
26/05/2017,49.58,52.15,1271.4,17.323,1.7665
30/05/2017,49.63,51.84,1265.7,17.427,1.8249
31/05/2017,48.29,50.31,1275.4,17.406,1.7249
01/06/2017,48.32,50.63,1270.1,17.281,1.6915
02/06/2017,47.68,49.95,1280.2,17.525,1.7082
06/06/2017,48.13,50.12,1297.5,17.71,1.6499
07/06/2017,45.8,48.06,1293.2,17.62,1.6082
09/06/2017,45.82,48.15,1271.4,17.223,1.6749
12/06/2017,46.1,48.29,1268.9,16.944,1.6249
13/06/2017,46.41,48.72,1268.6,16.767,1.5915
14/06/2017,44.79,47.0,1275.9,17.136,1.6165
15/06/2017,44.47,46.92,1254.6,16.716,1.5915
16/06/2017,44.73,47.37,1256.5,16.661,1.5415
19/06/2017,44.24,46.91,1246.7,16.502,1.5582
20/06/2017,43.34,46.02,1243.5,16.476,1.4749
21/06/2017,42.48,44.82,1245.8,16.434,1.4916
22/06/2017,42.53,45.22,1249.4,16.573,1.5415
23/06/2017,42.86,45.54,1256.4,16.707,1.5832
26/06/2017,43.24,45.83,1246.4,16.631,1.6165
27/06/2017,44.25,46.65,1246.9,16.651,1.6915
28/06/2017,44.74,47.31,1249.1,16.791,1.7915
29/06/2017,44.88,47.42,1245.8,16.654,1.7082
30/06/2017,46.02,47.92,1242.3,16.627,1.7915
03/07/2017,46.02,49.68,1219.2,16.092,1.7915
06/07/2017,45.52,48.11,1223.3,15.983,1.7415
07/07/2017,44.25,46.71,1209.7,15.425,1.7915
11/07/2017,45.06,47.52,1214.7,15.745,1.9415
12/07/2017,45.48,47.74,1219.1,15.887,2.0082
13/07/2017,46.06,48.42,1217.3,15.691,1.9748
14/07/2017,46.53,48.91,1227.5,15.933,1.9832
17/07/2017,46.02,48.42,1233.7,16.099,2.0248
18/07/2017,46.4,48.84,1241.9,16.268,2.0082
19/07/2017,47.1,49.7,1248.8,16.297,2.0665
20/07/2017,46.73,49.3,1252.1,16.345,1.9748
21/07/2017,45.78,48.06,1261.0,16.457,1.9249
24/07/2017,46.21,48.6,1260.7,16.443,1.9665
25/07/2017,47.77,50.2,1258.5,16.542,2.0332
26/07/2017,48.58,50.97,1255.6,16.459,1.9665
27/07/2017,49.05,51.49,1266.5,16.573,1.9332
28/07/2017,49.72,52.52,1275.3,16.695,1.9748
31/07/2017,50.21,52.65,1273.4,16.786,2.0332
02/08/2017,49.6,52.36,1278.4,16.733,2.0415
03/08/2017,49.03,52.01,1274.4,16.63,1.9915
08/08/2017,49.07,52.14,1262.6,16.389,2.2998
09/08/2017,49.59,52.7,1279.3,16.863,2.2082
11/08/2017,48.81,52.1,1294.0,17.07,2.1832
14/08/2017,47.59,50.73,1290.4,17.122,2.1498
15/08/2017,47.57,50.8,1279.7,16.714,2.1248
16/08/2017,46.8,50.27,1282.9,16.94,2.1165
17/08/2017,47.07,51.03,1292.4,17.053,2.0748
18/08/2017,48.59,52.72,1291.6,17.0,2.1415
21/08/2017,47.39,51.66,1296.7,17.096,2.0665
22/08/2017,47.65,51.87,1291.0,17.06,2.0832
23/08/2017,48.45,52.57,1294.7,17.126,2.1665
24/08/2017,47.24,52.04,1292.0,17.046,2.2415
25/08/2017,47.65,52.41,1297.9,17.132,2.2498
29/08/2017,46.46,52.0,1318.9,17.516,2.2248
30/08/2017,45.96,50.86,1314.1,17.503,2.2415
31/08/2017,47.26,52.38,1322.2,17.575,2.2582
01/09/2017,47.32,52.75,1330.4,17.816,2.4081
05/09/2017,48.63,53.38,1344.5,17.941,2.5415
06/09/2017,49.13,54.2,1339.0,17.91,2.5915
08/09/2017,47.44,53.78,1351.2,18.123,2.6331
11/09/2017,48.06,53.84,1335.7,17.902,2.7998
13/09/2017,49.3,55.16,1328.0,17.867,2.7248
14/09/2017,49.86,55.47,1329.3,17.789,2.7331
15/09/2017,49.9,55.62,1325.2,17.701,2.8498
18/09/2017,49.88,55.48,1310.8,17.156,2.9498
19/09/2017,49.54,55.14,1310.6,17.279,2.8581
20/09/2017,50.29,56.29,1316.4,17.334,2.7748
21/09/2017,50.58,56.43,1294.8,17.018,2.6581
22/09/2017,50.33,56.86,1297.5,16.984,2.5748
25/09/2017,51.85,59.02,1311.5,17.147,2.4415
26/09/2017,51.59,58.44,1301.7,16.883,2.4581
27/09/2017,52.14,57.9,1287.8,16.827,2.3915
28/09/2017,51.62,57.41,1288.7,16.847,2.3415
29/09/2017,51.67,57.54,1284.8,16.676,2.4665
02/10/2017,50.59,56.12,1275.8,16.654,2.5665
03/10/2017,50.44,56.0,1274.6,16.65,2.8081
05/10/2017,50.79,57.0,1273.2,16.638,2.7248
10/10/2017,50.93,56.61,1293.8,17.207,2.5831
11/10/2017,51.3,56.94,1288.9,17.133,2.4831
13/10/2017,51.43,57.17,1304.6,17.411,2.6581
16/10/2017,51.86,57.82,1303.0,17.369,2.6331
17/10/2017,51.87,57.88,1286.2,17.041,2.5748
18/10/2017,52.05,58.15,1283.0,16.997,2.5665
19/10/2017,51.29,57.23,1290.0,17.255,2.5748
20/10/2017,51.63,57.75,1280.5,17.078,2.6081
23/10/2017,51.91,57.37,1280.9,17.075,2.5081
24/10/2017,52.32,58.33,1278.3,16.966,2.5415
25/10/2017,51.97,58.44,1279.0,16.925,2.5165
26/10/2017,52.41,59.3,1269.6,16.811,2.3665
27/10/2017,53.92,60.44,1271.8,16.752,2.2748
30/10/2017,54.11,60.9,1277.7,16.847,2.1248
31/10/2017,54.36,61.37,1270.5,16.693,2.1082
01/11/2017,54.32,60.49,1277.3,17.176,2.0415
07/11/2017,57.19,63.69,1275.8,16.94,2.0332
08/11/2017,56.82,63.49,1283.7,17.138,2.0748
09/11/2017,57.16,63.93,1287.5,16.975,1.9998
10/11/2017,56.75,63.52,1274.2,16.871,1.9498
13/11/2017,56.77,63.16,1278.9,17.047,1.9665
14/11/2017,55.67,60.91,1282.9,17.073,1.8499
15/11/2017,55.28,61.25,1277.7,16.971,1.8582
16/11/2017,55.14,61.18,1278.2,17.072,1.8582
17/11/2017,56.21,61.34,1283.85,17.373,1.9415
20/11/2017,56.21,61.34,1292.35,16.842,1.9498
21/11/2017,56.84,62.28,1280.0,16.96,1.9415
22/11/2017,57.88,62.92,1283.95,17.112,1.9915
24/11/2017,58.94,63.58,1289.15,16.992,2.0165
27/11/2017,58.1,63.25,1294.7,17.026,2.0165
28/11/2017,57.96,63.56,1293.9,16.8348,1.9082
29/11/2017,57.25,63.74,1294.85,16.478,1.8999
30/11/2017,57.4,63.53,1282.15,16.4052,1.8499
01/12/2017,58.35,64.57,1277.25,16.322,1.8499
04/12/2017,57.48,63.45,1279.1,16.306,1.8999
05/12/2017,57.66,63.45,1275.9,16.0,1.8415
06/12/2017,55.79,62.25,1268.55,15.886,1.8665
07/12/2017,56.5,62.37,1256.8,15.721,1.8249
12/12/2017,57.12,64.96,1243.4,15.593,1.9332
13/12/2017,56.59,63.66,1241.6,15.798,1.9082
14/12/2017,57,63.72,1255.6,15.864,1.8749
15/12/2017,57.29,63.81,1257.25,15.993,1.9332
18/12/2017,57.17,64.45,1258.65,16.132,1.8749
19/12/2017,57.49,63.69,1263.1,16.079,1.8582
20/12/2017,58.09,64.43,1265.95,16.197,1.9165
21/12/2017,58.34,64.64,1265.85,16.159,1.9998
22/12/2017,58.25,64.61,1268.05,16.36,1.9832
27/12/2017,59.67,66.03,1285.4,16.7026,2.0332
28/12/2017,59.84,66.8,1291.6,16.8866,2.0998
29/12/2017,60.46,66.73,1296.5,17.128,2.0415
02/01/2018,60.37,66.65,1312.8,17.206,2.2165
03/01/2018,61.61,67.85,1314.6,17.267,2.2748
05/01/2018,61.49,68.01,1317.9,17.285,2.4165
08/01/2018,61.73,68.48,1318.8,17.144,2.5248
10/01/2018,63.6,69.79,1321.65,17.035,2.6165
11/01/2018,63.81,70.36,1319.85,16.966,2.7915
16/01/2018,63.82,69.4,1334.95,17.189,2.6998
17/01/2018,63.92,69.19,1337.35,17.166,2.7998
18/01/2018,63.96,69.48,1329.75,16.954,2.6748
19/01/2018,63.38,68.56,1335.8,17.036,2.7831
22/01/2018,63.66,69.32,1334.15,16.989,2.7331
23/01/2018,64.45,69.81,1337.1,16.913,2.6081
24/01/2018,65.69,69.91,1350.5,17.489,2.8081
25/01/2018,65.62,71.08,1360.25,17.615,2.7998
26/01/2018,66.27,70.08,1354.35,17.441,2.8248
29/01/2018,65.71,68.41,1348.4,17.127,2.7415
30/01/2018,64.64,67.78,1345.7,17.058,2.7998
31/01/2018,64.82,67.78,1343.35,17.241,2.8331
01/02/2018,65.92,68.6,1341.1,17.155,2.8414
02/02/2018,65.5,67.45,1345.0,16.709,2.6665
05/02/2018,64.18,67.69,1337.1,16.671,2.5665
07/02/2018,61.91,65.74,1328.5,16.238,2.5748
08/02/2018,61.3,64.26,1311.05,16.341,2.4665
13/02/2018,59.33,61.94,1329.4,16.528,2.6498
14/02/2018,60.7,62.29,1330.75,16.878,2.7331
15/02/2018,61.48,62.86,1353.7,16.796,2.6915
16/02/2018,61.89,64.3,1358.6,16.712,2.7331
20/02/2018,61.91,64.68,1337.4,16.438,2.6248
21/02/2018,61.73,64.81,1328.6,16.617,2.6081
22/02/2018,62.72,66.12,1323.5,16.587,2.5748
23/02/2018,63.52,67.04,1328.9,16.497,2.5915
26/02/2018,63.81,67.96,1339.05,16.5788,2.7498
27/02/2018,62.94,67.59,1332.75,16.3988,2.6831
28/02/2018,61.43,66.08,1320.3,16.3904,2.5581
01/03/2018,60.98,64.23,1311.25,16.276,2.4415
05/03/2018,62.49,65.78,1326.3,16.412,2.3082
07/03/2018,61.09,65.09,1332.5,16.494,2.2748
08/03/2018,60.13,63.87,1325.4,16.5,2.1582
12/03/2018,61.35,64.53,1317.25,16.536,2.2582
13/03/2018,60.69,64.2,1318.7,16.627,2.2332
14/03/2018,60.89,63.61,1324.95,16.537,2.2165
15/03/2018,61.16,63.67,1323.35,16.422,2.1248
16/03/2018,62.29,64.68,1320.05,16.272,2.1165
19/03/2018,62.01,64.82,1311.7,16.325,2.0498
20/03/2018,63.37,66.0,1312.75,16.185,2.0665
21/03/2018,65.1,68.15,1316.35,16.419,2.2165
22/03/2018,64.25,68.98,1328.85,16.387,2.1498
23/03/2018,65.8,69.03,1342.35,16.582,2.0915
26/03/2018,65.49,68.81,1348.4,16.684,2.1248
27/03/2018,65.21,68.63,1350.65,16.541,2.0748
28/03/2018,64.3,68.13,1341.05,16.253,2.0498
29/03/2018,64.87,69.02,1323.9,16.268,2.1915
04/04/2018,63.35,66.04,1343.15,16.254,2.1165
05/04/2018,63.53,66.54,1327.05,16.355,2.1832
06/04/2018,62.03,66.51,1325.6,16.362,2.0998
09/04/2018,63.4,68.19,1328.5,16.529,2.0332
10/04/2018,65.48,70.67,1335.95,16.596,2.0498
12/04/2018,67.07,71.44,1345.9,16.473,2.1582
13/04/2018,67.35,73.18,1340.75,16.658,2.1082
16/04/2018,66.23,72.05,1344.4,16.677,2.0748
17/04/2018,66.5,71.71,1342.95,16.787,2.1165
18/04/2018,68.44,73.73,1346.55,17.248,2.2748
19/04/2018,68.3,74.85,1347.9,17.239,2.2832
20/04/2018,68.26,74.62,1340.15,17.163,2.2082
23/04/2018,67.61,74.54,1328.0,16.587,2.1915
24/04/2018,67.66,75.86,1327.35,16.703,2.1915
25/04/2018,68,73.79,1325.7,16.517,2.1582
26/04/2018,68.18,75.39,1321.9,16.5214,2.1998
27/04/2018,68.11,75.33,1317.7,16.4606,2.1332
30/04/2018,68.56,75.92,1316.25,16.3832,2.0915
01/05/2018,67.28,74.85,1309.2,16.127,2.0832
02/05/2018,67.91,73.14,1310.75,16.375,2.0832
03/05/2018,68.45,73.45,1313.3,16.447,2.0248
04/05/2018,69.71,74.75,1309.35,16.519,2.0415
09/05/2018,71.16,77.6,1306.85,16.539,1.9915
10/05/2018,71.36,77.59,1314.8,16.759,2.0832
11/05/2018,70.69,77.37,1324.8,16.752,2.1082
14/05/2018,71.01,78.17,1320.7,16.645,2.1748
15/05/2018,71.34,78.94,1310.05,16.269,2.1332
16/05/2018,71.43,78.19,1291.75,16.371,2.1748
17/05/2018,71.47,80.09,1288.85,16.481,2.0998
18/05/2018,71.23,78.38,1287.2,16.455,2.0498
21/05/2018,72.26,78.34,1285.85,16.52,2.0415
22/05/2018,72.09,80.42,1293.9,16.575,2.0915
23/05/2018,71.85,78.69,1294.0,16.405,1.9998
24/05/2018,70.77,78.9,1296.35,16.687,1.9665
25/05/2018,67.92,76.6,1303.95,16.546,1.8582
29/05/2018,66.8,74.51,1302.05,16.373,1.6999
30/05/2018,68.24,75.89,1298.6,16.544,1.6915
31/05/2018,66.98,76.45,1303.5,16.458,1.6832
04/06/2018,64.76,73.41,1294.65,16.431,1.9832
06/06/2018,64.75,73.23,1295.25,16.694,1.8832
07/06/2018,65.96,75.23,1298.3,16.815,1.7999
08/06/2018,65.77,75.11,1299.2,16.741,1.8332
11/06/2018,66.1,74.58,1296.05,16.952,1.7915
12/06/2018,66.38,74.86,1298.3,16.891,1.9082
13/06/2018,66.63,75.07,1294.4,16.991,1.8915
14/06/2018,66.91,74.77,1305.3,17.262,1.7915
15/06/2018,65.01,72.02,1300.1,16.48,1.7415
18/06/2018,65.91,74.87,1281.25,16.44,1.7499
19/06/2018,65.09,74.92,1279.0,16.323,1.7665
20/06/2018,65.92,74.25,1273.25,16.309,1.7749
21/06/2018,65.68,72.87,1263.7,16.326,1.6749
22/06/2018,69.02,73.67,1269.7,16.459,1.7249
25/06/2018,69.91,72.82,1269.8,16.328,1.6832
26/06/2018,75.23,73.58,1257.15,16.2662,1.6415
27/06/2018,77.41,76.09,1256.8,16.1854,1.5915
28/06/2018,73.45,76.26,1250.5,16.005,1.6332
29/06/2018,74.13,77.44,1250.55,16.1792,1.6832
02/07/2018,73.89,76.71,1249.0,15.835,1.6415
03/07/2018,74.19,75.87,1245.85,16.043,1.6832
06/07/2018,73.78,74.98,1254.2,16.069,1.7082
09/07/2018,73.93,77.08,1262.6,16.139,1.7665
11/07/2018,70.47,75.35,1250.0,15.817,1.6165
12/07/2018,70.28,72.11,1244.85,15.977,1.7082
13/07/2018,71.03,74.11,1240.5,15.815,1.7082
16/07/2018,68.22,71.03,1244.9,15.812,1.6915
17/07/2018,68.03,70.87,1243.65,15.617,1.7749
18/07/2018,68.78,70.52,1223.45,15.574,1.7415
19/07/2018,69.42,71.94,1217.4,15.402,1.6999
20/07/2018,70.31,71.99,1224.85,15.549,1.7749
23/07/2018,67.9,73.45,1229.45,15.425,1.7665
24/07/2018,70.77,73.53,1224.3,15.52,1.9082
25/07/2018,71.13,73.67,1230.55,15.589,1.9332
26/07/2018,71.59,74.51,1228.35,15.495,1.8832
27/07/2018,68.66,74.84,1219.15,15.493,2.0415
30/07/2018,71.19,74.99,1222.05,15.537,2.0082
31/07/2018,69.88,74.16,1219.2,15.559,1.9915
01/08/2018,68.8,72.28,1222.75,15.452,2.0082
02/08/2018,68.95,72.95,1217.6,15.385,2.0665
03/08/2018,68.49,72.48,1207.7,15.462,2.1165
06/08/2018,69.01,72.51,1212.0,15.348,2.0915
08/08/2018,66.92,70.71,1212.35,15.432,2.0748
13/08/2018,67.25,70.62,1204.4,14.982,1.9915
14/08/2018,67.04,70.77,1195.3,15.053,2.0332
15/08/2018,65.07,68.38,1186.7,14.454,1.8749
16/08/2018,65.44,69.21,1179.65,14.713,1.8832
17/08/2018,65.93,70.14,1176.7,14.631,1.8915
20/08/2018,66.5,71.11,1188.75,14.67,1.9332
21/08/2018,67.32,71.65,1194.1,14.766,1.8582
22/08/2018,67.85,72.96,1196.85,14.75,1.8999
23/08/2018,69.13,73.73,1187.3,14.542,1.8082
24/08/2018,69.71,74.41,1189.95,14.794,1.8582
28/08/2018,68.54,75.91,1212.75,14.799,1.7832
29/08/2018,69.68,76.07,1204.3,14.7422,1.9771
30/08/2018,70.25,77.05,1202.35,14.5472,1.834
31/08/2018,69.84,76.94,1206.85,14.5332,1.8966
04/09/2018,69.82,77.51,1195.75,14.18,1.8071
05/09/2018,68.69,76.68,1194.7,14.22,1.7892
07/09/2018,67.73,75.55,1200.75,14.17,1.834
10/09/2018,67.55,76.77,1195.8,14.181,1.834
11/09/2018,69.29,78.22,1194.0,14.153,1.7356
13/09/2018,68.6,77.66,1206.65,14.244,1.7624
14/09/2018,68.98,77.87,1206.2,14.142,1.825
17/09/2018,68.86,78.22,1196.8,14.223,1.8429
18/09/2018,69.87,79.25,1199.4,14.185,1.9145
19/09/2018,71.08,79.43,1203.0,14.28,1.9055
20/09/2018,70.77,79.03,1203.0,14.305,1.9413
21/09/2018,70.8,78.9,1207.6,14.359,1.9771
24/09/2018,73.23,80.89,1198.75,14.341,1.8787
25/09/2018,73.4,82.21,1199.45,14.493,1.986
26/09/2018,72.22,81.87,1198.8,14.401,2.0308
27/09/2018,72.18,81.54,1196.0,14.29,2.0308
28/09/2018,73.16,82.72,1183.5,14.712,2.0397
01/10/2018,75.37,84.94,1185.3,14.507,2.0397
04/10/2018,74.44,86.07,1199.45,14.59,2.156
05/10/2018,74.26,85.12,1201.1,14.649,2.1471
08/10/2018,74.27,84.22,1194.8,14.329,2.2634
09/10/2018,74.95,85.16,1187.4,14.4,2.3349
10/10/2018,73.18,83.82,1186.4,14.326,2.1739
12/10/2018,71.41,80.71,1218.75,14.635,2.2365
15/10/2018,71.84,80.91,1233.0,14.727,2.2097
16/10/2018,71.93,80.53,1228.85,14.701,2.3886
17/10/2018,69.63,79.91,1226.75,14.663,2.4155
18/10/2018,68.63,80.3,1224.6,14.604,2.317
19/10/2018,69.16,80.38,1228.25,14.65,2.3081
22/10/2018,69.25,80.45,1222.9,14.587,2.3886
23/10/2018,66.49,78.67,1235.6,14.793,2.2992
24/10/2018,66.56,77.34,1231.65,14.676,2.156
25/10/2018,67.25,77.3,1232.15,14.63,2.2097
26/10/2018,67.58,77.4,1236.05,14.7,2.2365
29/10/2018,67,77.56,1230.75,14.442,2.1023
30/10/2018,66.18,75.68,1220.0,14.462,2.2097
31/10/2018,65.31,74.84,1217.7,14.282,2.2544
01/11/2018,63.67,71.25,1223.25,14.777,2.3081
05/11/2018,63.12,72.68,1231.6,14.647,2.3439
06/11/2018,62.16,70.64,1234.85,14.5,2.2813
07/11/2018,61.69,70.1,1235.05,14.569,2.326
09/11/2018,60.19,69.01,1219.05,14.14,2.3081
12/11/2018,59.85,69.81,1207.05,14.011,2.1739
13/11/2018,55.63,65.45,1197.55,13.977,2.1381
14/11/2018,56.16,64.88,1201.45,14.08,2.2008
15/11/2018,56.45,65.61,1210.6,14.263,2.2992
16/11/2018,56.49,65.29,1215.8,14.382,2.2723
19/11/2018,57.16,64.14,1223.55,14.403,2.2097
20/11/2018,53.39,61.5,1223.1,14.269,2.0755
21/11/2018,54.41,61.65,1224.0,14.502,2.1113
23/11/2018,54.41,57.69,1222.15,14.243,1.995
26/11/2018,51.46,59.7,1226.65,14.205,1.8876
27/11/2018,51.31,59.58,1225.05,14.0944,1.9503
28/11/2018,50.06,57.97,1213.2,14.3438,2.0218
29/11/2018,51.46,58.29,1226.45,14.2958,2.0129
30/11/2018,50.78,57.71,1220.45,14.1268,2.0218
03/12/2018,52.98,60.17,1231.05,14.41,2.1202
04/12/2018,53.21,61.22,1239.25,14.552,2.0397
06/12/2018,51.54,57.83,1236.45,14.42,2.0845
07/12/2018,52.76,61.71,1241.2,14.606,1.986
10/12/2018,51.07,60.29,1246.8,14.513,1.8966
12/12/2018,51.04,59.94,1244.75,14.755,2.0397
13/12/2018,52.69,59.03,1244.45,14.76,2.0397
14/12/2018,51.26,58.56,1239.15,14.542,2.0039
17/12/2018,49.8,57.59,1239.1,14.664,2.0218
18/12/2018,46.12,55.26,1248.8,14.607,2.0666
19/12/2018,47.96,55.6,1248.6,14.723,2.0755
20/12/2018,45.64,52.84,1255.0,14.755,2.0576
21/12/2018,45.38,51.93,1257.6,14.586,1.9592
27/12/2018,44.48,51.49,1271.1,15.2458,1.986
28/12/2018,45.15,50.57,1277.25,15.392,1.995
02/01/2019,46.31,54.06,1287.2,15.649,2.1739
03/01/2019,46.92,53.23,1287.95,15.797,2.165
04/01/2019,47.76,55.64,1290.35,15.786,2.326
07/01/2019,48.27,57.1,1291.5,15.756,2.2992
08/01/2019,49.58,56.91,1283.9,15.713,2.3081
10/01/2019,52.42,60.47,1292.4,15.643,2.4065
11/01/2019,51.44,59.24,1292.8,15.656,2.3618
14/01/2019,50.31,58.8,1293.7,15.686,2.317
15/01/2019,51.8,58.65,1289.35,15.62,2.2813
16/01/2019,52.08,59.81,1290.5,15.638,2.326
17/01/2019,51.83,59.85,1294.0,15.536,2.317
18/01/2019,53.6,62.04,1285.05,15.399,2.3349
22/01/2019,52.59,60.9,1284.75,15.325,2.2544
23/01/2019,52.44,61.05,1284.9,15.38,2.4155
24/01/2019,52.94,61.09,1279.75,15.3,2.3797
25/01/2019,53.53,61.49,1282.95,15.699,2.4244
28/01/2019,51.79,59.71,1301.0,15.765,2.2992
29/01/2019,53.07,60.98,1308.35,15.839,2.326
30/01/2019,54.18,61.89,1312.95,15.927,2.487
31/01/2019,53.84,62.46,1322.5,16.072,2.496
01/02/2019,55.29,61.86,1320.75,15.931,2.4423
04/02/2019,54.57,62.26,1311.0,15.886,2.3707
05/02/2019,53.69,61.67,1314.0,15.836,2.3528
07/02/2019,52.68,61.01,1306.6,15.713,2.2634
08/02/2019,52.75,61.37,1311.1,15.809,2.317
12/02/2019,53.14,62.58,1311.6,15.69,2.3797
13/02/2019,53.84,63.27,1311.15,15.652,2.3439
14/02/2019,54.4,64.0,1305.65,15.528,2.4065
15/02/2019,55.58,65.65,1318.0,15.743,2.4244
19/02/2019,56.12,65.86,1329.55,15.967,2.4333
20/02/2019,56.9,66.82,1345.75,16.177,2.5228
21/02/2019,56.95,66.91,1335.05,15.801,2.7644
22/02/2019,57.01,66.91,1322.25,15.914,2.9522
25/02/2019,55.32,64.02,1329.15,15.8496,3.1311
26/02/2019,55.4,64.51,1327.55,15.8696,3.1311
27/02/2019,56.92,65.55,1326.45,15.7284,3.0596
28/02/2019,57.21,65.03,1325.45,15.6148,3.1133
01/03/2019,55.76,63.71,1309.95,15.256,3.2743
04/03/2019,56.6,64.44,1287.45,15.105,3.3011
05/03/2019,56.55,64.24,1285.0,15.105,3.3995
06/03/2019,56.22,64.51,1285.55,15.085,3.5069
07/03/2019,56.6,64.82,1286.4,15.04,3.3906
12/03/2019,56.89,65.33,1296.95,15.413,3.328
13/03/2019,58.27,65.89,1308.4,15.456,3.659
14/03/2019,58.59,66.18,1299.2,15.171,3.6053
15/03/2019,58.51,66.11,1302.65,15.324,3.6232
18/03/2019,59.09,66.65,1305.35,15.322,3.8379
19/03/2019,59.12,67.13,1308.35,15.372,3.7395
20/03/2019,60.12,68.35,1303.0,15.318,3.8021
21/03/2019,59.98,68.3,1317.3,15.437,3.6948
22/03/2019,58.87,66.29,1311.1,15.407,3.4532
25/03/2019,58.71,67.37,1319.35,15.567,3.4622
26/03/2019,59.87,67.51,1315.25,15.429,3.65
27/03/2019,59.39,67.35,1318.25,15.298,3.4085
28/03/2019,59.29,66.08,1306.9,14.973,3.5606
29/03/2019,60.19,67.93,1291.15,15.11,3.6769
01/04/2019,61.59,69.08,1291.9,15.099,3.8916
02/04/2019,62.53,69.68,1287.2,15.061,3.8737
03/04/2019,62.46,69.21,1291.85,15.102,3.9363
04/04/2019,62.12,69.8,1291.6,15.084,3.9184
09/04/2019,64.05,71.02,1301.85,15.211,3.8468
10/04/2019,64.62,71.63,1304.8,15.244,3.7484
11/04/2019,63.61,71.3,1304.65,14.867,3.6053
12/04/2019,63.86,71.57,1296.15,14.963,3.6679
15/04/2019,63.43,70.9,1286.75,14.975,3.6948
16/04/2019,64.01,70.74,1283.75,14.915,3.5785
17/04/2019,63.74,71.14,1276.1,14.939,3.48
18/04/2019,64.02,70.71,1276.5,14.955,3.4711
23/04/2019,66.24,74.39,1273.45,14.791,3.4174
24/04/2019,65.96,73.59,1273.8,14.916,3.2832
25/04/2019,65.23,74.94,1277.85,14.8952,3.2206
26/04/2019,63.29,71.03,1281.5,15.0382,3.319
29/04/2019,63.39,71.22,1282.15,14.8974,3.2385
30/04/2019,63.83,72.19,1285.15,14.9672,3.2653
02/05/2019,61.75,70.56,1271.45,14.617,3.0954
03/05/2019,61.98,71.95,1270.05,14.978,3.328
07/05/2019,61.41,70.98,1281.3,14.926,3.1401
08/05/2019,62.13,71.09,1287.75,14.862,3.2206
09/05/2019,61.58,70.61,1284.1,14.773,3.158
13/05/2019,60.97,72.35,1282.95,14.777,3.0506
14/05/2019,61.82,72.53,1297.6,14.812,3.1759
15/05/2019,62.03,73.09,1298.9,14.812,3.1759
16/05/2019,62.93,74.7,1295.55,14.539,3.2743
17/05/2019,62.77,73.94,1285.8,14.388,3.3101
20/05/2019,63.12,73.21,1275.25,14.445,3.3369
21/05/2019,63.02,72.94,1276.0,14.41,3.6321
22/05/2019,61.42,71.94,1274.0,14.449,3.7305
23/05/2019,57.65,68.37,1275.95,14.613,3.7126
24/05/2019,58.4,67.98,1281.5,14.555,3.8021
28/05/2019,58.91,70.19,1283.9,14.32,3.8289
29/05/2019,58.84,70.64,1283.5,14.411,3.7126
30/05/2019,56.47,69.55,1276.45,14.491,3.7932
31/05/2019,53.49,66.78,1296.0,14.567,3.7305
03/06/2019,53.25,63.16,1313.95,14.74,3.65
06/06/2019,52.59,62.77,1336.65,14.905,3.8021
11/06/2019,53.3,63.56,1322.65,14.74,4.1778
12/06/2019,51.13,61.66,1336.65,14.753,3.9363
13/06/2019,52.38,63.28,1335.8,14.892,3.9452
14/06/2019,52.47,63.13,1352.45,14.803,3.7842
17/06/2019,51.94,62.56,1333.2,14.829,3.7216
18/06/2019,53.86,63.35,1344.55,14.993,3.8737
19/06/2019,53.74,62.85,1342.4,14.958,3.8021
20/06/2019,56.88,65.44,1381.65,15.492,3.8737
21/06/2019,57.35,65.99,1388.35,15.29,3.8468
24/06/2019,57.73,65.16,1405.45,15.377,3.8021
25/06/2019,57.63,66.24,1429.55,15.3166,3.6948
26/06/2019,59.17,66.85,1406.75,15.3264,3.7216
27/06/2019,59.18,66.78,1402.25,15.2584,3.7932
28/06/2019,58.2,67.52,1413.2,15.3234,3.8558
01/07/2019,58.91,65.1,1390.05,15.193,3.9274
02/07/2019,56,62.72,1393.1,15.238,3.7753
03/07/2019,57.06,63.53,1425.1,15.336,3.7842
05/07/2019,57.35,64.23,1414.4,15.001,3.8558
08/07/2019,57.35,64.89,1404.9,15.05,4.0079
10/07/2019,60.28,66.41,1395.45,15.226,4.0884
11/07/2019,59.93,67.64,1423.1,15.146,4.0526
15/07/2019,59.3,66.86,1416.25,15.365,4.0884
16/07/2019,57.44,65.87,1416.1,15.678,4.1242
17/07/2019,56.5,63.67,1400.8,15.971,4.0526
18/07/2019,55.08,60.7,1420.9,16.198,4.1868
19/07/2019,55.42,61.04,1437.05,16.195,4.1421
22/07/2019,55.87,61.96,1424.45,16.411,4.1152
23/07/2019,56.58,62.28,1417.55,16.476,4.0168
24/07/2019,55.9,63.83,1425.55,16.626,3.8558
25/07/2019,55.88,63.47,1426.35,16.411,3.8021
26/07/2019,56.04,62.46,1418.25,16.397,3.8468
29/07/2019,56.85,62.29,1418.95,16.44,3.8289
30/07/2019,58.04,62.55,1428.45,16.558,3.8379
31/07/2019,58.53,64.07,1430.55,16.405,3.82
01/08/2019,53.64,62.9,1406.4,16.18,3.7126
02/08/2019,55.67,61.12,1436.05,16.27,3.5874
05/08/2019,54.63,59.32,1457.45,16.393,3.319
07/08/2019,51.14,55.03,1487.65,17.196,3.2385
08/08/2019,52.6,56.29,1497.4,16.936,3.3637
13/08/2019,57.05,59.9,1527.2,16.985,3.319
14/08/2019,55.16,57.86,1500.35,17.28,3.1222
15/08/2019,54.51,57.37,1517.65,17.214,3.0685
16/08/2019,54.83,59.0,1509.05,17.122,3.1222
19/08/2019,56.24,59.79,1499.35,16.94,3.0059
20/08/2019,56.18,59.03,1502.65,17.148,3.1401
21/08/2019,55.65,60.6,1499.65,17.151,3.0864
22/08/2019,55.33,59.81,1498.7,17.04,2.9791
23/08/2019,54.08,58.64,1495.5,17.413,2.8896
27/08/2019,54.99,58.44,1531.85,18.182,2.8359
28/08/2019,55.76,60.42,1541.75,18.3732,2.8538
29/08/2019,56.67,60.59,1536.65,18.2606,3.0238
30/08/2019,55.07,61.04,1526.55,18.3106,3.0506
04/09/2019,56.22,60.68,1538.8,19.547,3.0327
05/09/2019,56.33,62.7,1542.6,18.807,3.0864
09/09/2019,57.88,63.99,1509.95,18.167,3.1401
10/09/2019,57.37,64.67,1494.6,18.186,3.2206
12/09/2019,55.13,60.76,1502.95,18.177,3.2296
13/09/2019,54.76,61.25,1506.3,17.569,3.149
16/09/2019,63.1,68.42,1502.05,18.026,3.1133
17/09/2019,59.26,65.59,1499.3,18.14,3.149
18/09/2019,58.19,64.29,1502.2,17.919,3.0864
19/09/2019,58.19,64.25,1498.4,17.884,3.0059
20/09/2019,57.92,65.23,1504.1,17.849,3.0148
23/09/2019,58.69,64.66,1519.5,18.711,3.0417
24/09/2019,57.22,64.13,1520.25,18.628,2.9433
25/09/2019,56.38,62.41,1530.85,18.073,3.0059
26/09/2019,56.24,62.08,1507.05,17.912,2.9522
27/09/2019,55.95,62.48,1496.15,17.652,2.918
30/09/2019,54.09,60.99,1487.6,16.998,2.8905
01/10/2019,53.6,60.06,1466.1,17.302,2.8997
04/10/2019,52.84,59.13,1509.5,17.625,2.9728
07/10/2019,52.76,59.46,1502.15,17.54,2.8997
09/10/2019,52.63,59.7,1503.4,17.81,2.7625
10/10/2019,53.57,59.08,1508.2,17.602,2.8905
15/10/2019,52.81,59.19,1494.75,17.384,2.9454
16/10/2019,53.42,59.3,1482.55,17.427,2.8814
17/10/2019,53.89,59.35,1484.45,17.612,2.8631
21/10/2019,53.28,58.95,1490.85,17.602,2.9363
22/10/2019,54.21,60.5,1487.45,17.5,3.0277
23/10/2019,55.9,60.52,1494.25,17.58,3.0277
24/10/2019,56.11,61.71,1488.85,17.804,2.799
25/10/2019,56.52,62.06,1504.65,17.926,2.7259
28/10/2019,55.6,60.39,1505.05,17.876,2.7807
29/10/2019,55.34,61.05,1492.75,17.831,2.6984
30/10/2019,54.85,60.22,1490.15,17.867,2.6801
31/10/2019,54.02,59.3,1506.4,18.067,2.671
01/11/2019,56.04,60.17,1509.85,18.052,2.7259
04/11/2019,56.33,62.52,1509.2,18.066,2.735
06/11/2019,56.15,62.11,1488.55,17.598,2.7716
07/11/2019,56.91,62.6,1484.1,17.01,2.8082
12/11/2019,56.67,62.19,1455.0,16.692,2.5887
13/11/2019,56.88,62.27,1463.45,16.913,2.4789
14/11/2019,56.57,62.46,1467.65,17.028,2.4972
15/11/2019,57.54,63.32,1465.6,16.948,2.5338
18/11/2019,56.82,62.82,1458.4,17.0,2.4789
19/11/2019,54.93,62.37,1464.9,17.118,2.5155
20/11/2019,56.71,63.8,1475.7,17.115,2.4697
21/11/2019,58.36,64.99,1468.9,17.065,2.5887
22/11/2019,57.68,64.83,1471.3,17.0,2.5978
25/11/2019,57.79,64.67,1459.45,16.8966,2.6893
26/11/2019,58.25,64.82,1457.65,17.0654,2.7442
27/11/2019,58.12,65.03,1459.8,16.942,2.7167
29/11/2019,58.12,64.5,1456.35,17.0042,2.7076
02/12/2019,55.97,63.2,1457.5,16.87,2.8539
03/12/2019,56.15,62.95,1470.4,17.158,2.7533
04/12/2019,58.46,65.25,1475.85,16.835,2.8265
06/12/2019,59.2,66.5,1474.85,16.507,2.918
09/12/2019,58.99,66.44,1463.6,16.548,2.8722
11/12/2019,58.74,65.37,1468.05,16.76,3.0003
12/12/2019,59.18,66.67,1474.7,16.862,3.1192
13/12/2019,60.11,67.44,1470.6,16.93,3.11
16/12/2019,60.21,68.04,1477.4,17.029,3.11
17/12/2019,60.88,68.99,1478.4,16.986,3.0918
18/12/2019,60.93,69.12,1478.9,16.96,3.0643
19/12/2019,61.3,69.7,1474.4,17.072,3.0826
20/12/2019,60.43,68.66,1476.9,17.143,3.0643
23/12/2019,60.51,67.49,1483.95,17.42,3.229
24/12/2019,61.17,69.26,1490.85,17.769,3.1741
27/12/2019,61.76,68.91,1510.6,17.8872,3.1375
30/12/2019,61.66,68.3,1511.5,17.9638,3.1832
31/12/2019,61.14,67.77,1523.0,17.9024,3.1558
06/01/2020,63.27,70.25,1576.85,18.179,3.1558
07/01/2020,62.7,68.74,1566.5,18.393,3.1649
09/01/2020,59.56,66.58,1547.85,17.936,3.1009
10/01/2020,59.02,66.77,1548.8,18.105,3.1466
13/01/2020,58.17,64.14,1550.35,17.996,3.2747
14/01/2020,58.34,64.45,1544.95,17.742,3.2564
15/01/2020,57.86,63.29,1551.9,17.988,3.1741
16/01/2020,58.52,64.63,1555.2,17.939,3.1832
17/01/2020,58.55,64.05,1556.5,18.073,3.2015
21/01/2020,58.25,63.66,1556.25,17.808,3.1558
22/01/2020,56.76,62.11,1558.1,17.828,3.4028
23/01/2020,55.51,61.26,1554.05,17.829,3.3479
24/01/2020,54.09,59.34,1561.85,18.113,3.2015
27/01/2020,53.09,58.54,1583.45,18.056,2.9545
28/01/2020,53.33,59.37,1579.6,17.458,2.9271
29/01/2020,53.29,59.46,1571.2,17.487,2.8448
30/01/2020,52.19,57.72,1580.4,17.992,2.8539
31/01/2020,51.58,57.77,1580.85,18.012,2.735
03/02/2020,50.06,54.0,1578.85,17.67,2.7716
04/02/2020,49.59,53.9,1571.2,17.561,2.8356
06/02/2020,50.94,55.18,1564.75,17.818,2.7807
10/02/2020,49.59,53.39,1574.05,17.785,2.5338
11/02/2020,50,54.0,1567.7,17.597,2.6527
12/02/2020,51.13,55.54,1566.75,17.497,2.7167
13/02/2020,51.41,56.34,1575.0,17.619,2.6801
14/02/2020,52.03,57.37,1576.35,17.734,2.6618
18/02/2020,52.1,57.35,1588.2,18.15,2.7625
19/02/2020,53.31,59.72,1609.5,18.311,2.799
20/02/2020,53.77,59.57,1610.35,18.319,2.7167
21/02/2020,53.36,58.6,1633.7,18.53,2.6893
24/02/2020,51.36,56.71,1682.35,18.876,2.5429
25/02/2020,49.78,55.29,1655.9,18.2064,2.4606
26/02/2020,48.67,54.96,1647.95,17.866,2.36
27/02/2020,47.17,52.19,1646.6,17.7042,2.2959
28/02/2020,44.83,51.31,1626.35,16.443,2.2502
02/03/2020,46.78,52.52,1609.7,16.739,2.4789
03/03/2020,47.27,52.24,1599.05,17.188,2.3874
04/03/2020,46.78,51.86,1644.8,17.246,2.4149
06/03/2020,41.14,45.6,1687.0,17.263,2.1404
09/03/2020,31.05,35.33,1676.6,17.054,1.6099
11/03/2020,33.13,34.45,1662.5,16.776,1.491
12/03/2020,31.56,31.02,1636.65,16.005,1.2257
13/03/2020,31.72,32.25,1588.15,14.5,1.4544
16/03/2020,28.96,27.98,1504.65,12.816,1.2715
17/03/2020,26.96,27.97,1472.35,12.495,1.3904
18/03/2020,20.48,22.79,1506.0,11.772,1.1251
19/03/2020,25.09,23.98,1480.7,12.134,1.1251
20/03/2020,19.48,25.55,1504.45,12.385,1.1068
23/03/2020,23.33,23.75,1494.5,13.261,0.9788
24/03/2020,21.03,24.5,1599.5,14.257,1.0336
25/03/2020,20.75,25.62,1620.95,14.873,1.18
26/03/2020,16.6,23.55,1620.1,14.676,1.2806
27/03/2020,15.48,22.39,1621.2,14.534,1.1708
30/03/2020,14.1,19.19,1624.45,14.132,1.2166
31/03/2020,20.51,14.85,1604.65,14.156,1.1983
02/04/2020,25.18,20.24,1588.05,14.654,1.1891
03/04/2020,28.36,24.33,1609.75,14.494,1.0519
06/04/2020,26.21,22.58,1636.6,15.169,1.1068
08/04/2020,24.97,25.22,1649.05,15.205,1.2532
09/04/2020,22.9,20.23,1662.5,16.053,1.2715
14/04/2020,20.15,21.74,1715.85,16.13,1.2898
15/04/2020,19.96,19.8,1712.25,15.505,1.2349
16/04/2020,19.82,18.69,1717.85,15.622,1.2166
17/04/2020,18.31,19.75,1693.15,15.295,1.2715
20/04/2020,-36.98,17.36,1684.95,15.614,1.2166
21/04/2020,8.91,9.12,1678.6,14.876,1.1983
22/04/2020,13.64,13.77,1702.65,15.335,1.2074
23/04/2020,15.06,15.06,1727.55,15.357,1.1983
24/04/2020,15.99,15.87,1727.25,15.263,1.116
27/04/2020,12.17,15.17,1717.25,15.2362,1.1251
28/04/2020,12.4,15.6,1708.1,15.2338,1.2532
29/04/2020,15.04,17.86,1706.0,15.253,1.5184
30/04/2020,19.23,18.11,1716.75,14.958,1.4636
05/05/2020,24.56,25.46,1696.3,15.11,1.2821
06/05/2020,23.88,24.2,1698.9,15.015,1.2638
11/05/2020,24.02,25.53,1698.8,15.68,1.2547
13/05/2020,25.37,27.89,1699.85,15.671,1.1264
14/05/2020,27.4,29.87,1716.4,16.156,1.2638
15/05/2020,29.44,30.95,1734.85,17.07,1.218
18/05/2020,31.83,33.3,1756.9,17.468,1.3004
19/05/2020,32.3,33.06,1735.25,17.901,1.3554
20/05/2020,33.56,34.76,1750.05,18.031,1.3462
21/05/2020,34.3,34.78,1732.8,17.364,1.3737
22/05/2020,33.49,33.8,1732.45,17.693,1.3462
26/05/2020,34.7,33.95,1722.75,17.595,1.4195
27/05/2020,32.8,32.73,1705.15,17.757,1.5935
28/05/2020,33.67,33.98,1723.3,17.967,1.5935
29/05/2020,35.57,34.15,1725.65,18.499,1.7309
01/06/2020,35.49,36.74,1734.8,18.827,1.7217
02/06/2020,36.88,37.72,1740.25,18.26,1.8408
03/06/2020,37.33,37.98,1717.6,17.958,1.8957
04/06/2020,37.42,38.41,1706.45,18.061,1.8499
05/06/2020,39.49,41.0,1709.55,17.479,1.9324
08/06/2020,38.17,39.66,1692.0,17.893,2.2895
10/06/2020,39.54,41.18,1717.65,17.796,2.1064
11/06/2020,36.43,37.76,1731.9,17.889,1.8225
15/06/2020,37.07,39.44,1710.4,17.399,1.8774
16/06/2020,38.26,40.75,1728.35,17.652,1.9598
17/06/2020,37.91,40.47,1717.3,17.775,1.9232
18/06/2020,38.79,41.75,1732.65,17.508,1.9507
19/06/2020,39.72,42.33,1728.55,17.847,1.9232
22/06/2020,40.6,43.2,1745.45,17.902,1.9232
23/06/2020,40.4,42.72,1756.6,18.063,1.9781
24/06/2020,37.91,40.4,1775.7,17.67,1.8866
25/06/2020,38.66,41.18,1758.55,17.9262,1.9049
26/06/2020,38.53,40.97,1762.1,18.0882,1.7675
29/06/2020,39.67,41.58,1768.8,18.0304,1.7492
30/06/2020,39.27,41.64,1770.7,18.6178,1.795
01/07/2020,39.88,42.18,1787.4,18.218,1.795
02/07/2020,40.57,43.19,1771.85,18.322,1.8316
07/07/2020,40.59,43.28,1775.5,18.699,1.8316
08/07/2020,40.91,43.67,1799.35,19.161,1.914
10/07/2020,40.56,43.27,1805.75,19.053,1.914
13/07/2020,40.06,42.85,1814.1,19.788,1.9507
14/07/2020,40.3,42.97,1813.4,19.53,2.0423
15/07/2020,41.2,43.96,1813.8,19.761,2.0056
16/07/2020,40.74,43.71,1800.3,19.573,1.969
17/07/2020,40.55,43.53,1810.0,19.764,1.9873
20/07/2020,40.83,43.3,1817.4,20.192,1.9873
21/07/2020,41.76,44.31,1843.9,21.557,2.0056
22/07/2020,41.88,43.98,1865.1,23.144,2.0789
23/07/2020,40.99,42.96,1890.0,22.988,2.0148
24/07/2020,41.23,43.29,1897.5,22.85,2.0056
27/07/2020,41.46,43.39,1931.0,24.501,2.1338
28/07/2020,40.89,43.11,1946.24,24.3,2.1522
29/07/2020,41.13,43.51,1958.16,24.321,2.2712
30/07/2020,39.85,42.98,1950.04,23.362,2.2437
31/07/2020,40.1,43.13,1971.68,24.216,2.1155
04/08/2020,41.67,43.99,2008.5,26.028,2.1705
06/08/2020,41.93,45.04,2058.4,28.4,2.2071
07/08/2020,41.16,44.07,2018.0,27.54,2.1705
10/08/2020,41.94,44.19,2030.3,29.261,2.2895
12/08/2020,42.6,45.09,1940.5,25.979,2.2712
13/08/2020,42.26,44.87,1961.9,27.718,2.2987
14/08/2020,42.05,44.86,1942.3,26.089,2.2895
17/08/2020,42.89,44.91,1989.9,27.667,2.2895
18/08/2020,42.89,45.34,2004.8,28.075,2.4544
19/08/2020,42.91,45.21,1963.5,27.34,2.4544
20/08/2020,42.62,44.56,1938.3,27.147,2.3903
21/08/2020,42.32,43.94,1938.3,26.732,2.3262
24/08/2020,42.44,44.43,1931.5,26.607,2.3536
25/08/2020,43.17,46.01,1915.6,26.273,2.4269
26/08/2020,43.21,45.79,1944.1,27.48,2.3536
27/08/2020,42.88,44.84,1925.0,27.0942,2.4269
28/08/2020,42.96,45.22,1966.8,27.718,2.5185
01/09/2020,42.76,45.72,1970.8,28.645,2.6009
03/09/2020,41.39,42.72,1930.2,26.875,2.6009
04/09/2020,39.69,41.1,1926.2,26.712,2.5643
09/09/2020,38.05,39.98,1946.8,27.083,2.6742
10/09/2020,37.25,39.27,1956.0,27.291,2.6009
11/09/2020,37.33,38.8,1939.5,26.857,2.7383
14/09/2020,37.23,38.57,1954.7,27.355,2.8207
15/09/2020,38.29,39.54,1958.0,27.464,2.894
16/09/2020,40.17,41.23,1962.0,27.476,2.839
17/09/2020,40.99,42.35,1941.3,27.1,2.9397
18/09/2020,41.09,42.16,1953.2,27.129,2.7932
21/09/2020,39.26,40.37,1902.1,24.387,2.7291
22/09/2020,39.55,40.84,1899.3,24.523,2.8207
23/09/2020,39.92,41.09,1860.5,23.105,2.6467
24/09/2020,40.11,41.24,1868.9,23.196,2.6558
25/09/2020,40.06,40.91,1859.5,23.093,2.6284
28/09/2020,40.47,41.59,1876.6,23.604,2.5643
29/09/2020,39.03,40.33,1899.64,24.445,2.4727
30/09/2020,40.05,40.3,1893.9,23.494,2.6925
01/10/2020,38.51,39.75,1916.3,24.254,2.665
02/10/2020,36.9,38.0,1907.6,24.029,2.72
06/10/2020,40.52,41.27,1908.8,23.921,2.894
07/10/2020,39.82,40.62,1890.8,23.896,2.9672
08/10/2020,41.04,42.0,1895.1,23.876,2.9214
09/10/2020,40.44,41.63,1926.2,25.108,2.9489
12/10/2020,39.22,40.5,1928.9,25.271,2.894
13/10/2020,40.03,41.34,1894.6,24.129,3.013
14/10/2020,40.86,41.81,1907.3,24.395,3.0039
15/10/2020,40.84,41.61,1908.9,24.224,3.1779
16/10/2020,40.7,41.34,1906.4,24.405,3.187
19/10/2020,40.69,41.29,1911.7,24.698,3.2145
20/10/2020,41.37,41.62,1915.4,24.98,3.3702
21/10/2020,39.88,40.09,1929.5,25.241,3.4068
22/10/2020,40.46,41.28,1904.6,24.709,3.4251
23/10/2020,39.73,40.71,1905.2,24.675,3.4892
26/10/2020,38.39,39.06,1905.7,24.42,3.4434
27/10/2020,39.34,39.72,1911.9,24.57,3.4434
28/10/2020,37.27,37.86,1879.2,23.359,3.2694
29/10/2020,35.94,36.56,1868.0,23.36,3.3519
30/10/2020,35.64,36.33,1879.9,23.646,3.2694
02/11/2020,36.6,37.78,1892.5,24.033,3.3061
03/11/2020,37.44,38.17,1910.4,24.334,3.535
05/11/2020,38.56,39.47,1946.8,25.191,3.4709
06/11/2020,36.97,38.08,1951.7,25.662,3.5533
09/11/2020,40.05,40.93,1854.4,23.701,3.5259
12/11/2020,40.9,42.16,1873.3,24.306,3.242
13/11/2020,39.93,41.51,1886.2,24.775,3.2603
16/11/2020,41.14,42.71,1887.8,24.802,3.3152
17/11/2020,41.24,42.54,1885.1,24.651,3.4068
18/11/2020,41.64,42.91,1873.9,24.448,3.3427
19/11/2020,41.57,43.09,1861.5,24.048,3.4801
20/11/2020,41.99,43.79,1872.4,24.363,3.3885
23/11/2020,42.91,45.0,1837.8,23.633,3.59
24/11/2020,44.71,46.63,1805.86,23.306,3.8464
25/11/2020,45.58,47.3,1807.78,23.372,4.0021
27/11/2020,45.2,46.88,1785.62,22.5746,4.1028
30/11/2020,45.2,46.84,1779.86,22.5532,3.9838
02/12/2020,45.23,47.8,1830.2,24.039,4.2036
03/12/2020,45.65,48.37,1841.1,24.096,4.0845
08/12/2020,45.64,48.84,1874.9,24.692,4.6523
11/12/2020,46.59,50.01,1843.6,24.042,5.0919
14/12/2020,47.02,50.27,1832.1,23.996,4.8721
15/12/2020,47.58,50.77,1855.3,24.589,5.037
16/12/2020,47.86,50.83,1859.1,24.991,5.1011
17/12/2020,48.34,51.2,1890.4,26.116,5.2567
18/12/2020,49.04,52.17,1888.9,25.96,5.4216
21/12/2020,47.79,50.61,1882.8,26.294,5.4674
22/12/2020,47.02,49.88,1870.3,25.455,5.33
23/12/2020,47.94,51.05,1878.1,25.841,5.3758
24/12/2020,48.18,50.88,1883.2,25.823,5.3483
29/12/2020,47.85,50.44,1882.9,26.1684,5.6963
30/12/2020,48.24,50.74,1893.4,26.539,5.5681
31/12/2020,48.35,51.22,1895.1,26.396,5.4491
04/01/2021,47.47,50.37,1946.6,27.364,5.8795
06/01/2021,50.45,53.8,1908.6,27.042,6.2092
07/01/2021,50.63,53.7,1913.6,27.261,6.4748
11/01/2021,52.15,54.84,1850.8,25.284,6.255
12/01/2021,53.08,55.98,1844.2,25.435,6.5114
13/01/2021,52.81,55.52,1854.9,25.572,6.2275
14/01/2021,53.47,55.76,1851.4,25.802,6.548
15/01/2021,52.25,54.8,1829.9,24.866,5.8703
19/01/2021,52.87,55.38,1840.2,25.32,5.6139
20/01/2021,53.16,55.66,1866.5,25.766,5.6872
21/01/2021,53,55.68,1865.9,25.854,5.6689
22/01/2021,52.28,55.22,1856.2,25.556,5.6597
25/01/2021,52.78,55.44,1855.2,25.484,5.4674
26/01/2021,52.61,55.26,1851.68,25.538,5.5864
27/01/2021,52.81,55.07,1846.5,25.389,5.3209
28/01/2021,52.26,54.87,1839.88,25.922,5.559
29/01/2021,52.16,55.25,1849.7,26.914,5.0461
02/02/2021,54.77,57.62,1833.4,26.402,5.2018
03/02/2021,55.67,58.61,1835.1,26.889,5.2751
08/02/2021,57.95,60.17,1834.2,27.576,5.9161
09/02/2021,58.34,60.74,1837.5,27.402,6.0077
11/02/2021,58.22,61.09,1826.8,27.047,5.5864
18/02/2021,60.4,64.09,1775.0,27.078,5.7055
19/02/2021,59.12,62.84,1777.4,27.254,5.9344
22/02/2021,61.67,64.73,1808.4,28.085,5.9528
23/02/2021,61.66,65.16,1805.9,27.6988,5.9528
24/02/2021,63.21,66.85,1797.9,27.8866,6.2458
25/02/2021,63.43,66.69,1775.4,27.6658,5.6963
26/02/2021,61.55,65.86,1728.8,26.4324,5.3575
02/03/2021,59.7,63.17,1733.6,26.879,5.5864
03/03/2021,61.33,64.7,1715.8,26.387,5.7055
08/03/2021,65.03,68.0,1678.0,25.269,5.7147
09/03/2021,64.02,67.03,1716.9,26.183,5.4949
11/03/2021,66.02,69.34,1722.6,26.193,6.1359
12/03/2021,65.59,68.87,1719.8,25.911,6.1542
15/03/2021,65.36,68.78,1729.2,26.288,5.7879
16/03/2021,64.82,67.95,1730.9,26.003,5.9986
17/03/2021,64.55,67.73,1727.1,26.058,6.1451
18/03/2021,59.95,62.11,1732.5,26.351,6.0169
19/03/2021,61.43,64.0,1741.7,26.321,5.8795
22/03/2021,61.48,63.89,1738.1,25.769,5.7879
23/03/2021,57.75,59.96,1725.1,25.227,5.5132
24/03/2021,61.12,63.7,1733.2,25.231,5.4033
25/03/2021,58.47,61.21,1725.1,25.047,5.385
26/03/2021,60.93,63.77,1732.78,25.114,5.6231
29/03/2021,61.49,64.06,1713.16,24.771,5.7788
30/03/2021,60.55,63.28,1685.16,24.137,5.8795
31/03/2021,59.19,63.52,1715.24,24.532,6.1359
01/04/2021,61.41,63.85,1728.4,24.948,5.8978
06/04/2021,59.34,61.47,1743.0,25.227,6.3924
08/04/2021,59.61,62.09,1758.2,25.585,6.7129
13/04/2021,60.2,62.83,1747.6,25.426,7.1616
14/04/2021,63.15,66.11,1736.3,25.524,7.4913
15/04/2021,63.42,66.13,1766.8,25.964,7.6012
16/04/2021,63.16,65.98,1780.2,26.105,7.821
19/04/2021,63.33,66.54,1770.6,25.837,7.7935
20/04/2021,62.61,65.34,1778.4,25.84,7.6653
21/04/2021,61.34,64.02,1793.1,26.57,7.8302
22/04/2021,61.45,65.07,1782.0,26.18,8.1873
23/04/2021,62.18,65.75,1777.8,26.075,8.1141
26/04/2021,62.02,65.5,1780.1,26.209,8.6269
27/04/2021,63.03,66.25,1778.8,26.418,8.5079
28/04/2021,63.81,67.08,1773.9,26.0982,8.7277
29/04/2021,65,68.26,1768.3,26.0722,8.5903
30/04/2021,63.5,67.73,1767.7,25.869,8.2606
10/05/2021,64.92,68.61,1837.6,27.492,9.0116
11/05/2021,65.31,68.83,1836.1,27.667,9.1947
13/05/2021,63.82,67.36,1824.0,27.059,8.3514
14/05/2021,65.32,69.24,1838.1,27.365,8.2215
17/05/2021,66.24,69.62,1867.6,28.274,8.5184
18/05/2021,65.49,69.01,1868.0,28.333,8.7133
19/05/2021,63.28,66.88,1881.5,28.025,8.2308
20/05/2021,61.95,65.18,1881.9,28.067,8.2864
21/05/2021,63.61,66.72,1876.7,27.486,7.906
24/05/2021,66.13,68.59,1884.5,27.905,7.8874
25/05/2021,66.27,68.8,1898.5,28.056,7.6555
26/05/2021,66.41,68.93,1902.24,27.877,7.8225
27/05/2021,66.87,69.43,1897.38,27.94,7.9709
28/05/2021,66.31,69.36,1904.74,28.014,7.9153
01/06/2021,67.8,70.03,1905.0,28.102,8.5648
04/06/2021,69.57,71.3,1892.0,27.896,8.3978
07/06/2021,69.21,70.89,1898.8,28.018,8.1287
08/06/2021,70.11,71.39,1894.4,27.731,8.0916
10/06/2021,70.34,71.65,1896.4,28.031,8.2029
15/06/2021,72.06,73.38,1856.4,27.693,8.1751
16/06/2021,72.03,73.88,1861.4,27.812,7.7761
17/06/2021,71.06,72.92,1774.8,25.856,7.3956
18/06/2021,71.64,73.1,1769.0,25.969,7.5348
21/06/2021,73.64,74.49,1782.9,26.025,7.7761
22/06/2021,73.15,74.92,1777.4,25.857,7.9153
23/06/2021,73.11,75.22,1783.4,26.111,8.0545
24/06/2021,73.31,75.95,1776.7,26.05,8.4164
25/06/2021,74.21,76.45,1777.8,26.0948,8.0916
28/06/2021,72.98,74.78,1780.7,26.2354,8.0452
29/06/2021,73.14,75.38,1763.6,25.8894,8.3792
30/06/2021,73.52,76.94,1771.6,26.1882,8.1473
01/07/2021,75.33,76.69,1776.8,26.1,7.9895
06/07/2021,73.62,75.81,1794.2,26.174,7.8874
07/07/2021,72.22,74.31,1802.1,26.129,8.1751
09/07/2021,74.56,77.14,1810.6,26.234,7.9709
12/07/2021,74.21,76.77,1805.9,26.239,8.3792
13/07/2021,75.24,77.5,1809.9,26.14,8.4164
14/07/2021,73.06,75.74,1825.0,26.271,8.2679
15/07/2021,71.67,74.53,1829.0,26.394,8.3792
16/07/2021,71.76,74.46,1815.0,25.795,8.1009
19/07/2021,66.45,69.33,1809.2,25.144,7.7482
20/07/2021,67.32,70.03,1811.4,24.995,7.8782
21/07/2021,70.26,72.54,1803.4,25.255,8.1194
22/07/2021,72.15,74.25,1805.4,25.381,8.138
23/07/2021,72.24,74.86,1801.8,25.233,8.1194
26/07/2021,72.15,74.79,1799.2,25.318,8.4813
27/07/2021,71.68,74.87,1800.18,24.649,8.3514
28/07/2021,72.37,75.09,1800.54,24.877,8.2493
29/07/2021,73.62,76.3,1832.4,25.782,8.8061
30/07/2021,73.93,77.72,1814.12,25.547,8.2586
02/08/2021,71.31,73.91,1819.8,25.575,8.24
03/08/2021,70.64,73.24,1811.7,25.582,8.24
04/08/2021,68.19,70.99,1812.2,25.461,8.3328
06/08/2021,68.26,71.02,1761.1,24.326,7.9091
09/08/2021,66.56,69.65,1724.4,23.269,7.9091
10/08/2021,68.33,71.14,1729.7,23.392,8.0619
11/08/2021,69.3,71.99,1751.2,23.488,8.081
12/08/2021,69.12,71.79,1749.8,23.116,7.8995
13/08/2021,68.36,70.9,1776.0,23.779,7.7562
16/08/2021,67.44,70.07,1787.6,23.791,7.4697
17/08/2021,66.5,69.4,1785.7,23.659,7.2786
18/08/2021,65.36,68.61,1782.3,23.422,6.9443
19/08/2021,63.69,66.8,1780.9,23.23,6.5145
20/08/2021,62.25,65.51,1781.8,23.112,6.5336
23/08/2021,65.65,69.07,1804.0,23.656,6.524
24/08/2021,67.5,71.21,1806.3,23.894,6.9921
25/08/2021,68.54,72.12,1788.8,23.775,6.887
26/08/2021,67.42,70.42,1793.0,23.5592,6.6195
27/08/2021,68.84,72.26,1817.2,24.0812,6.8679
31/08/2021,68.43,73.45,1815.8,23.9968,6.438
02/09/2021,70.07,73.56,1809.4,23.918,6.3234
03/09/2021,69.34,73.07,1831.5,24.802,6.3616
07/09/2021,68.49,71.52,1796.3,24.373,6.247
08/09/2021,69.36,72.36,1791.2,24.056,5.9891
09/09/2021,68.26,71.32,1797.8,24.177,6.2661
13/09/2021,70.54,72.97,1792.3,23.796,6.1228
14/09/2021,70.53,73.05,1805.0,23.885,6.0273
15/09/2021,72.59,74.84,1792.6,23.801,6.0751
16/09/2021,72.69,75.14,1754.6,22.794,5.6643
17/09/2021,72.09,74.64,1749.4,22.337,5.3873
22/09/2021,72.37,75.5,1776.7,22.907,5.2918
23/09/2021,73.43,76.44,1747.7,22.679,5.3873
24/09/2021,74.18,77.42,1749.7,22.425,5.1867
27/09/2021,75.54,78.85,1750.4,22.694,5.33
28/09/2021,75.44,78.3,1736.54,22.467,4.8811
29/09/2021,75.06,77.86,1722.34,21.485,4.9097
30/09/2021,75.22,77.81,1756.66,22.047,5.0244
08/10/2021,79.55,82.17,1757.4,22.705,4.9288
11/10/2021,80.64,83.75,1755.7,22.665,4.862
12/10/2021,80.75,83.53,1759.3,22.514,4.862
13/10/2021,80.67,83.53,1794.7,23.17,4.7856
14/10/2021,81.43,83.86,1797.9,23.477,4.7091
15/10/2021,82.39,84.67,1768.3,23.349,4.8238
18/10/2021,82.62,84.13,1765.7,23.264,4.5945
19/10/2021,83.19,85.02,1770.5,23.883,4.413
20/10/2021,84.4,85.76,1784.9,24.445,4.413
21/10/2021,82.64,84.58,1781.9,24.17,4.222
22/10/2021,84.53,85.43,1796.3,24.449,4.2602
25/10/2021,84.64,84.85,1806.8,24.592,4.5085
26/10/2021,85.64,85.11,1793.4,24.088,4.1933
27/10/2021,82.66,84.12,1798.8,24.191,4.2029
28/10/2021,82.78,83.4,1802.6,24.12,4.0978
29/10/2021,83.5,83.1,1783.9,23.949,3.8972
01/11/2021,84.08,84.51,1795.8,24.073,3.9163
02/11/2021,83.91,84.42,1789.4,23.507,3.8017
03/11/2021,80.82,81.1,1763.9,23.231,3.7635
05/11/2021,81.25,82.43,1816.8,24.157,3.6966
08/11/2021,81.96,83.22,1828.0,24.542,3.7635
15/11/2021,80.85,81.94,1866.6,25.105,3.8781
16/11/2021,80.76,82.85,1854.1,24.944,3.6871
17/11/2021,78.32,80.67,1870.2,25.167,3.6298
18/11/2021,78.92,82.45,1861.4,24.9,3.4101
19/11/2021,76.11,80.24,1851.6,24.781,3.6298
22/11/2021,76.74,80.97,1806.3,24.297,3.7062
23/11/2021,78.32,83.43,1783.8,23.435,3.859
24/11/2021,78.32,82.37,1784.82,23.4996,3.9163
26/11/2021,78.32,72.37,1786.54,23.113,3.8208
29/11/2021,69.88,73.34,1784.04,22.8116,3.8208
30/11/2021,66.14,70.86,1775.92,22.781,3.668
01/12/2021,65.44,69.53,1784.3,22.309,3.6107
02/12/2021,66.6,70.56,1762.7,22.286,3.9354
03/12/2021,66.39,70.71,1783.9,22.452,3.8972
07/12/2021,71.94,75.54,1784.7,22.493,4.1551
08/12/2021,72.43,75.94,1785.5,22.4,4.1742
10/12/2021,71.71,74.98,1784.8,22.16,4.1169
13/12/2021,71.19,74.12,1788.3,22.291,4.1647
14/12/2021,70.57,73.37,1772.3,21.889,4.0596
15/12/2021,70.89,73.71,1764.5,21.514,4.0405
16/12/2021,72.34,74.64,1798.2,22.454,4.2793
17/12/2021,70.93,72.97,1804.9,22.511,4.2315
20/12/2021,68.69,70.51,1794.6,22.27,3.8972
21/12/2021,71.1,72.85,1788.7,22.494,4.0883
22/12/2021,72.82,74.69,1802.2,22.786,4.1265
23/12/2021,73.89,76.26,1811.7,22.913,4.1169
29/12/2021,76.58,78.63,1805.8,22.8394,4.136
