date,btc_p,ltc_p,eth_p,xrp_p,doge_p
04/01/2016,426.57,3.493,0.96,0.00741781,0.000224188
06/01/2016,431.32,3.479,0.9426,0.00580939,0.000233578
07/01/2016,429.99,3.44,0.95,0.00678673,0.000302051
08/01/2016,457.88354,3.58399,0.94,0.00590626,0.000223013
11/01/2016,449.13,3.52817,1.0,0.00810233,0.000220988
12/01/2016,452.2306,3.59492,1.07,0.00670215,0.000214374
13/01/2016,440.0,3.522,1.2249,0.00579364,0.000177094
14/01/2016,433.9817,3.49,1.13741,0.00552936,0.000174839
15/01/2016,430.57504,3.48,1.17,0.00522933,0.000149139
19/01/2016,390.1,3.07283,1.46624,0.00527071,0.000148104
20/01/2016,381.10022,2.975,1.35506,0.00538087,0.00016804
21/01/2016,419.0501,3.41683,1.40261,0.00531257,0.000163254
22/01/2016,412.31,3.222,1.49593,0.00511437,0.000168246
25/01/2016,400.6801,3.13808,2.1,0.00513465,0.000211721
26/01/2016,394.01,3.06401,2.59554,0.005419,0.000356273
27/01/2016,395.95,3.13027,2.32771,0.00650588,0.000455076
28/01/2016,395.35535,3.35501,2.4,0.00622596,0.000344136
29/01/2016,380.0,3.12411,2.54645,0.00683954,0.000316405
02/02/2016,372.19,3.04003,2.16537,0.00676827,0.000262285
03/02/2016,373.4899,3.00316,2.44653,0.00803018,0.000244038
08/02/2016,372.1236,3.03,2.89791,0.00568961,0.000205658
09/02/2016,373.47,2.98943,3.18997,0.00596991,0.000234958
11/02/2016,380.0,3.06,4.35017,0.00822232,0.000220111
12/02/2016,377.76,2.92586,5.99986,0.00666045,0.00021611
16/02/2016,392.0009,3.04434,5.15216,0.00845089,0.000291608
17/02/2016,405.5,3.13609,4.25011,0.00813791,0.000278482
18/02/2016,413.86,3.17947,3.7909,0.0079953,0.000277825
19/02/2016,421.17,3.19,4.4891,0.00824475,0.00029683
22/02/2016,433.389,3.42,4.63,0.00805031,0.000282672
23/02/2016,433.5111,3.39,5.598,0.00796969,0.000279807
24/02/2016,417.47006,3.41042,5.55,0.00807609,0.000277561
25/02/2016,423.2028,3.30226,6.23427,0.00802735,0.000269377
26/02/2016,421.85,3.37213,6.09999,0.00805793,0.000259282
29/02/2016,430.7793,3.38838,6.49862,0.00792256,0.000249722
02/03/2016,431.48,3.34515,7.55,0.00688256,0.000265091
03/03/2016,421.17,3.25417,8.41,0.00816162,0.000244975
08/03/2016,410.01,3.24997,9.487,0.00564585,0.000214071
10/03/2016,411.93,3.24532,11.55,0.00808921,0.000233633
11/03/2016,415.83,3.22005,11.19,0.0080211,0.000217184
14/03/2016,408.32,3.27333,14.39791,0.00847896,0.000238259
15/03/2016,414.431,3.25,12.59969,0.00818572,0.000231457
16/03/2016,415.14,3.29,13.13707,0.00817845,0.000230536
17/03/2016,418.166,3.29,12.54,0.00828658,0.00022273
18/03/2016,419.812,3.26422,10.94,0.00811926,0.000209456
21/03/2016,413.639,3.16214,10.3428,0.00804708,0.000212121
22/03/2016,412.318,3.16013,11.89489,0.00811002,0.000216829
23/03/2016,417.16,3.18301,11.44996,0.00833152,0.000211819
24/03/2016,416.0,3.18764,12.42,0.00823031,0.000213203
29/03/2016,423.0,3.23001,11.5621,0.00756569,0.000254353
30/03/2016,416.7,3.2317,11.635,0.00733186,0.000233931
31/03/2016,412.432,3.16109,11.85,0.00739148,0.000232917
01/04/2016,416.1,3.29989,11.37,0.00595775,0.000143645
04/04/2016,421.497,3.24118,11.61,0.00749112,0.000219614
05/04/2016,420.99,3.24,11.1405,0.00632278,0.00022517
07/04/2016,423.55,3.23001,10.7,0.00702769,0.000289348
08/04/2016,422.01,3.24,10.0687,0.0058156,0.000214621
11/04/2016,420.8,3.19009,8.95092,0.0081568,0.000219455
13/04/2016,426.71,3.27129,7.4785,0.00569468,0.000234482
14/04/2016,423.541,3.21633,8.0,0.00628859,0.00023015
15/04/2016,424.519,3.21,8.4578,0.00642381,0.000232586
18/04/2016,427.55,3.24001,9.3205,0.00698693,0.000224585
19/04/2016,427.42,3.24191,9.0,0.00711834,0.00022162
20/04/2016,436.277,3.24783,8.6876,0.00724408,0.000226153
21/04/2016,440.965,3.22516,8.4701,0.00743345,0.000226439
22/04/2016,450.118,3.35,8.11,0.00728384,0.000223685
25/04/2016,459.5,3.64863,7.95,0.00728307,0.000227371
26/04/2016,461.882,3.81457,7.56491,0.00709523,0.000230016
27/04/2016,467.5,4.12315,7.43,0.0067247,0.000223704
28/04/2016,444.01,3.87399,7.76876,0.00668642,0.000227532
29/04/2016,450.42,3.8,7.2218,0.00675929,0.000226266
02/05/2016,452.072,3.67215,8.79,0.00726208,0.000305498
04/05/2016,451.75,3.75,9.38359,0.00747418,0.000213744
05/05/2016,447.841,3.73,9.46589,0.00619273,0.000221104
09/05/2016,459.1,3.9264,9.535,0.00593207,0.000236252
10/05/2016,461.99,4.03778,9.351,0.00743457,0.000233063
12/05/2016,453.21,3.86099,9.98,0.00643353,0.000214793
13/05/2016,455.95,3.87678,10.13,0.00610943,0.000235892
16/05/2016,457.649,4.1,9.93,0.00602193,0.000229013
17/05/2016,453.769,4.01163,11.13,0.0060232,0.000226087
18/05/2016,453.283,3.99571,12.14288,0.00602837,0.000227971
19/05/2016,452.35,4.00677,13.499,0.00603217,0.000225137
20/05/2016,429.0,3.80978,14.45,0.00608378,0.000227861
23/05/2016,437.45,3.86145,14.2,0.00590909,0.000225129
24/05/2016,442.99,3.95068,13.35,0.00596184,0.000224255
25/05/2016,444.516,3.95357,12.7,0.00575596,0.000224294
26/05/2016,448.3,3.93109,12.5,0.00566894,0.000228128
27/05/2016,452.409,3.99898,12.301,0.00567922,0.000229745
31/05/2016,529.0,4.47715,12.63097,0.00570616,0.00023128
01/06/2016,531.19,4.5568,14.06591,0.00600329,0.000134536
06/06/2016,574.074,4.89413,13.95997,0.00576923,0.000235529
07/06/2016,585.0,4.99629,13.94782,0.00669065,0.000283728
09/06/2016,581.98,4.8,14.3879,0.00591174,0.000240823
10/06/2016,575.014,4.75447,14.45,0.0073823,0.000223193
13/06/2016,667.063,5.28101,15.66,0.00582391,0.000297835
14/06/2016,703.369,5.25872,17.65865,0.00710519,0.000319725
15/06/2016,685.75,5.1661,18.86699,0.0068867,0.000312602
16/06/2016,696.0,5.20637,18.45,0.00667619,0.000334664
17/06/2016,763.008,5.71709,20.48967,0.00669322,0.000321167
20/06/2016,765.49,5.5304,12.23579,0.00662603,0.000323233
21/06/2016,735.39,5.33883,11.7606,0.00617174,0.000307247
22/06/2016,667.725,4.87,13.21691,0.00649479,0.000265731
23/06/2016,601.936,4.07154,13.39,0.00638054,0.000279926
24/06/2016,627.375,4.07699,13.6405,0.00643372,0.000281366
27/06/2016,630.0,4.03,13.97,0.00639849,0.000288071
28/06/2016,663.498,4.24816,14.09,0.00677267,0.000301306
29/06/2016,649.322,4.08491,12.122,0.00677719,0.000295862
30/06/2016,643.119,4.06146,12.6,0.00665713,0.000304281
01/07/2016,671.524,4.16053,12.4545,0.00603918,0.000139256
06/07/2016,669.21,4.54996,10.54,0.00577962,0.000239545
07/07/2016,677.1,4.39337,10.45771,0.0065984,0.000274594
11/07/2016,650.07,4.12997,11.06043,0.00810845,0.000239014
12/07/2016,650.78,4.20323,10.5,0.00685103,0.000213961
13/07/2016,666.0,4.2,10.58,0.00641063,0.000262525
14/07/2016,655.11,4.17853,10.421,0.00638492,0.000262081
15/07/2016,662.99,4.17491,11.6,0.00644201,0.000264057
18/07/2016,681.86,4.13161,11.24449,0.00648188,0.000252348
19/07/2016,674.79,4.18051,11.06836,0.00640525,0.00024512
20/07/2016,673.092,4.18098,11.719,0.00639476,0.000243511
21/07/2016,666.161,4.14282,12.499,0.00641633,0.000237462
22/07/2016,665.88,4.11099,12.679,0.00630293,0.000237191
25/07/2016,663.366,4.06187,12.78798,0.0062463,0.00024544
26/07/2016,651.871,4.04,13.815,0.00599762,0.000239749
27/07/2016,650.0,3.97287,11.84952,0.00596901,0.000236956
28/07/2016,656.979,3.94306,13.03996,0.00597362,0.000238
29/07/2016,656.08,3.95623,12.89129,0.00611078,0.000237517
01/08/2016,622.57,3.94,11.87998,0.00593331,0.00015829
02/08/2016,602.551,3.84,10.89968,0.00799082,0.000286896
03/08/2016,540.0,3.59459,8.6,0.00794937,0.000219746
04/08/2016,569.82,3.73,10.37108,0.00667077,0.000210978
08/08/2016,595.0,3.73319,10.9762,0.00602678,0.000236832
09/08/2016,591.831,3.60152,11.23323,0.0059016,0.000227986
11/08/2016,591.0,3.76567,12.22799,0.00820628,0.000229345
12/08/2016,588.01,3.78506,11.7128,0.00709728,0.000214565
15/08/2016,570.56,3.60656,11.1389,0.00604495,0.000238369
16/08/2016,566.521,3.55202,11.18251,0.00614018,0.000258418
17/08/2016,579.61,3.6399,11.21,0.00610892,0.000246971
18/08/2016,573.28,3.62985,10.777,0.0061217,0.00024715
19/08/2016,575.56,3.58214,10.799,0.00611939,0.00023269
22/08/2016,581.53,3.61525,11.17001,0.00600015,0.000229018
23/08/2016,584.99,3.67618,11.041,0.00601941,0.00022731
24/08/2016,583.38,0.0,11.0768,0.00605151,0.00023097
25/08/2016,582.109,0.0,11.09,0.00607912,0.000229429
26/08/2016,576.94,0.0,11.337,0.00603018,0.000231181
30/08/2016,575.492,3.81881,10.9505,0.00602617,0.000233264
31/08/2016,578.96,3.79,11.2999,0.00601237,0.000235063
02/09/2016,572.0,0.0,12.0,0.00781542,0.000291881
06/09/2016,0.0,0.0,0.0,0.00578756,0.000265293
08/09/2016,617.335,4.0413,11.58,0.00616306,0.000236527
09/09/2016,630.039,4.03844,11.40003,0.00586911,0.00023038
12/09/2016,609.153,3.93158,11.75498,0.00713467,0.000212465
13/09/2016,611.107,0.0,11.95849,0.00588601,0.000225249
14/09/2016,615.289,3.85124,11.96181,0.00596128,0.000225513
15/09/2016,610.371,3.85707,11.96201,0.00830309,0.000233186
16/09/2016,609.962,3.87113,12.08291,0.00744597,0.000250482
19/09/2016,611.989,3.86699,12.49792,0.00685828,0.000235508
20/09/2016,609.2,3.82635,13.2,0.00678526,0.000232174
21/09/2016,603.8,3.7594,14.43979,0.00682883,0.000231322
22/09/2016,0.0,0.0,13.7895,0.0068427,0.00022751
23/09/2016,595.37,3.76235,13.25,0.00721064,0.000224348
26/09/2016,599.998,3.73282,13.05,0.00796323,0.00022919
27/09/2016,608.979,0.0,12.82151,0.00822923,0.000227515
28/09/2016,606.505,3.841,13.05083,0.00904786,0.000228644
29/09/2016,604.999,0.0,0.0,0.008914,0.000230549
30/09/2016,607.305,3.88157,13.09,0.00883032,0.000234938
03/10/2016,611.837,0.0,13.15611,0.00819045,0.000240696
05/10/2016,612.0,3.83365,13.26172,0.00627243,0.000219869
06/10/2016,614.956,3.86532,13.02,0.00573611,0.000260458
10/10/2016,616.509,3.81841,12.06597,0.00797834,0.000227713
11/10/2016,618.76,3.78278,11.76999,0.00813597,0.000228178
13/10/2016,635.28,3.80419,11.85631,0.00798152,0.000226744
14/10/2016,634.243,3.91363,11.91,0.00876702,0.000226615
17/10/2016,643.28,3.92236,11.97899,0.00803042,0.00022088
18/10/2016,640.976,3.84934,12.01911,0.00835003,0.000221034
19/10/2016,636.97,3.81174,12.568,0.00862711,0.000218594
20/10/2016,631.5,3.8093,12.03679,0.00909187,0.000221065
21/10/2016,630.05,3.77001,12.04775,0.00902918,0.000218363
24/10/2016,657.683,3.9,12.02002,0.00906492,0.000218913
25/10/2016,652.63,3.84115,11.975,0.0088908,0.000219335
26/10/2016,655.889,3.86074,11.35,0.00883466,0.000216089
27/10/2016,677.318,3.95921,11.51,0.00848057,0.000217059
28/10/2016,686.788,3.94638,11.5022,0.00814314,0.000216135
31/10/2016,700.917,4.04822,11.26309,0.00819595,0.000220261
01/11/2016,698.919,4.03078,10.90001,0.00589466,0.000170692
02/11/2016,733.744,4.07164,10.7724,0.00781518,0.000289788
03/11/2016,747.07,4.11579,10.84707,0.00880278,0.00024101
04/11/2016,692.179,3.91627,10.91529,0.00604826,0.000214301
07/11/2016,715.497,3.9,10.951,0.0065339,0.000266849
08/11/2016,707.345,3.90339,10.88468,0.00618942,0.000234973
10/11/2016,722.4,3.8256,10.6929,0.00823435,0.000230159
11/11/2016,714.0,3.80248,10.50006,0.00806511,0.000226798
14/11/2016,701.67,3.86329,10.12356,0.00809752,0.00022317
15/11/2016,706.994,3.85466,10.03473,0.00788052,0.000221789
16/11/2016,711.31,3.9091,10.15551,0.00784161,0.000221047
17/11/2016,741.603,3.90765,10.04,0.00772664,0.000223726
18/11/2016,739.089,3.91457,9.92045,0.00777787,0.000217725
21/11/2016,729.677,3.83,9.5,0.0075663,0.000222126
22/11/2016,737.69,3.94959,9.64298,0.0074339,0.000224213
23/11/2016,749.76,3.94885,9.88088,0.00706124,0.000218521
25/11/2016,738.44,3.86821,9.20754,0.00690204,0.000220455
28/11/2016,729.93,3.89175,8.99205,0.00700797,0.000217786
29/11/2016,734.17,3.8988,8.67695,0.00678022,0.000216629
30/11/2016,732.0,3.8548,8.12767,0.00672261,0.000214199
01/12/2016,742.396,3.83729,8.55385,0.00585438,0.000179768
02/12/2016,752.489,3.90463,8.40341,0.00797939,0.000300687
05/12/2016,769.0,3.9073,7.36101,0.00616706,0.000235389
07/12/2016,758.383,3.49076,7.75812,0.00634967,0.000265492
08/12/2016,765.011,3.65,8.3242,0.00612276,0.000239099
09/12/2016,768.288,3.69703,8.19899,0.0058973,0.000226129
12/12/2016,771.681,3.65843,8.22716,0.00677783,0.00022215
13/12/2016,778.074,3.67072,8.52,0.00670823,0.00021553
14/12/2016,778.72,3.67018,8.3943,0.0067046,0.000217147
15/12/2016,777.559,3.59731,8.21262,0.00666207,0.000215168
16/12/2016,778.11,3.67356,7.75679,0.00671017,0.000216894
19/12/2016,794.041,3.71673,7.8803,0.00654461,0.000218057
20/12/2016,792.52,3.62656,7.61649,0.00649956,0.000219223
21/12/2016,801.249,3.66615,7.65411,0.00644521,0.000227005
22/12/2016,830.0,3.62212,7.82815,0.0063632,0.000225239
23/12/2016,860.0,3.64677,7.57488,0.00628595,0.000236484
28/12/2016,933.0,4.35,7.20999,0.00617283,0.000223304
29/12/2016,978.001,4.56609,7.5484,0.00634061,0.000228483
30/12/2016,974.32,4.42463,8.3,0.00642641,0.000227563
03/01/2017,1017.791,4.55675,8.3965,0.00540783,0.000202775
06/01/2017,1005.989,4.25,10.31859,0.333656996,0.00286663
09/01/2017,916.939,4.03995,10.27581,0.248478994,0.00254337
11/01/2017,909.516,4.67767,10.51713,0.194123998,0.00113767
12/01/2017,789.884,3.945,9.79979,0.255699009,0.00214804
13/01/2017,807.794,4.03001,9.75,0.00659646,0.000208858
17/01/2017,832.806,3.88106,9.6081,0.00680049,0.000215367
18/01/2017,906.393,3.99982,10.23208,0.00670942,0.0002078
19/01/2017,892.312,3.9,10.35,0.00703364,0.000210597
20/01/2017,900.501,3.9,10.44988,0.00667528,0.000208534
23/01/2017,925.01,3.82689,10.78807,0.00669729,0.000208135
24/01/2017,917.968,3.82748,10.80851,0.00653998,0.000202261
25/01/2017,887.845,3.72,10.5,0.00651289,0.000203735
26/01/2017,896.89,3.71801,10.50829,0.00668965,0.00020805
27/01/2017,914.926,3.89417,10.54,0.00641529,0.000204315
30/01/2017,915.702,3.89,10.43361,0.00638051,0.000207922
31/01/2017,920.58,4.1421,10.43576,0.00631431,0.000205666
02/02/2017,988.789,4.07618,10.6655,0.00646913,0.000211405
03/02/2017,1009.996,4.05572,10.7705,0.00599086,0.0002055
06/02/2017,1017.86,3.94289,11.25399,0.303447992,0.00302616
08/02/2017,1050.998,3.96041,11.43001,0.173113003,0.00178833
10/02/2017,988.3,3.76972,10.93949,0.202675998,0.00108536
13/02/2017,1001.017,3.79486,11.3649,0.00625142,0.000207824
14/02/2017,996.394,3.78359,11.31341,0.00627846,0.000208628
15/02/2017,1016.472,3.84348,13.1847,0.00614739,0.00020907
16/02/2017,1015.75,3.90418,12.99848,0.0060273,0.000207491
17/02/2017,1038.501,3.84123,12.9,0.00593549,0.000208676
21/02/2017,1085.45,3.80757,12.47,0.00583183,0.00020843
22/02/2017,1128.458,3.81157,12.78238,0.00585956,0.000201662
23/02/2017,1125.679,3.912,12.69549,0.00589478,0.00020757
24/02/2017,1182.0,3.88249,13.09401,0.0057006,0.000207775
27/02/2017,1167.0,3.89328,14.43998,0.00560862,0.000208376
28/02/2017,1190.212,3.83075,15.37071,0.00553564,0.000204978
01/03/2017,1180.0,3.77,15.63,0.0063859,0.000227103
02/03/2017,1225.0,3.86,17.3,0.00647392,0.000213092
03/03/2017,1254.0,4.05855,18.9871,0.00633945,0.000210722
07/03/2017,1275.0,4.05,19.5,0.259959012,0.00253279
08/03/2017,1224.917,3.95,18.82279,0.174612001,0.0017951
10/03/2017,1187.194,3.90011,17.59999,0.203318,0.00110839
13/03/2017,1224.369,3.85081,23.30013,0.00638493,0.000246985
14/03/2017,1230.0,4.32674,28.19957,0.00638123,0.000237921
15/03/2017,1243.995,4.21874,28.37048,0.00631403,0.000242898
16/03/2017,1252.92,4.35835,34.75,0.00639383,0.000234935
17/03/2017,1165.1,4.34534,44.88999,0.00611606,0.000223222
20/03/2017,1017.937,3.80261,42.36041,0.00697532,0.000236306
21/03/2017,1029.999,4.04161,41.89001,0.00690917,0.00024568
22/03/2017,1109.99,4.07064,42.48308,0.00730094,0.000243432
23/03/2017,1032.01,3.86127,41.24972,0.010582,0.000242123
24/03/2017,1024.03,3.91886,42.70261,0.0105181,0.000264487
27/03/2017,958.791,4.04057,49.99999,0.00959722,0.000254212
28/03/2017,1039.851,4.05974,48.71658,0.00951388,0.000273136
29/03/2017,1043.281,4.19326,50.23677,0.0101013,0.000272136
30/03/2017,1043.43,4.2816,53.01498,0.0132755,0.000303718
31/03/2017,1040.0,7.49488,51.89999,0.020889301,0.00032812
04/04/2017,1148.428,8.58428,44.1153,0.037454899,0.000432034
05/04/2017,1141.998,9.04635,44.74849,0.078914396,0.000744322
07/04/2017,1191.56,10.91921,43.4099,0.254709005,0.00251822
10/04/2017,1211.0,9.27334,43.93521,0.214773998,0.00102438
12/04/2017,1223.499,9.53286,43.95189,0.253571004,0.00246346
13/04/2017,1219.149,11.80772,46.5019,0.034382999,0.000424517
18/04/2017,1197.5,11.22997,47.8,0.0331835,0.000459319
19/04/2017,1202.378,11.03446,49.90852,0.030173199,0.000447593
20/04/2017,1204.2,10.10044,48.00001,0.029983699,0.000443007
21/04/2017,1241.877,11.0,49.31016,0.0327795,0.00045149
24/04/2017,1242.48,15.15856,48.50386,0.0313843,0.00051489
25/04/2017,1251.596,15.0,49.56142,0.032346401,0.000527243
26/04/2017,1276.07,15.53488,49.89999,0.0327968,0.000543756
27/04/2017,1290.521,15.01087,53.24,0.034816001,0.000631937
28/04/2017,1335.493,14.84996,62.59071,0.044475,0.000677997
01/05/2017,1350.717,15.65775,78.367,0.006201,0.000228668
04/05/2017,1513.599,21.49806,80.39984,0.0355445,0.000441552
05/05/2017,1535.415,23.40128,94.39965,0.093550503,0.000839674
09/05/2017,1670.059,28.40103,87.07999,0.215188995,0.00190754
10/05/2017,1721.749,33.5,86.97999,0.237016007,0.00100133
12/05/2017,1836.059,30.73097,88.07932,0.246101007,0.00247949
15/05/2017,1788.04,28.45155,88.33819,0.270720005,0.00112801
16/05/2017,1739.75,25.34005,90.87,0.349860996,0.00105947
17/05/2017,1786.85,23.59999,88.031,0.394131988,0.00131843
18/05/2017,1836.056,25.65995,87.70025,0.364868999,0.00150837
19/05/2017,1900.0,28.49319,96.08999,0.327800989,0.00151757
22/05/2017,2011.106,25.31202,145.25,0.317954004,0.0034051
23/05/2017,2085.992,23.67368,155.6,0.323368013,0.00356202
24/05/2017,2233.975,30.75689,166.94998,0.295890003,0.00365906
25/05/2017,2408.24,33.80884,185.2399,0.246065006,0.00299396
26/05/2017,2259.2,26.99999,168.00014,0.271807998,0.00242357
30/05/2017,2248.427,25.43966,193.30206,0.205323994,0.00262329
31/05/2017,2159.096,23.57136,226.0,0.246590003,0.00265701
01/06/2017,2291.301,25.78003,228.45,0.00631464,0.000219526
02/06/2017,2399.981,27.32096,219.00151,0.00644954,0.000214024
06/06/2017,2690.0,30.67559,247.6,0.284548014,0.00374085
07/06/2017,2871.9,30.27535,263.6,0.254640996,0.00263617
09/06/2017,2811.631,30.39897,260.2379,0.226186007,0.00201855
12/06/2017,2924.879,33.12001,333.09998,0.232544005,0.00266259
13/06/2017,2609.442,28.39001,384.99002,0.266153008,0.00331295
14/06/2017,2710.0,30.3,386.12766,0.278447002,0.00309163
15/06/2017,2452.686,29.05,347.23587,0.259265989,0.00304276
16/06/2017,2428.707,29.26995,345.987,0.262068003,0.00316275
19/06/2017,2497.762,43.42496,349.49,0.296068013,0.00314105
20/06/2017,2584.858,47.02074,356.4797,0.324427009,0.00321813
21/06/2017,2705.1,45.09778,348.49997,0.296366006,0.00312464
22/06/2017,2644.968,43.73207,324.47995,0.297847986,0.00310377
23/06/2017,2684.981,46.0653,321.60077,0.319977999,0.00314277
26/06/2017,2490.126,40.34004,277.00018,0.27728799,0.00275014
27/06/2017,2405.0,37.9,252.23907,0.276306003,0.0026226
28/06/2017,2538.01,39.325,283.66,0.280454993,0.00279303
29/06/2017,2554.021,41.90211,316.2,0.265421003,0.00265579
30/06/2017,2526.074,40.064,292.99945,0.262930006,0.00260168
03/07/2017,2505.571,41.49999,284.0,0.00653433,0.000208639
06/07/2017,2611.387,53.19887,266.3,0.27978301,0.00330153
07/07/2017,2605.641,51.01003,266.49,0.239480004,0.00239723
11/07/2017,2339.229,44.25018,210.0,0.210354,0.00117737
12/07/2017,2302.2,43.80525,190.98997,0.222822994,0.00272014
13/07/2017,2373.846,46.78,223.0,0.200809002,0.00182277
14/07/2017,2338.146,45.4588,204.79752,0.190769002,0.00168127
17/07/2017,1907.239,40.53231,155.2,0.177889004,0.0015197
18/07/2017,2217.0,42.24799,188.72,0.188718006,0.00186367
19/07/2017,2310.8,43.47451,228.0,0.168387994,0.00168884
20/07/2017,2254.998,39.909,193.99,0.188295007,0.00193452
21/07/2017,2850.0,44.75301,227.5,0.182607993,0.00193628
24/07/2017,2761.2,45.28583,229.85,0.192001998,0.00197971
25/07/2017,2752.1,44.686,225.8,0.178103998,0.00177338
26/07/2017,2556.002,42.09,204.0,0.173822001,0.00181014
27/07/2017,2525.0,41.84999,202.21011,0.173456997,0.00185596
28/07/2017,2675.392,41.62096,203.09795,0.165937006,0.0017819
31/07/2017,2797.7,40.712,198.4549,0.167385995,0.0017184
02/08/2017,2727.027,43.0,226.25,0.00643797,0.00021065
03/08/2017,2700.8,41.85878,218.48999,0.00650897,0.000207948
08/08/2017,3395.0,45.8391,269.8,0.192586005,0.0019611
09/08/2017,3430.52,49.10311,296.98,0.211518005,0.00159584
11/08/2017,3433.99,47.46014,300.2,0.217436999,0.00122179
14/08/2017,4084.0,45.30001,298.0,0.169991001,0.00176245
15/08/2017,4355.662,45.9941,302.703,0.161220998,0.00173797
16/08/2017,4172.2,42.9999,286.65015,0.160430998,0.00177439
17/08/2017,4388.0,44.05,302.258,0.157498002,0.0017103
18/08/2017,4291.0,43.94,300.79,0.158883005,0.00167807
21/08/2017,4078.244,46.15,299.44998,0.191918001,0.00171183
22/08/2017,3999.884,48.49997,321.99783,0.239286005,0.00171605
23/08/2017,4104.9,46.51001,314.87537,0.246827006,0.00173174
24/08/2017,4151.0,53.99794,317.315,0.218958005,0.00181637
25/08/2017,4334.682,50.555,326.30374,0.217828006,0.00178962
29/08/2017,4387.828,62.1589,347.54,0.218564004,0.00186691
30/08/2017,4590.169,62.865,371.99,0.228006005,0.00210522
31/08/2017,4579.75,65.8,383.5,0.255629987,0.00206352
01/09/2017,4737.27,73.3708,388.649,0.00616652,0.000229016
05/09/2017,4344.11,70.1002,307.939,0.160073996,0.00123879
06/09/2017,4464.03,74.6,322.98,0.286018997,0.00345254
08/09/2017,4660.0,81.07,337.94,0.182946995,0.00193684
11/09/2017,4287.1,67.84,301.54,0.217488006,0.00141503
13/09/2017,4171.3,66.43,294.0,0.200777993,0.00139819
14/09/2017,3882.2,61.89,276.21,0.164167002,0.000853907
15/09/2017,3254.2,45.49,223.85,0.181357995,0.000865367
18/09/2017,3719.0,51.21,259.11,0.189768001,0.000947436
19/09/2017,4091.5,56.12,297.98,0.184040993,0.000890381
20/09/2017,3911.3,53.09,282.61,0.182078004,0.000862411
21/09/2017,3863.1,51.25,282.36,0.171754003,0.000755163
22/09/2017,3623.9,46.71,258.8,0.17351,0.000772038
25/09/2017,3672.7,47.69,282.95,0.181486994,0.00114061
26/09/2017,3924.0,52.37,295.0,0.186119005,0.00115111
27/09/2017,3885.9,52.04,287.9,0.203299001,0.00117286
28/09/2017,4213.8,57.0,310.32,0.196131006,0.00107998
29/09/2017,4190.0,55.11,302.73,0.193606004,0.0010823
02/10/2017,4383.8,54.68,303.5,0.00628911,0.000207571
03/10/2017,4401.7,53.2,296.66,0.00622738,0.000203927
05/10/2017,4223.6,51.01,291.99,0.186066002,0.00123893
10/10/2017,4772.7,50.06,296.9,0.260733008,0.00103568
11/10/2017,4745.0,50.62,298.02,0.206483006,0.00116264
13/10/2017,5429.9,59.39,302.12,0.260488987,0.0010658
16/10/2017,5673.3,65.31,335.71,0.256231993,0.0011641
17/10/2017,5738.8,64.6,333.42,0.232063994,0.00106735
18/10/2017,5606.5,59.37,316.83,0.218520001,0.00104742
19/10/2017,5580.1,60.89,314.36,0.215149999,0.00106352
20/10/2017,5695.3,59.8,307.87,0.210548997,0.00105019
23/10/2017,5997.6,56.69,294.8,0.196927994,0.00101556
24/10/2017,5902.8,54.66,285.17,0.206643999,0.00109229
25/10/2017,5545.5,55.99,298.4,0.204604,0.00105571
26/10/2017,5761.0,56.39,296.87,0.203628004,0.00105139
27/10/2017,5890.6,55.56,295.56,0.202785,0.00105226
30/10/2017,6130.0,56.75,303.92,0.202711001,0.00115074
31/10/2017,6124.5,56.29,306.2,0.200558007,0.00112424
01/11/2017,6430.5,55.47,304.12,0.00641105,0.000205298
07/11/2017,6970.3,54.64,298.5,0.185019001,0.00177886
08/11/2017,7128.1,60.56,292.07,0.179306999,0.00188013
09/11/2017,7463.5,62.16,308.38,0.214441001,0.00146318
10/11/2017,7152.4,64.22,319.01,0.264438987,0.00104613
13/11/2017,5880.0,58.1,305.13,0.203442007,0.00121112
14/11/2017,6528.0,61.03,314.83,0.209824994,0.0011843
15/11/2017,6660.6,63.22,335.0,0.212955996,0.00133873
16/11/2017,7260.0,63.24,330.15,0.227107003,0.00139029
17/11/2017,7754.5,70.0,325.98,0.226581007,0.0013132
20/11/2017,8000.0,71.08,351.11,0.238758996,0.00139356
21/11/2017,8234.1,72.0,366.52,0.233271003,0.00138909
22/11/2017,8113.1,69.76,361.01,0.238858998,0.001823
24/11/2017,8030.0,73.01,408.75,0.244642004,0.00190814
27/11/2017,9174.3,84.01,464.19,0.253926992,0.00198799
28/11/2017,9590.4,89.84,469.4,0.299151987,0.00236254
29/11/2017,9800.0,92.87,461.56,0.243064001,0.00208044
30/11/2017,9733.1,83.65,424.01,0.250878006,0.00207915
01/12/2017,10088.3,87.59,439.25,0.00642293,0.000208379
04/12/2017,11235.1,100.43,463.09,0.034336001,0.000414131
05/12/2017,11638.0,103.1,467.0,0.206067994,0.00118332
06/12/2017,11730.0,101.0,456.0,0.253964007,0.00325288
07/12/2017,13737.7,97.87,417.01,0.205354005,0.0019381
12/12/2017,16578.0,210.69,500.0,0.373540998,0.0033039
13/12/2017,16889.3,290.54,626.2,0.471062988,0.00346082
14/12/2017,16135.3,294.61,680.0,0.864262998,0.00370903
15/12/2017,16376.1,271.94,685.0,0.756181002,0.00376193
18/12/2017,18920.6,312.78,708.0,0.778406978,0.00643268
19/12/2017,18833.1,353.65,782.53,0.791257024,0.00566597
20/12/2017,17593.7,341.64,808.0,0.775964022,0.00666132
21/12/2017,16220.7,298.75,784.55,1.19306004,0.00742457
22/12/2017,15199.3,297.14,767.75,1.138280034,0.00605373
27/12/2017,15814.5,279.81,749.08,1.399639964,0.00887206
28/12/2017,15445.9,264.87,741.26,1.430879951,0.00848576
29/12/2017,14548.8,249.45,722.01,2.214600086,0.0093909
02/01/2018,13506.1,225.63,757.01,0.962530017,0.00502915
03/01/2018,14882.0,254.6,864.0,0.928346992,0.00621498
05/01/2018,15258.3,240.0,942.04,0.841407001,0.00514427
08/01/2018,16128.4,266.55,1098.0,0.445852,0.0031595
10/01/2018,14515.4,246.05,1284.98,0.576461,0.00594179
11/01/2018,14937.6,251.83,1245.02,0.455722,0.00377677
16/01/2018,13608.3,231.55,1272.88,1.179239988,0.00682216
17/01/2018,11533.2,190.73,1063.0,1.306339979,0.00764791
18/01/2018,11185.0,187.5,1019.97,1.596580029,0.00796893
19/01/2018,11286.0,192.67,1023.43,1.552049994,0.0078706
22/01/2018,11556.0,190.93,1050.0,1.357349992,0.00673356
23/01/2018,10818.0,180.01,1000.5,1.337069988,0.00667335
24/01/2018,10849.9,177.32,985.96,1.357149959,0.00708314
25/01/2018,11419.8,180.99,1063.77,1.312229991,0.00766664
26/01/2018,11159.3,179.05,1048.0,1.217270017,0.00723671
29/01/2018,11629.9,192.24,1221.94,1.32396996,0.00696695
30/01/2018,11150.0,180.26,1166.0,1.138560057,0.00602368
31/01/2018,9979.9,163.63,1055.14,1.162389994,0.00601021
01/02/2018,10100.0,162.3,1105.22,2.480900049,0.00914509
02/02/2018,9045.8,140.78,1021.7,0.884783983,0.00447468
05/02/2018,8130.2,147.07,822.79,0.859094024,0.00527289
07/02/2018,7676.1,141.91,783.2,0.486122012,0.00270315
08/02/2018,7559.1,137.5,748.54,0.430254,0.00294594
13/02/2018,8897.8,161.64,864.53,1.02741003,0.00563752
14/02/2018,8517.7,158.82,839.52,1.14162004,0.00673031
15/02/2018,9489.7,212.79,920.55,1.146860003,0.00734731
16/02/2018,10044.4,222.65,929.03,1.138030052,0.00703369
20/02/2018,11165.1,222.67,940.64,1.089460015,0.00709445
21/02/2018,11242.3,228.73,882.61,1.015390038,0.00658094
22/02/2018,10468.1,210.36,840.35,0.941788018,0.00625877
23/02/2018,9840.2,193.24,804.27,0.998854995,0.00664789
26/02/2018,9580.0,218.27,840.0,0.956858993,0.00633892
27/02/2018,10321.8,218.78,865.37,0.947305024,0.00629111
28/02/2018,10555.0,215.0,871.14,0.904582977,0.00601827
01/03/2018,10309.9,201.84,850.1,3.105370045,0.00931969
05/03/2018,11505.6,213.7,864.9,0.884465992,0.00564099
07/03/2018,10731.5,195.9,815.81,0.485222995,0.00263802
08/03/2018,9903.0,185.45,750.0,0.440571,0.00291776
12/03/2018,9526.2,188.36,719.11,0.348754393,0.002371316
13/03/2018,9102.8,177.66,694.72,0.789710999,0.0039602
14/03/2018,9141.3,175.35,687.3,0.701901972,0.00352358
15/03/2018,8174.2,160.24,610.89,0.697269022,0.00353589
16/03/2018,8249.2,163.48,609.0,0.689260006,0.00351046
19/03/2018,8183.2,153.24,535.19,0.749080002,0.00344003
20/03/2018,8610.2,161.23,554.98,0.709807992,0.00365083
21/03/2018,8912.0,168.73,557.5,0.693664014,0.00365858
22/03/2018,8880.3,168.67,559.74,0.662742972,0.00352812
23/03/2018,8711.5,163.34,539.94,0.643173993,0.00355964
26/03/2018,8444.4,160.14,522.75,0.599462986,0.00328937
27/03/2018,8137.8,148.1,485.66,0.57791698,0.00314489
28/03/2018,7786.7,134.62,447.4,0.578001976,0.00314063
29/03/2018,7943.3,131.54,445.61,0.511511028,0.00282662
04/04/2018,7414.8,133.87,415.84,0.501631021,0.00277028
05/04/2018,6790.4,118.29,377.95,0.895442009,0.00526854
06/04/2018,6763.5,118.39,380.69,0.661424994,0.00353221
09/04/2018,7014.5,117.75,399.99,0.331652,0.00526867
10/04/2018,6773.4,114.85,398.44,0.526606,0.00564533
12/04/2018,6940.9,117.97,430.13,0.35223131,0.002195827
13/04/2018,7919.9,129.9,494.03,0.638086975,0.00399488
16/04/2018,8363.3,132.84,535.0,0.663296998,0.00458453
17/04/2018,8057.1,128.77,511.63,0.65693301,0.00474354
18/04/2018,7893.1,132.59,502.24,0.708931983,0.00541207
19/04/2018,8170.0,140.21,525.76,0.791975975,0.00582386
20/04/2018,8275.7,146.53,566.37,0.924465001,0.00589264
23/04/2018,8811.8,146.72,622.06,0.876657009,0.00548175
24/04/2018,8954.1,152.43,646.3,0.934781015,0.00580015
25/04/2018,9652.2,165.27,704.0,0.800607026,0.00509312
26/04/2018,8855.7,144.63,616.98,0.852414012,0.00562661
27/04/2018,9291.4,153.53,662.82,0.813884974,0.00542153
30/04/2018,9411.2,153.44,689.49,0.837938011,0.00521043
01/05/2018,9243.2,148.38,669.9,3.048710108,0.0121671
02/05/2018,9081.3,148.34,670.69,0.691798985,0.0035332
03/05/2018,9217.1,151.5,687.02,0.95936799,0.00521754
04/05/2018,9735.9,161.39,776.79,0.495801002,0.00271357
09/05/2018,9172.7,158.8,748.38,0.283601,0.00493072
10/05/2018,9305.4,156.45,750.1,0.519026,0.00566891
11/05/2018,9011.0,148.18,724.0,0.497412,0.00362222
14/05/2018,8698.2,144.34,729.79,0.740898013,0.00445996
15/05/2018,8660.8,147.45,727.39,0.698588014,0.00451504
16/05/2018,8462.8,139.19,704.6,0.714080989,0.00438535
17/05/2018,8345.8,139.2,706.01,0.667309999,0.00418828
18/05/2018,8063.4,132.14,667.3,0.680293977,0.00401709
21/05/2018,8518.9,140.1,715.65,0.681586981,0.00427093
22/05/2018,8390.8,134.18,696.68,0.645567,0.00385106
23/05/2018,7989.1,128.24,641.47,0.599593997,0.00359065
24/05/2018,7500.3,118.61,577.15,0.631996989,0.00349918
25/05/2018,7572.0,122.65,601.87,0.611001015,0.00351419
29/05/2018,7102.6,111.11,511.88,0.601240993,0.00343657
30/05/2018,7462.6,119.26,566.5,0.60581702,0.00335353
31/05/2018,7374.9,117.2,556.38,0.612622023,0.00339807
04/06/2018,7716.8,125.2,619.0,0.476431012,0.00267001
06/06/2018,7622.0,122.0,608.05,0.674796999,0.00378681
07/06/2018,7659.8,121.34,605.61,0.479151011,0.00259658
08/06/2018,7679.4,121.27,602.99,0.414081,0.00277911
11/06/2018,6767.9,106.35,525.0,0.54908,0.00369623
12/06/2018,6877.0,107.07,530.59,0.3109364,0.002097142
13/06/2018,6547.2,99.94,495.0,0.534663022,0.00281681
14/06/2018,6294.2,93.59,475.87,0.561306,0.00294403
15/06/2018,6640.7,100.89,519.46,0.537706971,0.00290099
18/06/2018,6440.8,94.93,495.03,0.537495017,0.0030275
19/06/2018,6706.6,98.77,517.45,0.549620986,0.00303335
20/06/2018,6740.2,98.6,537.95,0.539286017,0.00302053
21/06/2018,6755.4,97.82,535.99,0.534775019,0.00298777
22/06/2018,6716.1,96.61,525.37,0.486947,0.00266752
25/06/2018,6150.1,80.53,454.74,0.481752992,0.00248536
26/06/2018,6245.5,81.51,458.82,0.456001014,0.00247793
27/06/2018,6081.3,75.65,430.2,0.470369995,0.0024373
28/06/2018,6134.2,80.78,441.53,0.448457986,0.00235693
29/06/2018,5858.6,74.11,419.5,0.453079998,0.00242718
02/07/2018,6345.8,79.82,451.86,0.723895013,0.00429693
03/07/2018,6617.7,85.39,476.52,0.871209979,0.00402424
06/07/2018,6530.0,83.21,467.35,0.678128004,0.0037318
09/07/2018,6704.7,82.22,486.7,0.291435,0.00530727
11/07/2018,6304.6,75.97,432.82,0.535707,0.00363745
12/07/2018,6377.9,78.1,444.67,0.301997459,0.002104043
13/07/2018,6242.5,76.85,430.45,0.438740999,0.0023325
16/07/2018,6337.4,78.48,448.66,0.483401,0.00285449
17/07/2018,6727.0,83.95,478.28,0.505586982,0.00322786
18/07/2018,7316.9,88.83,499.3,0.486389011,0.00371242
19/07/2018,7379.9,86.23,479.34,0.476433009,0.00384387
20/07/2018,7472.3,86.1,468.45,0.446994007,0.00341
23/07/2018,7401.1,82.33,457.34,0.445275992,0.003431
24/07/2018,7720.0,81.47,449.38,0.457623005,0.00361951
25/07/2018,8389.3,89.24,480.32,0.459829003,0.00354272
26/07/2018,8166.0,86.22,471.3,0.449919999,0.00339319
27/07/2018,7929.2,83.56,462.11,0.453635007,0.00341764
30/07/2018,8213.5,83.91,466.68,0.446107,0.00327264
31/07/2018,8172.3,82.27,456.29,0.435225,0.00294472
01/08/2018,7726.0,78.75,431.59,2.456209898,0.015045
02/08/2018,7604.1,77.48,419.82,0.805262983,0.00456612
03/08/2018,7534.8,76.12,410.64,0.825856984,0.00402491
06/08/2018,7026.9,74.56,408.68,0.67434299,0.00365863
08/08/2018,6717.8,67.34,377.85,0.331944,0.00241452
13/08/2018,6312.1,59.32,318.12,0.277466,0.0023314
14/08/2018,6250.0,56.5,283.88,0.274272,0.00226024
15/08/2018,6196.8,54.35,278.2,0.282005,0.0023033
16/08/2018,6269.5,54.32,281.25,0.292436,0.00229167
17/08/2018,6316.0,55.32,286.68,0.366676,0.00245482
20/08/2018,6477.6,57.86,299.47,0.319283,0.00236862
21/08/2018,6257.2,53.41,270.59,0.335177,0.00242446
22/08/2018,6474.7,56.4,280.48,0.319803,0.00231455
23/08/2018,6350.0,55.18,269.9,0.327709,0.00238532
24/08/2018,6527.2,57.26,275.72,0.327606,0.00242611
28/08/2018,6909.0,60.5,288.26,0.351837,0.00260682
29/08/2018,7076.7,63.14,295.91,0.344803,0.00260555
30/08/2018,7022.7,61.5,288.07,0.335444,0.00320647
31/08/2018,6983.1,60.12,283.94,0.335332,0.00479385
04/09/2018,7256.1,65.23,288.63,0.491854995,0.00276273
05/09/2018,7359.3,67.6,285.0,0.802043021,0.00509255
07/09/2018,6494.8,57.42,229.01,0.474269986,0.00260345
10/09/2018,6231.4,54.54,195.52,0.479857,0.00563504
11/09/2018,6304.5,54.27,197.0,0.500668,0.00314006
13/09/2018,6319.5,51.71,183.0,0.280583,0.0065544
14/09/2018,6487.1,54.58,211.78,0.277159,0.00617982
17/09/2018,6497.9,56.71,219.79,0.272251,0.0062427
18/09/2018,6250.0,52.19,195.76,0.32186,0.00598073
19/09/2018,6330.5,54.21,208.22,0.326053,0.00560898
20/09/2018,6391.0,54.2,209.83,0.449918,0.00569495
21/09/2018,6491.2,56.54,223.9,0.561462,0.00568382
24/09/2018,6700.0,61.39,244.61,0.494712,0.00567737
25/09/2018,6579.2,57.93,228.05,0.526941,0.00568552
26/09/2018,6435.0,57.55,219.1,0.516308,0.0056946
27/09/2018,6453.5,57.17,213.9,0.541381,0.00587883
28/09/2018,6683.8,63.26,229.07,0.539112,0.00583053
01/10/2018,6604.1,60.96,231.95,1.974920034,0.0131021
04/10/2018,6463.9,57.23,219.02,0.491930991,0.00304257
05/10/2018,6547.5,57.97,221.0,0.758237004,0.0048699
08/10/2018,6570.5,57.95,224.54,0.320426,0.00239205
09/10/2018,6610.1,59.15,227.92,0.270321,0.00689239
10/10/2018,6592.5,58.48,226.31,0.462387,0.00555174
12/10/2018,6150.1,50.62,188.19,0.30376572,0.002099965
15/10/2018,6181.9,51.14,191.83,0.447316,0.00521787
16/10/2018,6438.5,53.48,204.73,0.470253,0.00501733
17/10/2018,6460.4,53.1,205.71,0.468197,0.00459894
18/10/2018,6442.5,52.93,203.56,0.457725,0.00438605
19/10/2018,6395.4,51.76,199.09,0.454178,0.0044702
22/10/2018,6410.0,52.25,202.11,0.453109,0.00436553
23/10/2018,6409.6,51.75,201.15,0.462058,0.00417165
24/10/2018,6394.4,52.07,201.12,0.457237,0.00391134
25/10/2018,6413.9,51.91,200.8,0.458052,0.00371707
26/10/2018,6393.9,51.68,199.6,0.459288,0.00398446
29/10/2018,6408.1,51.41,202.42,0.441514,0.0038474
30/10/2018,6266.3,48.52,194.39,0.444759,0.00385037
31/10/2018,6275.0,48.86,195.29,0.448382,0.00376395
01/11/2018,6307.5,49.42,196.88,1.950799942,0.0114693
05/11/2018,6419.9,54.06,210.13,0.684948027,0.00436158
06/11/2018,6405.9,53.48,208.7,0.604066014,0.00323423
07/11/2018,6451.3,55.91,218.43,0.450233012,0.00242506
09/11/2018,6408.8,52.12,210.1,0.26371,0.00632889
12/11/2018,6358.2,50.88,209.79,0.301345277,0.002088297
13/11/2018,6327.3,50.23,208.64,0.510112,0.00294538
14/11/2018,6260.0,48.9,203.25,0.474372,0.00269543
15/11/2018,5602.7,42.74,177.8,0.481708,0.00280036
16/11/2018,5570.6,43.38,178.38,0.471609,0.00274601
19/11/2018,5560.9,41.8,175.78,0.478166,0.00241767
20/11/2018,4741.2,35.81,145.5,0.434726,0.00225447
21/11/2018,4361.4,32.33,127.72,0.447651,0.00244797
23/11/2018,4269.4,31.38,123.29,0.407428,0.00236068
26/11/2018,3931.0,30.39,114.47,0.355451,0.0020985
27/11/2018,3727.1,29.05,106.74,0.360163,0.00208684
28/11/2018,3774.2,30.8,108.63,0.390557,0.00224621
29/11/2018,4219.8,34.36,121.73,0.379562316,0.00224096
30/11/2018,4241.7,33.48,116.26,0.362454863,0.002164732
03/12/2018,4101.9,33.32,114.67,0.801047981,0.00403156
04/12/2018,3832.4,30.48,107.11,0.628736973,0.00379816
06/12/2018,3688.0,28.7,100.5,0.562933028,0.0030892
07/12/2018,3430.5,26.2,89.02,0.435364008,0.00230609
10/12/2018,3539.5,25.29,92.8,0.419115,0.00524696
12/12/2018,3348.1,23.17,86.8,0.307323164,0.002110977
13/12/2018,3435.2,24.01,89.14,0.300025878,0.002065276
14/12/2018,3260.0,22.82,85.19,0.288790419,0.002070136
17/12/2018,3189.7,25.2,83.68,0.328452992,0.002533344
18/12/2018,3502.0,28.87,93.75,0.350161954,0.002683647
19/12/2018,3669.1,30.0,100.99,0.351955572,0.002719619
20/12/2018,3683.6,29.13,99.4,0.378198521,0.002731313
21/12/2018,4074.4,32.45,114.62,0.35857017,0.002544659
27/12/2018,3808.2,30.54,130.34,0.341162009,0.002363812
28/12/2018,3588.6,27.75,114.41,0.376851916,0.002434053
02/01/2019,3820.1,31.7,139.91,0.308517421,0.001916488
03/01/2019,3886.2,32.97,153.51,0.317311575,0.00199449
04/01/2019,3786.5,31.56,146.98,0.312746587,0.002461133
07/01/2019,4041.1,38.88,155.83,0.406861925,0.003237828
08/01/2019,4005.3,37.61,150.52,0.317905751,0.002957387
10/01/2019,3999.9,38.5,149.29,0.249565139,0.002388082
11/01/2019,3623.5,33.37,126.4,0.292641586,0.002630308
14/01/2019,3512.6,29.81,115.32,0.333766192,0.002182836
15/01/2019,3664.9,32.0,128.31,0.327178917,0.002110505
16/01/2019,3587.0,31.05,119.92,0.329700946,0.002137504
17/01/2019,3606.6,31.37,122.14,0.329352743,0.00209371
18/01/2019,3644.0,31.64,122.45,0.324276795,0.002106239
22/01/2019,3533.4,30.91,115.81,0.319490813,0.002057152
23/01/2019,3575.8,31.5,117.91,0.316492046,0.002042895
24/01/2019,3556.1,31.66,116.59,0.317597562,0.002038996
25/01/2019,3571.3,32.43,116.39,0.317164604,0.002118068
28/01/2019,3533.4,32.05,111.46,0.294862849,0.00194356
29/01/2019,3431.0,30.88,105.43,0.289558152,0.001927119
30/01/2019,3395.0,30.67,103.83,0.320461145,0.001961194
31/01/2019,3435.4,31.54,107.5,0.310035807,0.001924973
01/02/2019,3409.6,31.18,105.74,0.375242589,0.002406537
04/02/2019,3415.2,33.07,106.0,0.351499203,0.002794824
05/02/2019,3413.9,33.61,106.03,0.303239383,0.002611397
07/02/2019,3367.4,32.42,103.26,0.400204077,0.003203602
08/02/2019,3360.3,32.83,103.3,0.312393809,0.002908864
12/02/2019,3591.7,42.37,119.52,0.219580691,0.002234858
13/02/2019,3588.9,43.25,121.08,0.304283928,0.001893444
14/02/2019,3574.0,41.27,120.58,0.301909272,0.001896793
15/02/2019,3562.3,40.96,119.37,0.301758532,0.001907527
19/02/2019,3870.7,47.4,144.71,0.323767893,0.002067297
20/02/2019,3888.5,46.85,142.62,0.332879669,0.002078962
21/02/2019,3942.0,51.13,147.29,0.321291145,0.002028275
22/02/2019,3897.1,48.43,144.17,0.32190417,0.002055924
25/02/2019,3732.2,43.54,131.75,0.328509771,0.002029873
26/02/2019,3819.8,45.31,137.54,0.319476711,0.002022785
27/02/2019,3796.2,44.72,135.71,0.313106356,0.002018705
28/02/2019,3799.1,44.94,134.11,0.315077555,0.001976109
01/03/2019,3793.7,45.35,134.52,0.36022376,0.002359584
04/03/2019,3785.7,47.58,129.81,0.34223398,0.003164354
05/03/2019,3700.1,45.62,125.18,0.308222279,0.002720728
06/03/2019,3844.9,52.42,136.49,0.425763605,0.003198058
07/03/2019,3851.7,55.16,136.92,0.40853186,0.003313087
12/03/2019,3850.7,54.6,131.8,0.219869625,0.002217087
13/03/2019,3863.1,56.21,132.91,0.31409778,0.002025127
14/03/2019,3853.4,55.17,131.26,0.312955241,0.002038851
15/03/2019,3853.9,55.59,131.36,0.315051756,0.002048304
18/03/2019,3965.0,60.28,138.02,0.317440138,0.002083029
19/03/2019,3969.6,58.97,136.85,0.319281348,0.002091069
20/03/2019,4000.0,59.32,137.96,0.319610229,0.002060782
21/03/2019,4032.1,60.17,138.78,0.312717592,0.002053635
22/03/2019,3972.4,58.44,134.3,0.311541072,0.002052297
25/03/2019,3969.3,59.54,135.25,0.304055471,0.002043394
26/03/2019,3905.9,58.69,132.94,0.305059564,0.002053978
27/03/2019,3918.9,58.37,133.29,0.312464664,0.002084979
28/03/2019,4025.8,61.35,139.1,0.309246462,0.002073671
29/03/2019,4013.8,60.29,137.35,0.307928631,0.002087465
01/04/2019,4095.2,60.29,141.29,0.356747439,0.00231525
02/04/2019,4137.8,60.36,141.03,0.300197886,0.001895806
03/04/2019,4902.9,77.6,164.62,0.305133074,0.001982248
04/04/2019,4972.2,85.46,161.3,0.332512904,0.003697016
09/04/2019,5285.1,89.45,180.64,0.259904812,0.00268967
10/04/2019,5190.8,86.94,175.9,0.253934692,0.002359905
11/04/2019,5321.0,88.41,177.54,0.299937429,0.002613606
12/04/2019,5041.7,79.46,164.89,0.216347527,0.002208216
15/04/2019,5158.4,83.65,167.98,0.320913465,0.002789931
16/04/2019,5034.8,78.23,160.19,0.327217683,0.002835008
17/04/2019,5204.1,80.92,166.37,0.335452872,0.002809786
18/04/2019,5224.9,79.17,166.57,0.337064658,0.002945788
23/04/2019,5384.0,76.89,171.56,0.321222344,0.002772467
24/04/2019,5525.4,74.18,170.37,0.30231847,0.002599104
25/04/2019,5442.2,73.25,165.6,0.289384162,0.002505726
26/04/2019,5128.7,70.46,152.1,0.298502165,0.002519433
29/04/2019,5156.1,67.88,153.2,0.29428929,0.00246641
30/04/2019,5149.0,66.34,152.29,0.309476229,0.002512727
02/05/2019,5323.3,72.51,158.36,0.299239195,0.001887686
03/05/2019,5390.0,72.38,158.81,0.316506542,0.001985271
07/05/2019,5687.4,74.21,171.2,0.378964283,0.003866596
08/05/2019,5744.0,73.18,166.23,0.323564135,0.003087282
09/05/2019,5939.6,73.79,169.21,0.256345915,0.002531192
13/05/2019,6973.9,84.44,187.94,0.325475054,0.002755881
14/05/2019,7816.3,87.74,196.0,0.409061732,0.003067849
15/05/2019,7993.7,91.54,217.0,0.456004828,0.003308009
16/05/2019,8203.0,102.4,249.13,0.419706776,0.00316822
17/05/2019,7880.7,95.72,264.7,0.386193206,0.002962228
20/05/2019,8194.9,95.03,261.28,0.398002636,0.003041208
21/05/2019,8005.0,91.9,252.2,0.397603235,0.003086417
22/05/2019,7951.9,91.67,255.0,0.37663701,0.002938646
23/05/2019,7622.1,87.73,243.2,0.381204147,0.002960888
24/05/2019,7878.9,89.0,245.67,0.384541474,0.002994594
28/05/2019,8778.7,116.79,271.37,0.446549037,0.003148245
29/05/2019,8720.1,114.94,271.27,0.4437128,0.003127027
30/05/2019,8663.2,114.95,269.5,0.422395416,0.003258309
31/05/2019,8269.6,108.07,254.49,0.438573772,0.003441123
03/06/2019,8742.5,114.51,269.27,0.317031051,0.001982953
06/06/2019,7787.1,103.91,245.88,0.41953965,0.003086919
11/06/2019,8019.9,130.04,247.82,0.310086087,0.002628042
12/06/2019,7921.4,136.26,245.17,0.225505005,0.002226017
13/06/2019,8171.0,136.08,262.5,0.400886911,0.003074462
14/06/2019,8237.6,130.85,255.15,0.405921438,0.003124335
17/06/2019,8976.1,136.71,268.58,0.448079928,0.003190308
18/06/2019,9335.0,134.04,273.74,0.428761381,0.003125074
19/06/2019,9080.5,135.29,264.65,0.436816527,0.0031296
20/06/2019,9277.1,136.66,268.91,0.429822881,0.003160552
21/06/2019,9534.3,135.84,271.99,0.443188365,0.0032227
24/06/2019,10814.1,136.18,305.99,0.47008774,0.003368128
25/06/2019,11020.6,135.29,310.44,0.468229035,0.00339245
26/06/2019,11765.1,135.62,316.88,0.467451034,0.003379237
27/06/2019,12933.7,130.61,334.51,0.408754389,0.003329161
28/06/2019,11148.0,114.18,293.68,0.427315369,0.003489547
01/07/2019,10752.3,122.0,289.5,0.364346652,0.002284903
02/07/2019,10575.9,122.63,293.51,0.291618044,0.001844901
03/07/2019,10837.3,118.55,291.24,0.314766212,0.001990891
05/07/2019,11148.3,119.85,282.57,0.299684464,0.002536462
08/07/2019,11480.7,120.29,306.47,0.311969427,0.00300593
10/07/2019,12570.5,119.38,307.95,0.275684642,0.002390458
11/07/2019,12096.2,108.26,288.46,0.292430951,0.002725448
15/07/2019,10621.1,90.47,237.11,0.315309961,0.003092053
16/07/2019,10840.4,90.59,228.13,0.296725935,0.002824908
17/07/2019,9420.3,79.5,198.67,0.310612625,0.003030224
18/07/2019,9703.9,90.34,211.5,0.323176305,0.003121291
19/07/2019,10636.6,100.97,226.3,0.320605088,0.003058811
22/07/2019,10595.3,99.69,225.47,0.322105592,0.00299675
23/07/2019,10323.9,95.22,217.27,0.309925969,0.002880321
24/07/2019,9840.6,90.07,212.05,0.315947132,0.002915478
25/07/2019,9769.8,94.45,216.51,0.314810483,0.00292124
26/07/2019,9878.0,93.23,219.16,0.323529819,0.00292068
29/07/2019,9531.7,89.95,211.07,0.310658024,0.002840236
30/07/2019,9499.9,90.34,210.69,0.31846984,0.00281747
31/07/2019,9594.1,90.21,209.8,0.320908941,0.002899415
01/08/2019,10090.1,98.85,218.68,0.365314872,0.002275795
02/08/2019,10408.9,98.94,217.38,0.311683128,0.001956328
05/08/2019,10972.4,92.91,222.9,0.30072122,0.002536867
07/08/2019,11458.8,93.04,226.1,0.401532651,0.003558725
08/08/2019,11962.7,90.32,225.97,0.307661235,0.00292822
13/08/2019,11384.2,85.58,211.2,0.296638514,0.002824822
14/08/2019,10857.0,84.3,208.6,0.263342934,0.002721674
15/08/2019,10018.0,75.56,186.2,0.264882182,0.00263975
16/08/2019,10304.5,76.26,188.06,0.261971378,0.002680611
19/08/2019,10326.4,76.31,194.57,0.283328145,0.002797211
20/08/2019,10921.8,77.12,202.27,0.275806048,0.002763389
21/08/2019,10759.9,75.0,196.44,0.266261069,0.002674615
22/08/2019,10125.0,72.94,187.27,0.27094409,0.002700257
23/08/2019,10107.9,73.62,190.45,0.276544691,0.002713455
27/08/2019,10364.6,73.63,188.35,0.269618265,0.002620192
28/08/2019,10177.3,72.8,187.07,0.257449684,0.002523663
29/08/2019,9716.1,66.77,172.81,0.25704516,0.002449575
30/08/2019,9484.3,63.45,168.82,0.256218074,0.002481694
04/09/2019,10614.6,69.07,179.12,0.349461762,0.002883921
05/09/2019,10584.9,67.16,175.02,0.296509188,0.002499691
09/09/2019,10408.6,70.48,181.61,0.259562344,0.002461195
10/09/2019,10314.5,70.1,180.89,0.281627003,0.002387871
12/09/2019,10160.7,69.74,178.47,0.225452194,0.002207982
13/09/2019,10420.0,69.17,180.99,0.255551259,0.002425617
16/09/2019,10311.3,70.17,189.45,0.260951726,0.0024552
17/09/2019,10260.6,72.69,197.72,0.28501284,0.002608043
18/09/2019,10190.0,74.16,207.88,0.313776352,0.002718554
19/09/2019,10157.6,77.56,210.23,0.302441356,0.002709277
20/09/2019,10274.4,77.04,220.79,0.294470187,0.002672465
23/09/2019,10029.1,72.56,211.07,0.26867506,0.002485967
24/09/2019,9686.9,66.41,200.77,0.235226231,0.002227518
25/09/2019,8536.7,54.76,166.28,0.246441404,0.002196848
26/09/2019,8439.0,57.45,169.92,0.243783596,0.002155092
27/09/2019,8060.3,55.17,165.88,0.244020617,0.0022206
30/09/2019,8053.1,53.94,169.36,0.255932528,0.002387322
01/10/2019,8310.0,56.12,181.53,0.332651642,0.00213199
04/10/2019,8238.1,56.4,174.79,0.354792261,0.003021499
07/10/2019,7863.0,54.54,170.33,0.36377484,0.003423821
09/10/2019,8189.6,57.07,181.0,0.25867118,0.002436889
10/10/2019,8590.8,59.33,193.5,0.272072761,0.002331865
15/10/2019,8354.6,56.8,186.78,0.288701664,0.002509572
16/10/2019,8164.5,54.6,180.52,0.284639801,0.002607458
17/10/2019,8000.0,52.56,174.39,0.302315117,0.002754888
21/10/2019,8240.2,54.93,175.55,0.29297924,0.002774292
22/10/2019,8217.8,54.76,174.48,0.291606903,0.002565497
23/10/2019,8020.6,53.44,171.29,0.274142524,0.002494879
24/10/2019,7475.0,49.42,162.37,0.278490508,0.002538342
25/10/2019,7428.5,49.73,160.87,0.298164751,0.002683616
28/10/2019,9543.1,59.95,184.0,0.296006809,0.002646243
29/10/2019,9218.7,57.92,182.0,0.301955518,0.002654718
30/10/2019,9435.7,59.94,191.13,0.296554884,0.00261642
31/10/2019,9166.2,58.06,183.54,0.296357604,0.002615458
01/11/2019,9146.7,58.41,182.45,0.332903927,0.002128776
04/11/2019,9209.3,58.42,181.56,0.33098421,0.002789188
06/11/2019,9315.4,63.19,188.7,0.394260925,0.003057733
07/11/2019,9338.4,64.15,191.06,0.330335437,0.003242823
12/11/2019,8717.0,61.77,184.68,0.222052868,0.002184637
13/11/2019,8812.8,61.39,186.93,0.273036164,0.002697541
14/11/2019,8762.1,60.86,187.75,0.270390864,0.002680236
15/11/2019,8632.1,58.9,184.5,0.261654484,0.002656632
18/11/2019,8503.2,59.19,183.77,0.255653383,0.002576238
19/11/2019,8170.1,55.77,177.9,0.256500397,0.002548042
20/11/2019,8122.1,55.08,175.64,0.251363656,0.002556332
21/11/2019,8083.1,54.88,174.26,0.243766078,0.002425991
22/11/2019,7619.1,50.67,161.01,0.231599653,0.002362113
25/11/2019,6903.9,43.93,140.12,0.218621517,0.002286089
26/11/2019,7127.8,45.67,146.35,0.222144783,0.002291157
27/11/2019,7161.6,47.02,147.75,0.225080755,0.002338855
29/11/2019,7427.9,46.9,151.23,0.230217299,0.002456176
02/12/2019,7398.4,47.5,150.76,0.305190433,0.001894033
03/12/2019,7305.8,45.57,148.85,0.310200934,0.002011705
04/12/2019,7294.1,44.77,147.37,0.326346316,0.002855556
06/12/2019,7394.0,44.87,147.99,0.401760225,0.003066921
09/12/2019,7521.0,45.63,150.72,0.254810892,0.00242502
11/12/2019,7219.3,44.16,145.58,0.272418209,0.002725011
12/12/2019,7202.0,43.61,143.19,0.219859459,0.002187959
13/12/2019,7190.1,43.62,144.79,0.220754528,0.002174952
16/12/2019,7113.7,43.42,142.28,0.207225103,0.002120576
17/12/2019,6876.7,39.87,132.47,0.183699254,0.002017735
18/12/2019,6611.1,36.86,121.75,0.196176346,0.002182939
19/12/2019,7287.9,40.83,132.88,0.190819496,0.002123308
20/12/2019,7149.8,39.69,128.12,0.195315626,0.002074712
23/12/2019,7510.0,41.95,132.41,0.190942674,0.00207284
24/12/2019,7324.0,40.58,128.0,0.192198227,0.002072777
27/12/2019,7195.5,39.95,125.51,0.191102142,0.002052555
30/12/2019,7391.0,43.09,134.31,0.194474151,0.00205447
31/12/2019,7209.7,42.22,131.1,0.192893953,0.002028363
06/01/2020,7346.9,43.26,135.27,0.210249193,0.002646716
07/01/2020,7757.3,45.82,144.34,0.176975855,0.002353646
09/01/2020,8043.3,45.31,140.7,0.295695506,0.003255985
10/01/2020,7818.0,44.84,137.91,0.23824885,0.00261584
13/01/2020,8177.3,51.5,146.5,0.212617096,0.002357752
14/01/2020,8104.0,49.55,143.58,0.234687095,0.002470019
15/01/2020,8815.5,58.55,166.19,0.232894836,0.002368673
16/01/2020,8810.3,58.12,166.31,0.228573655,0.002344843
17/01/2020,8717.8,57.53,164.17,0.238775983,0.002489898
21/01/2020,8629.4,57.11,166.61,0.237165688,0.00237643
22/01/2020,8723.3,57.6,169.3,0.23605561,0.002323446
23/01/2020,8659.0,58.14,167.66,0.226104015,0.002267636
24/01/2020,8390.1,54.41,162.5,0.223041312,0.002275864
27/01/2020,8592.7,56.2,167.4,0.231221984,0.002367672
28/01/2020,8891.8,58.5,169.88,0.238488075,0.002449574
29/01/2020,9399.9,60.66,176.41,0.235729761,0.002389703
30/01/2020,9280.9,59.61,173.48,0.243641719,0.002440406
31/01/2020,9500.0,67.98,184.34,0.239232744,0.002393568
03/02/2020,9322.2,69.85,188.25,0.238747312,0.002348606
04/02/2020,9281.0,69.7,189.78,0.178640457,0.00188209
06/02/2020,9616.2,72.55,203.76,0.202764321,0.002561239
10/02/2020,10160.1,77.08,228.64,0.2341174,0.0025834
11/02/2020,9850.1,74.29,223.0,0.23542055,0.00251712
12/02/2020,10273.2,76.95,237.83,0.62989304,0.00337436
13/02/2020,10354.6,81.22,266.4,0.326706186,0.003025894
14/02/2020,10241.6,80.62,268.64,0.334822106,0.003129847
18/02/2020,9702.1,73.24,268.22,0.297912671,0.002839305
19/02/2020,10180.0,77.29,282.82,0.27760221,0.002624076
20/02/2020,9602.2,70.72,258.85,0.272395698,0.002658767
21/02/2020,9610.7,69.48,257.96,0.274937772,0.002648282
24/02/2020,9966.1,79.85,275.73,0.270626801,0.002589575
25/02/2020,9664.6,75.69,265.81,0.253411731,0.002476182
26/02/2020,9309.5,70.92,246.7,0.230851247,0.002339206
27/02/2020,8783.5,60.5,223.71,0.237116312,0.002323815
28/02/2020,8810.3,61.61,227.5,0.236296271,0.002288663
02/03/2020,8530.0,57.71,217.5,0.254627163,0.002439852
03/03/2020,8924.7,61.39,232.0,0.23438052,0.00249926
04/03/2020,8752.8,60.98,223.53,0.179466925,0.001853061
06/03/2020,9066.0,62.08,228.66,0.203663381,0.002582592
09/03/2020,8035.6,50.98,199.89,0.246580447,0.002802429
11/03/2020,7886.9,50.12,200.15,0.23951003,0.00252762
12/03/2020,7943.3,48.56,194.81,0.63148285,0.00342761
13/03/2020,4850.0,30.05,108.78,0.15935219,0.001737828
16/03/2020,5340.1,36.35,123.24,0.141063143,0.001587194
17/03/2020,5042.3,33.2,110.97,0.144524064,0.001587378
18/03/2020,5331.7,34.29,116.11,0.143100485,0.001565583
19/03/2020,5415.2,34.71,118.61,0.165036657,0.001773246
20/03/2020,6184.5,39.11,136.75,0.156868481,0.001772574
23/03/2020,5825.5,35.42,122.38,0.157418798,0.001804578
24/03/2020,6505.1,39.14,136.58,0.16225497,0.001850777
25/03/2020,6769.0,40.71,139.22,0.161632985,0.001833944
26/03/2020,6689.9,39.38,136.35,0.175019116,0.001841567
27/03/2020,6767.0,40.56,139.01,0.176195359,0.001807071
30/03/2020,5875.0,37.1,124.36,0.172170852,0.001831039
31/03/2020,6403.2,38.99,132.28,0.174563208,0.001810937
02/04/2020,6662.9,39.44,135.88,0.26680826,0.002503301
03/04/2020,6803.8,39.96,141.48,0.234530215,0.002398018
06/04/2020,6779.4,40.36,142.88,0.204981596,0.002630605
08/04/2020,7206.2,44.76,164.6,0.300492816,0.003534677
09/04/2020,7368.0,46.58,173.78,0.255882581,0.002898618
14/04/2020,6861.6,41.27,156.77,0.185335311,0.001964467
15/04/2020,6874.5,41.18,158.59,0.181269596,0.001940491
16/04/2020,6619.8,39.26,152.62,0.190104356,0.002027667
17/04/2020,7114.9,42.52,172.73,0.190201675,0.002013174
20/04/2020,7127.6,42.31,180.22,0.183490041,0.001982187
21/04/2020,6839.2,40.32,170.49,0.184328133,0.001971493
22/04/2020,6852.1,40.65,170.99,0.187970355,0.002010761
23/04/2020,7136.9,41.83,183.16,0.191710924,0.002047119
24/04/2020,7485.0,42.95,185.68,0.193664915,0.00210275
27/04/2020,7703.9,44.66,197.83,0.197978158,0.002354876
28/04/2020,7792.4,44.56,196.84,0.215484046,0.002338884
29/04/2020,7755.8,45.78,196.71,0.22743245,0.00251711
30/04/2020,8779.9,48.81,215.45,0.212760619,0.002442857
05/05/2020,8886.3,47.09,206.99,0.216462643,0.002484344
06/05/2020,9027.4,46.44,205.62,0.204091961,0.002595721
11/05/2020,8716.5,42.18,188.02,0.24577641,0.00261685
13/05/2020,8823.7,42.14,189.72,0.201480323,0.002521013
14/05/2020,9317.1,43.28,200.07,0.203129221,0.002574186
15/05/2020,9788.5,43.97,203.43,0.198910818,0.002505799
18/05/2020,9673.0,43.64,206.94,0.205176389,0.002543403
19/05/2020,9725.3,45.28,214.91,0.204027792,0.002538296
20/05/2020,9779.3,45.78,214.76,0.201707162,0.002507886
21/05/2020,9510.1,44.18,209.87,0.195509412,0.002485169
22/05/2020,9057.3,42.66,198.35,0.200343234,0.002533057
26/05/2020,8898.1,42.98,204.11,0.193974566,0.002486398
27/05/2020,8841.7,42.3,200.85,0.197857235,0.002510132
28/05/2020,9213.9,43.75,208.28,0.200594747,0.002523576
29/05/2020,9577.9,44.75,220.26,0.198348213,0.002532307
01/06/2020,9447.4,45.59,231.76,0.22150997,0.002462966
02/06/2020,10206.2,48.25,248.45,0.282214052,0.002653085
03/06/2020,9525.4,45.93,237.55,0.244088347,0.002495689
04/06/2020,9664.1,47.11,244.54,0.195506018,0.001980099
05/06/2020,9791.4,47.46,243.4,0.21521029,0.002529206
08/06/2020,9757.7,46.56,244.9,0.303584019,0.003559998
10/06/2020,9778.0,45.93,244.0,0.24534051,0.00261147
11/06/2020,9892.4,46.69,247.96,0.25844464,0.00275989
15/06/2020,9330.4,44.17,231.68,0.193073631,0.002479359
16/06/2020,9425.3,43.79,230.97,0.19130686,0.002486804
17/06/2020,9528.5,43.84,235.33,0.193443021,0.002484932
18/06/2020,9453.1,44.04,233.61,0.190957334,0.002471628
19/06/2020,9381.5,43.42,231.38,0.186789952,0.002434795
22/06/2020,9284.7,42.97,227.85,0.189272192,0.002473655
23/06/2020,9694.0,44.37,243.22,0.188679897,0.00248423
24/06/2020,9622.3,44.12,243.03,0.184271799,0.002429678
25/06/2020,9282.0,42.56,234.54,0.183569649,0.002417315
26/06/2020,9233.5,42.33,232.32,0.18267138,0.002358781
29/06/2020,9113.7,41.36,224.99,0.177959463,0.002312854
30/06/2020,9183.5,41.88,227.8,0.175870468,0.00231955
01/07/2020,9133.9,41.25,225.68,0.21391725,0.002432763
02/07/2020,9234.5,41.77,231.11,0.279284194,0.002768733
07/07/2020,9348.2,44.12,241.84,0.184787359,0.003089512
08/07/2020,9256.8,43.31,239.34,0.29466375,0.003532791
10/07/2020,9240.2,44.33,241.89,0.24853854,0.00259518
13/07/2020,9300.0,44.7,243.0,0.198575132,0.003177542
14/07/2020,9236.2,43.98,239.42,0.198809204,0.003294369
15/07/2020,9252.2,43.92,240.35,0.197110851,0.003085182
16/07/2020,9195.0,43.32,238.37,0.194047669,0.00299487
17/07/2020,9130.9,42.06,233.73,0.19428096,0.003060711
20/07/2020,9213.7,42.66,239.25,0.195065155,0.003239293
21/07/2020,9163.0,42.01,236.19,0.198988467,0.003304616
22/07/2020,9393.8,43.8,246.01,0.203342161,0.003285216
23/07/2020,9529.9,45.06,264.53,0.207577826,0.003294708
24/07/2020,9612.0,45.07,275.59,0.204048567,0.00321959
27/07/2020,9939.6,48.13,311.52,0.223671602,0.003153323
28/07/2020,11046.1,53.32,322.44,0.230276596,0.003197395
29/07/2020,10934.0,55.85,317.43,0.243099138,0.003192399
30/07/2020,11108.2,55.26,318.18,0.24452249,0.003231117
31/07/2020,11114.8,56.61,335.25,0.258903788,0.003225361
04/08/2020,11237.3,58.54,386.21,0.200868976,0.0020118
06/08/2020,11746.0,58.89,401.25,0.20377116,0.002584205
07/08/2020,11771.5,59.08,395.17,0.20469235,0.004749833
10/08/2020,11687.5,57.01,390.33,0.25145445,0.00259556
12/08/2020,11391.7,54.11,378.97,0.55883618,0.00317934
13/08/2020,11576.6,54.5,387.15,0.297807281,0.003516517
14/08/2020,11794.6,57.25,424.87,0.300371199,0.003560813
17/08/2020,11916.8,63.93,433.67,0.314766588,0.00359109
18/08/2020,12301.7,67.35,431.35,0.303307162,0.003514
19/08/2020,11957.0,65.47,422.62,0.290245661,0.003423925
20/08/2020,11757.4,62.09,407.57,0.29257301,0.003459208
21/08/2020,11864.6,62.86,416.2,0.28068239,0.003393093
24/08/2020,11652.6,60.59,390.64,0.289214989,0.003417941
25/08/2020,11764.8,62.1,407.92,0.277926681,0.0033046
26/08/2020,11330.0,58.33,383.01,0.277490817,0.003303347
27/08/2020,11469.5,58.1,385.71,0.264510897,0.003202705
28/08/2020,11327.9,56.15,383.16,0.27204601,0.003268459
01/09/2020,11656.9,60.97,433.98,0.204898944,0.002256095
03/09/2020,11396.9,58.1,439.81,0.209180928,0.002214386
04/09/2020,10180.1,47.5,382.43,0.198256807,0.002021473
09/09/2020,10123.3,47.48,337.25,0.239609309,0.002779059
10/09/2020,10229.7,47.86,351.29,0.25349053,0.00265253
11/09/2020,10350.1,48.7,368.23,0.25074766,0.00266953
14/09/2020,10328.2,48.17,366.41,0.246326732,0.002802618
15/09/2020,10674.9,49.09,377.14,0.243849534,0.002831752
16/09/2020,10785.2,48.31,364.09,0.247846851,0.002825804
17/09/2020,10951.1,47.73,364.99,0.252193534,0.002813512
18/09/2020,10944.8,48.89,389.39,0.250706972,0.002804181
21/09/2020,10918.5,47.08,371.0,0.232137581,0.002630322
22/09/2020,10415.0,43.15,339.87,0.233416984,0.002656021
23/09/2020,10532.5,44.49,344.18,0.22122139,0.00256045
24/09/2020,10230.7,42.89,320.12,0.23290488,0.00262828
25/09/2020,10740.2,44.96,349.22,0.24192164,0.00269849
28/09/2020,10776.1,46.1,357.3,0.24186223,0.00265201
29/09/2020,10694.1,45.21,353.85,0.24317734,0.00268541
30/09/2020,10842.2,45.66,359.94,0.24178404,0.00263015
01/10/2020,10774.9,46.24,359.69,0.212305883,0.002355722
02/10/2020,10616.1,46.25,353.0,0.274080487,0.002986307
06/10/2020,10799.0,46.37,353.77,0.202938178,0.002584192
07/10/2020,10605.4,46.01,340.79,0.198652287,0.003514874
08/10/2020,10669.9,46.61,341.8,0.294658626,0.003499479
09/10/2020,10934.1,47.25,351.05,0.243529945,0.002805225
12/10/2020,11376.6,50.51,374.61,0.57295396,0.0031046
13/10/2020,11535.8,50.62,387.0,0.25632299,0.0026351
14/10/2020,11428.6,49.95,381.48,0.24944771,0.00263711
15/10/2020,11433.1,49.82,379.08,0.2459395,0.00259265
16/10/2020,11501.0,49.57,377.79,0.24044322,0.00261207
19/10/2020,11508.9,47.59,378.45,0.24596448,0.00258976
20/10/2020,11757.0,48.0,379.5,0.24357286,0.00260093
21/10/2020,11925.4,46.93,368.81,0.25161491,0.00263032
22/10/2020,12813.0,53.13,391.51,0.25680737,0.00265502
23/10/2020,12984.1,54.41,414.44,0.25487888,0.0026469
26/10/2020,13039.2,58.89,406.35,0.24868771,0.00267853
27/10/2020,13080.0,56.9,393.48,0.25289944,0.00267665
28/10/2020,13649.6,57.95,403.65,0.24586472,0.00259499
29/10/2020,13289.5,55.88,388.63,0.24229485,0.00258066
30/10/2020,13463.1,54.9,387.67,0.23918382,0.00259836
02/11/2020,13762.5,55.6,396.8,0.280140705,0.003040721
03/11/2020,13565.8,53.88,383.78,0.208095714,0.00218362
05/11/2020,14163.3,54.75,402.68,0.194063837,0.002412809
06/11/2020,15610.4,59.02,417.04,0.190180143,0.002452253
09/11/2020,15480.1,61.0,454.6,0.243291518,0.002806183
12/11/2020,15708.7,59.29,464.39,0.54648324,0.0030788
13/11/2020,16307.8,60.77,462.86,0.2651905,0.00282145
16/11/2020,15962.3,62.39,448.49,0.28552034,0.00288579
17/11/2020,16721.1,73.84,460.3,0.3024083,0.00293588
18/11/2020,17684.8,76.35,482.89,0.29422167,0.00290902
19/11/2020,17800.0,73.63,479.11,0.30376565,0.00291104
20/11/2020,17828.2,81.76,471.97,0.32806824,0.00298434
23/11/2020,18450.2,83.0,561.48,0.6139796,0.00364797
24/11/2020,18387.8,89.15,609.09,0.69210316,0.00420366
25/11/2020,19173.8,89.39,605.28,0.63548327,0.00372672
27/11/2020,17164.6,70.98,520.0,0.55926763,0.00327521
30/11/2020,18194.2,78.98,576.22,0.6643373,0.00355089
02/12/2020,18782.9,85.16,586.38,0.304392552,0.003092775
03/12/2020,19231.4,89.01,597.74,0.13963513,0.001537197
08/12/2020,19178.6,83.6,591.26,0.284930451,0.00348444
11/12/2020,18245.5,74.65,558.33,0.25490322,0.00277901
14/12/2020,19164.1,82.21,590.35,0.49771204,0.00323079
15/12/2020,19281.1,82.43,586.27,0.46971013,0.00320577
16/12/2020,19439.7,81.34,589.41,0.56862765,0.00341629
17/12/2020,21378.1,93.16,638.28,0.57667682,0.0037298
18/12/2020,22826.2,101.27,643.43,0.58428027,0.00385822
21/12/2020,23480.7,114.73,638.28,0.5169435,0.00478746
22/12/2020,22716.1,104.53,608.01,0.44844794,0.00450782
23/12/2020,23828.2,114.6,637.46,0.25860161,0.00376766
24/12/2020,23226.7,102.45,585.5,0.33781854,0.00457046
29/12/2020,27029.5,129.64,729.12,0.22096201,0.00448647
30/12/2020,27376.2,128.69,731.84,0.2118282,0.00463551
31/12/2020,28879.9,130.02,752.5,0.21984557,0.00468225
04/01/2021,33082.7,161.37,979.86,0.57929188,0.06198606
06/01/2021,34050.0,158.8,1103.41,1.01100086,0.37007655
07/01/2021,36876.7,169.16,1211.85,0.66118021,0.24454948
11/01/2021,38170.5,170.19,1255.15,1.092867,1.092867
12/01/2021,35439.3,139.23,1088.94,0.99093,0.99093
13/01/2021,34046.4,133.35,1049.98,0.30557979,0.00861635
14/01/2021,37390.1,147.54,1129.9,0.29543791,0.00939673
15/01/2021,39151.6,152.47,1231.08,0.2804055,0.00936903
19/01/2021,36622.5,152.0,1258.27,0.2943137,0.0090982
20/01/2021,35925.6,151.94,1367.94,0.29651801,0.00906009
21/01/2021,35511.8,149.87,1378.0,0.26894641,0.00816632
22/01/2021,30832.6,129.76,1111.76,0.27279859,0.0085235
25/01/2021,32292.0,141.11,1392.01,0.26908877,0.00838293
26/01/2021,32274.4,137.2,1318.69,0.26882663,0.00825458
27/01/2021,32501.0,134.8,1367.15,0.25194347,0.0074815
28/01/2021,30424.2,122.74,1240.68,0.26412208,0.03408356
29/01/2021,33430.4,133.5,1332.12,0.28218765,0.04716157
02/02/2021,33533.9,131.98,1374.05,0.36927,0.03152025
03/02/2021,35500.0,142.1,1513.12,0.43683726,0.05026221
08/02/2021,38874.9,151.19,1615.99,0.73922,0.73922
09/02/2021,46425.8,167.5,1752.18,1.256324,1.256324
11/02/2021,44847.5,182.23,1743.48,1.136196,1.136196
18/02/2021,52130.0,237.28,1850.95,0.5324331,0.05954129
19/02/2021,51600.9,226.54,1939.57,0.56701857,0.05513934
22/02/2021,57478.3,227.53,1935.44,0.57174115,0.05372515
23/02/2021,54154.8,208.21,1778.82,0.47356259,0.04739205
24/02/2021,48899.8,177.71,1579.16,0.47183151,0.05655541
25/02/2021,49727.7,181.63,1625.01,0.43452354,0.05016734
26/02/2021,47061.5,179.07,1481.68,0.42790019,0.05047986
02/03/2021,49620.7,176.04,1570.99,0.39348981,0.03712003
03/03/2021,48486.2,179.13,1489.22,0.45027913,0.05059207
08/03/2021,50962.3,190.32,1727.49,0.712729,0.712729
09/03/2021,52375.0,191.76,1833.68,1.291435,1.291435
11/03/2021,55851.0,200.15,1795.79,1.208796,1.208796
12/03/2021,57809.9,201.32,1826.87,0.922244,0.922244
15/03/2021,59001.1,214.0,1847.8,0.43755501,0.05708768
16/03/2021,55600.0,200.68,1793.23,0.46259998,0.0586074
17/03/2021,56891.1,201.67,1805.14,0.47241705,0.05765313
18/03/2021,58933.0,206.07,1823.76,0.47291937,0.05738277
19/03/2021,57640.9,199.83,1776.57,0.4711709,0.05832836
22/03/2021,57378.4,195.61,1784.29,0.54994159,0.0549616
23/03/2021,54095.1,185.91,1681.63,0.55659505,0.05355558
24/03/2021,54351.3,186.12,1668.4,0.48883678,0.05170175
25/03/2021,52293.8,176.13,1582.0,0.51749833,0.05144848
26/03/2021,51314.9,171.62,1586.77,0.56705516,0.05395158
29/03/2021,55782.0,184.06,1685.98,0.56787082,0.05405164
30/03/2021,57624.2,193.87,1816.31,0.56685858,0.05390039
31/03/2021,58781.0,195.79,1841.69,0.57386946,0.05365728
01/04/2021,58786.2,196.81,1918.89,0.23667712,0.00976719
06/04/2021,59120.0,221.31,2107.51,0.97019603,0.37632255
08/04/2021,55928.5,219.35,1961.94,0.730488,0.730488
13/04/2021,59823.7,244.57,2137.61,1.79400136,0.09344469
14/04/2021,63587.2,267.31,2299.66,1.83923574,0.12151736
15/04/2021,62969.0,278.67,2432.04,1.76606672,0.18220744
16/04/2021,63243.0,286.31,2517.58,1.55752673,0.36587002
19/04/2021,56239.8,273.67,2242.17,1.31504432,0.40731778
20/04/2021,55720.0,261.53,2162.94,1.38329899,0.31949967
21/04/2021,56500.0,260.86,2332.15,1.29649777,0.30692451
22/04/2021,53815.2,256.3,2358.01,1.15968188,0.26096732
23/04/2021,51730.0,252.9,2401.22,1.1696597,0.24850933
26/04/2021,49106.5,223.91,2321.78,1.36850552,0.27067449
27/04/2021,54051.9,247.63,2536.12,1.40095461,0.2721883
28/04/2021,55078.7,260.12,2669.15,1.35860097,0.32368163
29/04/2021,54899.3,258.85,2749.19,1.3993598,0.30516938
30/04/2021,53579.6,255.55,2758.17,1.59167357,0.33756111
10/05/2021,58293.1,388.24,3927.0,1.085503,1.085503
11/05/2021,55888.1,359.0,3950.3,1.161533,1.161533
13/05/2021,49502.7,306.51,3858.37,1.35891006,0.49037394
14/05/2021,49675.2,317.75,3717.06,1.40291747,0.55960438
17/05/2021,46482.4,296.36,3586.04,1.49630034,0.48789165
18/05/2021,43551.8,281.9,3285.06,1.5907339,0.47611501
19/05/2021,42895.2,294.37,3377.58,1.07031315,0.33312345
20/05/2021,36742.3,186.13,2443.62,1.18553663,0.40019368
21/05/2021,40614.6,210.73,2770.82,1.0069763,0.35938192
24/05/2021,34718.8,142.82,2097.48,0.99283503,0.36616223
25/05/2021,38833.8,185.1,2649.28,0.97618689,0.34630195
26/05/2021,38388.1,184.18,2709.86,1.0337254,0.35369307
27/05/2021,39283.9,199.01,2889.61,0.97023464,0.33294531
28/05/2021,38516.4,194.22,2742.84,0.90014845,0.31120487
01/06/2021,37303.8,188.09,2705.69,0.25089517,0.01046514
04/06/2021,39196.6,193.36,2854.24,1.09626562,0.06445823
07/06/2021,35789.0,176.37,2712.03,0.66540248,0.23442176
08/06/2021,33587.6,162.08,2593.69,0.746513,0.746513
10/06/2021,37396.4,172.5,2608.1,1.077656,1.077656
15/06/2021,40530.8,179.98,2582.57,0.88980016,0.32838122
16/06/2021,40166.6,175.28,2543.03,0.83190807,0.30776119
17/06/2021,38337.1,166.52,2367.47,0.84143816,0.30649565
18/06/2021,38078.2,167.02,2371.99,0.79764845,0.29347221
21/06/2021,35595.0,154.86,2243.1,0.61038802,0.17869117
22/06/2021,31655.2,124.69,1886.83,0.54506708,0.19103065
23/06/2021,32516.2,119.61,1879.95,0.62653535,0.23217351
24/06/2021,33683.3,128.98,1967.62,0.67199983,0.26278229
25/06/2021,34666.6,134.48,1988.19,0.61332274,0.23915293
28/06/2021,34675.3,132.51,1983.32,0.64374639,0.2568567
29/06/2021,34472.0,137.53,2083.45,0.70172477,0.26276884
30/06/2021,35903.3,144.05,2166.12,0.70637445,0.25421537
01/07/2021,35046.2,144.17,2276.66,0.32600198,0.00974244
06/07/2021,33697.6,137.85,2196.96,0.86115488,0.33104994
07/07/2021,34235.0,139.03,2322.37,0.651575,0.651575
09/07/2021,32882.2,132.16,2114.87,1.125099,1.125099
12/07/2021,34246.9,134.2,2140.08,0.818588,0.818588
13/07/2021,33107.3,133.61,2033.39,0.619523,0.619523
14/07/2021,32722.9,131.53,1939.07,0.620324,0.620324
15/07/2021,32815.2,130.97,1993.71,0.596941,0.596941
16/07/2021,31832.6,125.82,1917.46,0.590774,0.590774
19/07/2021,31780.1,119.27,1892.04,0.557556,0.557556
20/07/2021,30820.5,113.09,1817.31,0.529336,0.529336
21/07/2021,29788.1,107.22,1785.01,0.569998,0.569998
22/07/2021,32125.0,117.56,1995.0,0.592206,0.592206
23/07/2021,32283.3,120.25,2018.2,0.609224,0.609224
26/07/2021,35413.6,127.73,2192.33,0.625618,0.625618
27/07/2021,37274.9,131.45,2229.46,0.644604,0.644604
28/07/2021,39506.2,134.64,2301.73,0.725445,0.725445
29/07/2021,40011.0,140.43,2300.1,0.748017,0.748017
30/07/2021,40000.0,141.4,2381.58,0.752119,0.752119
02/08/2021,39889.1,140.48,2557.45,0.447702,0.07882511
03/08/2021,39152.3,141.42,2609.6,0.47359734,0.06194928
04/08/2021,38163.0,138.14,2507.34,1.05275643,0.06146385
06/08/2021,40886.4,143.52,2828.88,0.87578752,0.32768651
09/08/2021,43845.6,149.95,3012.95,1.10072,1.10072
10/08/2021,46307.1,166.79,3164.5,1.062891,1.062891
11/08/2021,45595.1,165.44,3141.69,1.282377,1.282377
12/08/2021,45571.7,170.88,3164.5,0.863307,0.863307
13/08/2021,44401.1,165.03,3048.8,1.08996,1.08996
16/08/2021,47019.3,184.95,3311.34,1.190993,1.190993
17/08/2021,45926.3,178.12,3147.34,1.098199,1.098199
18/08/2021,44672.2,168.79,3011.71,1.146097,1.146097
19/08/2021,44714.7,166.81,3014.36,1.232842,1.232842
20/08/2021,46765.3,175.65,3184.67,1.263222,1.263222
23/08/2021,49293.6,186.27,3240.9,1.24727,1.24727
24/08/2021,49517.3,187.24,3322.69,1.137352,1.137352
25/08/2021,47725.4,173.6,3173.55,1.172529,1.172529
26/08/2021,48991.3,177.85,3228.54,1.075266,1.075266
27/08/2021,46848.9,167.65,3092.74,1.188473,1.188473
31/08/2021,46985.7,167.44,3229.03,1.187593,1.187593
02/09/2021,48872.2,181.05,3829.08,0.47199055,0.07006957
03/09/2021,49290.3,183.51,3787.22,0.48598773,0.05799823
07/09/2021,52688.3,219.5,3928.66,0.636804,0.636804
08/09/2021,46882.1,178.34,3432.33,0.818553,0.818553
09/09/2021,46073.4,179.65,3500.0,1.089401,1.089401
13/09/2021,46061.3,183.09,3408.02,1.064678,1.064678
14/09/2021,44965.8,179.29,3285.01,1.096574,1.096574
15/09/2021,47145.9,182.98,3435.07,1.121353,1.121353
16/09/2021,48152.3,189.17,3614.81,1.091498,1.091498
17/09/2021,47786.9,185.57,3569.94,1.065598,1.065598
22/09/2021,40710.6,148.41,2764.81,1.004076,1.004076
23/09/2021,43562.8,161.42,3077.49,1.00204,1.00204
24/09/2021,44889.8,164.05,3154.84,0.945924,0.945924
27/09/2021,43204.6,150.76,3060.96,0.923685,0.923685
28/09/2021,42176.3,145.12,2927.68,0.893689,0.893689
29/09/2021,41038.4,140.6,2807.88,0.928349,0.928349
30/09/2021,41524.8,144.76,2850.86,0.952636,0.952636
08/10/2021,53817.3,178.6,3587.98,0.851247,0.851247
11/10/2021,54677.5,174.96,3415.68,1.193373,1.193373
12/10/2021,57499.5,179.26,3543.07,0.801097,0.801097
13/10/2021,56010.1,172.44,3489.61,1.128392,1.128392
14/10/2021,57381.2,177.64,3605.87,1.132316,1.132316
15/10/2021,57377.6,181.26,3791.11,1.14055,1.14055
18/10/2021,61526.5,183.7,3845.48,1.083842,1.083842
19/10/2021,62037.7,185.5,3747.53,1.09208,1.09208
20/10/2021,64284.9,188.75,3877.75,1.142328,1.142328
21/10/2021,66035.8,207.26,4160.0,1.089315,1.089315
22/10/2021,62198.0,196.86,4055.48,1.088374,1.088374
25/10/2021,60882.5,190.47,4082.37,1.095158,1.095158
26/10/2021,63081.8,195.2,4219.2,1.108093,1.108093
27/10/2021,60310.2,197.53,4129.85,0.995452,0.995452
28/10/2021,58500.1,179.2,3922.39,1.05882,1.05882
29/10/2021,60613.5,189.87,4287.21,1.081503,1.081503
01/11/2021,61380.1,192.01,4289.99,0.28890503,0.00883453
02/11/2021,60954.5,197.83,4323.36,0.52478651,0.06967585
03/11/2021,63279.7,200.8,4588.54,0.45295964,0.05591786
05/11/2021,61449.0,202.53,4537.51,1.47768244,0.49523086
08/11/2021,63317.8,202.01,4617.14,1.012524,1.012524
15/11/2021,65495.0,279.47,4627.21,1.171371,1.171371
16/11/2021,63615.8,262.96,4564.19,1.090934,1.090934
17/11/2021,60137.2,230.45,4211.75,1.096291,1.096291
18/11/2021,60367.8,229.67,4292.75,1.041954,1.041954
19/11/2021,56921.7,204.78,3998.42,1.091492,1.091492
22/11/2021,58646.2,221.6,4263.51,1.036622,1.036622
23/11/2021,56295.5,209.18,4088.39,1.067057,1.067057
24/11/2021,57571.4,216.33,4341.69,1.042075,1.042075
26/11/2021,58932.6,222.88,4525.47,0.93635,0.93635
29/11/2021,57300.0,199.66,4298.81,0.991961,0.991961
30/11/2021,57830.2,205.86,4448.0,0.998754,0.998754
01/12/2021,56980.7,207.81,4630.31,0.29212313,0.00806287
02/12/2021,57237.9,209.0,4588.4,0.60859231,0.07006853
03/12/2021,56526.4,203.56,4514.99,0.44113069,0.05534893
07/12/2021,50564.3,161.98,4354.92,0.630178,0.630178
08/12/2021,50650.1,162.0,4308.35,0.964549,0.964549
10/12/2021,47581.6,151.45,4106.45,1.101859,1.101859
13/12/2021,50113.2,159.04,4133.54,0.782894,0.782894
14/12/2021,46732.2,144.64,3783.38,0.796249,0.796249
15/12/2021,48399.2,150.53,3861.96,0.827431,0.827431
16/12/2021,48881.3,153.58,4019.8,0.80623,0.80623
17/12/2021,47631.0,148.9,3959.04,0.799291,0.799291
20/12/2021,46688.4,153.22,3924.37,0.879828,0.879828
21/12/2021,46898.1,152.75,3941.82,0.947646,0.947646
22/12/2021,48925.9,154.7,4018.2,0.954699,0.954699
23/12/2021,48624.9,155.41,3980.44,0.993285,0.993285
29/12/2021,47548.1,145.64,3792.09,0.816714,0.816714
