date,usd_gbp,usd_gbp_ %,usd_eur,usd_eur_%,usd_yuan,usd_yuan_%,usd_yen,usd_yen_ %
04/01/2016,0.6794,0.19%,0.9232,0.26%,6.5354,0.64%,119.44,-0.74%
06/01/2016,0.6836,0.31%,0.9275,-0.31%,6.5566,0.64%,118.47,-0.50%
07/01/2016,0.6841,0.07%,0.9144,-1.41%,6.5929,0.55%,117.68,-0.67%
08/01/2016,0.6887,0.67%,0.9148,0.04%,6.5965,0.05%,117.45,-0.20%
11/01/2016,0.6876,-0.16%,0.9208,0.66%,6.5695,-0.41%,117.77,0.27%
12/01/2016,0.6922,0.67%,0.921,0.02%,6.5725,0.05%,117.64,-0.11%
13/01/2016,0.6942,0.29%,0.9194,-0.17%,6.5754,0.04%,117.69,0.04%
14/01/2016,0.6937,-0.07%,0.9204,0.11%,6.5901,0.22%,118.05,0.31%
15/01/2016,0.7014,1.11%,0.9161,-0.47%,6.5849,-0.08%,117.06,-0.84%
19/01/2016,0.7066,0.64%,0.9167,-0.15%,6.5785,-0.01%,117.64,0.26%
20/01/2016,0.7046,-0.28%,0.9182,0.16%,6.5784,0.00%,116.94,-0.60%
21/01/2016,0.7032,-0.20%,0.9196,0.15%,6.58,0.02%,117.7,0.65%
22/01/2016,0.701,-0.31%,0.9262,0.72%,6.5791,-0.01%,118.78,0.92%
25/01/2016,0.7018,0.11%,0.9218,-0.48%,6.5793,0.00%,118.3,-0.40%
26/01/2016,0.6968,-0.71%,0.9198,-0.22%,6.5825,0.05%,118.42,0.10%
27/01/2016,0.7026,0.83%,0.9181,-0.18%,6.5778,-0.07%,118.67,0.21%
28/01/2016,0.6963,-0.90%,0.9142,-0.42%,6.5751,-0.04%,118.83,0.13%
29/01/2016,0.7019,0.80%,0.9228,0.94%,6.5761,0.02%,121.06,1.88%
02/02/2016,0.694,0.17%,0.9159,-0.27%,6.5798,0.02%,119.97,-0.83%
03/02/2016,0.6847,-1.34%,0.9005,-1.68%,6.577,-0.04%,117.92,-1.71%
08/02/2016,0.6929,0.49%,0.8931,-0.35%,6.5739,0.00%,115.84,-0.91%
09/02/2016,0.691,-0.27%,0.8855,-0.85%,6.5739,0.00%,115.11,-0.63%
11/02/2016,0.6907,0.30%,0.8831,-0.30%,6.5739,0.00%,112.42,-0.81%
12/02/2016,0.6893,-0.20%,0.8881,0.57%,6.5739,0.00%,113.22,0.71%
16/02/2016,0.699,0.89%,0.8973,0.10%,6.5169,0.32%,114.08,-0.44%
17/02/2016,0.6995,0.07%,0.8986,0.14%,6.5282,0.17%,114.11,0.03%
18/02/2016,0.6976,-0.27%,0.9003,0.19%,6.5188,-0.14%,113.25,-0.75%
19/02/2016,0.6942,-0.49%,0.8981,-0.24%,6.5224,0.06%,112.57,-0.60%
22/02/2016,0.7067,1.80%,0.9066,0.95%,6.5218,-0.01%,112.92,0.31%
23/02/2016,0.7131,0.91%,0.9074,0.09%,6.5271,0.08%,112.11,-0.72%
24/02/2016,0.718,0.69%,0.9081,0.08%,6.5317,0.07%,112.19,0.07%
25/02/2016,0.7161,-0.26%,0.9072,-0.10%,6.5335,0.03%,113.0,0.72%
26/02/2016,0.7209,0.67%,0.9145,0.80%,6.5404,0.11%,114.0,0.88%
29/02/2016,0.7186,-0.32%,0.9197,0.57%,6.554,0.21%,112.69,-1.15%
02/03/2016,0.7103,-0.92%,0.9202,-0.01%,6.551,-0.02%,113.48,-0.46%
03/03/2016,0.7053,-0.70%,0.9125,-0.84%,6.5314,-0.30%,113.69,0.19%
08/03/2016,0.7037,0.39%,0.9086,0.07%,6.5047,-0.19%,112.61,-0.76%
10/03/2016,0.7004,-0.40%,0.8947,-1.53%,6.5085,-0.07%,113.19,-0.13%
11/03/2016,0.6957,-0.67%,0.8967,0.22%,6.4953,-0.20%,113.81,0.55%
14/03/2016,0.6993,0.52%,0.9004,0.41%,6.5,0.07%,113.83,0.02%
15/03/2016,0.7066,1.04%,0.9002,-0.02%,6.5145,0.22%,113.19,-0.56%
16/03/2016,0.7013,-0.75%,0.8908,-1.04%,6.522,0.12%,112.59,-0.53%
17/03/2016,0.6906,-1.53%,0.8835,-0.82%,6.475,-0.72%,111.39,-1.07%
18/03/2016,0.6906,0.00%,0.8873,0.43%,6.4716,-0.05%,111.57,0.16%
21/03/2016,0.696,0.78%,0.8896,0.26%,6.4846,0.20%,111.94,0.33%
22/03/2016,0.7038,1.12%,0.8915,0.21%,6.4901,0.08%,112.38,0.39%
23/03/2016,0.7084,0.65%,0.8942,0.30%,6.5062,0.25%,112.38,0.00%
24/03/2016,0.7066,-0.25%,0.895,0.09%,6.5146,0.13%,112.91,0.47%
29/03/2016,0.6951,-0.93%,0.8857,-0.83%,6.5066,-0.01%,112.69,-0.67%
30/03/2016,0.6954,0.04%,0.882,-0.42%,6.465,-0.64%,112.42,-0.24%
31/03/2016,0.6963,0.13%,0.8788,-0.36%,6.449,-0.25%,112.58,0.14%
01/04/2016,0.7029,0.95%,0.8781,-0.08%,6.4786,0.46%,111.67,-0.81%
04/04/2016,0.7011,-0.26%,0.8779,-0.02%,6.4786,0.00%,111.33,-0.30%
05/04/2016,0.7062,0.73%,0.8784,0.06%,6.4772,-0.02%,110.33,-0.90%
07/04/2016,0.7114,0.45%,0.879,0.21%,6.463,-0.28%,108.22,-1.44%
08/04/2016,0.7079,-0.49%,0.8771,-0.22%,6.4658,0.04%,108.06,-0.15%
11/04/2016,0.7022,-0.81%,0.8765,-0.07%,6.4595,-0.10%,107.94,-0.11%
13/04/2016,0.704,0.50%,0.887,1.00%,6.4784,0.20%,109.34,0.73%
14/04/2016,0.7066,0.37%,0.8874,0.05%,6.4826,0.06%,109.4,0.05%
15/04/2016,0.7045,-0.30%,0.8863,-0.12%,6.4756,-0.11%,108.77,-0.58%
18/04/2016,0.7006,-0.55%,0.8839,-0.27%,6.4752,-0.01%,108.83,0.06%
19/04/2016,0.6947,-0.84%,0.8804,-0.40%,6.4581,-0.26%,109.2,0.34%
20/04/2016,0.6976,0.42%,0.8851,0.53%,6.4708,0.20%,109.84,0.59%
21/04/2016,0.6982,0.09%,0.8859,0.09%,6.4819,0.17%,109.45,-0.36%
22/04/2016,0.6944,-0.54%,0.8902,0.49%,6.5009,0.29%,111.79,2.14%
25/04/2016,0.6905,-0.56%,0.8874,-0.31%,6.493,-0.12%,111.2,-0.53%
26/04/2016,0.6858,-0.68%,0.8851,-0.26%,6.4935,0.01%,111.31,0.10%
27/04/2016,0.6876,0.26%,0.8833,-0.20%,6.495,0.02%,111.47,0.14%
28/04/2016,0.6845,-0.45%,0.8809,-0.27%,6.4759,-0.29%,108.11,-3.01%
29/04/2016,0.6843,-0.03%,0.873,-0.90%,6.4741,-0.03%,106.36,-1.62%
02/05/2016,0.6815,-0.41%,0.867,-0.69%,6.4741,0.00%,106.42,0.06%
04/05/2016,0.6901,0.29%,0.8705,0.08%,6.4947,0.05%,107.02,0.38%
05/05/2016,0.6904,0.04%,0.8768,0.72%,6.5034,0.13%,107.25,0.21%
09/05/2016,0.6942,0.17%,0.8785,0.19%,6.5169,0.26%,108.33,1.13%
10/05/2016,0.6923,-0.27%,0.8794,0.10%,6.5183,0.02%,109.27,0.87%
12/05/2016,0.6921,-0.01%,0.879,0.42%,6.5168,0.38%,109.03,0.56%
13/05/2016,0.6963,0.61%,0.8844,0.61%,6.532,0.23%,108.61,-0.39%
16/05/2016,0.6944,-0.27%,0.8835,-0.10%,6.5212,-0.17%,109.03,0.39%
17/05/2016,0.6914,-0.43%,0.8839,0.05%,6.5204,-0.01%,109.14,0.10%
18/05/2016,0.685,-0.93%,0.8915,0.86%,6.5388,0.28%,110.19,0.96%
19/05/2016,0.6844,-0.09%,0.8926,0.12%,6.547,0.13%,109.97,-0.20%
20/05/2016,0.6896,0.76%,0.891,-0.18%,6.549,0.03%,110.15,0.16%
23/05/2016,0.6904,0.12%,0.8913,0.03%,6.5557,0.10%,109.23,-0.84%
24/05/2016,0.6833,-1.03%,0.8976,0.71%,6.5572,0.02%,109.99,0.70%
25/05/2016,0.6804,-0.42%,0.8964,-0.13%,6.5541,-0.05%,110.19,0.18%
26/05/2016,0.6816,0.18%,0.8933,-0.35%,6.557,0.04%,109.77,-0.38%
27/05/2016,0.6838,0.32%,0.8997,0.72%,6.5633,0.10%,110.23,0.42%
31/05/2016,0.6907,1.10%,0.8983,0.13%,6.5829,0.00%,110.71,-0.38%
01/06/2016,0.6936,0.42%,0.8938,-0.50%,6.5751,-0.12%,109.53,-1.07%
06/06/2016,0.6925,0.55%,0.8807,0.10%,6.5637,-0.02%,107.56,0.97%
07/06/2016,0.6876,-0.71%,0.8804,-0.03%,6.5715,0.12%,107.36,-0.19%
09/06/2016,0.6916,0.30%,0.8837,0.68%,6.5619,-0.01%,107.09,0.10%
10/06/2016,0.7014,1.42%,0.8889,0.59%,6.5619,0.00%,106.98,-0.10%
13/06/2016,0.7006,-0.11%,0.8856,-0.37%,6.5857,0.36%,106.25,-0.68%
14/06/2016,0.7084,1.11%,0.8922,0.75%,6.5965,0.16%,106.11,-0.13%
15/06/2016,0.7039,-0.64%,0.8881,-0.46%,6.5818,-0.22%,106.02,-0.08%
16/06/2016,0.7041,0.03%,0.8908,0.30%,6.592,0.15%,104.25,-1.67%
17/06/2016,0.6965,-1.08%,0.8867,-0.46%,6.5884,-0.05%,104.12,-0.12%
20/06/2016,0.6803,-2.33%,0.8839,-0.32%,6.577,-0.17%,103.94,-0.17%
21/06/2016,0.6826,0.34%,0.8896,0.64%,6.5903,0.20%,104.75,0.78%
22/06/2016,0.6799,-0.40%,0.8851,-0.51%,6.5775,-0.19%,104.41,-0.32%
23/06/2016,0.6721,-1.15%,0.878,-0.80%,6.5772,0.00%,106.16,1.68%
24/06/2016,0.731,8.76%,0.8996,2.46%,6.6218,0.68%,102.23,-3.70%
27/06/2016,0.756,3.42%,0.9072,0.84%,6.6516,0.45%,102.0,-0.22%
28/06/2016,0.7495,-0.86%,0.9037,-0.39%,6.6481,-0.05%,102.76,0.75%
29/06/2016,0.7448,-0.63%,0.8989,-0.53%,6.6367,-0.17%,102.83,0.07%
30/06/2016,0.7512,0.86%,0.9004,0.17%,6.648,0.17%,103.29,0.45%
01/07/2016,0.754,0.37%,0.898,-0.27%,6.6557,0.12%,102.53,-0.74%
06/07/2016,0.7733,0.70%,0.901,-0.21%,6.693,0.20%,101.33,-0.38%
07/07/2016,0.7747,0.18%,0.9039,0.32%,6.681,-0.18%,100.78,-0.54%
11/07/2016,0.7695,-0.31%,0.9043,-0.03%,6.6939,0.09%,102.81,2.25%
12/07/2016,0.7551,-1.87%,0.9042,-0.01%,6.6885,-0.08%,104.69,1.83%
13/07/2016,0.7606,0.73%,0.9018,-0.27%,6.6863,-0.03%,104.5,-0.18%
14/07/2016,0.7494,-1.47%,0.8992,-0.29%,6.6836,-0.04%,105.34,0.80%
15/07/2016,0.758,1.15%,0.9062,0.78%,6.6887,0.08%,104.84,-0.47%
18/07/2016,0.7543,-0.49%,0.9031,-0.34%,6.7045,0.24%,106.16,1.26%
19/07/2016,0.7628,1.13%,0.9073,0.47%,6.6963,-0.12%,106.12,-0.04%
20/07/2016,0.757,-0.76%,0.9079,0.07%,6.6777,-0.28%,106.84,0.68%
21/07/2016,0.7557,-0.17%,0.9071,-0.09%,6.6755,-0.03%,105.81,-0.96%
22/07/2016,0.7628,0.94%,0.9111,0.44%,6.6795,0.06%,106.08,0.26%
25/07/2016,0.761,-0.24%,0.9096,-0.16%,6.6785,-0.01%,105.78,-0.28%
26/07/2016,0.7615,0.07%,0.9101,0.05%,6.672,-0.10%,104.66,-1.06%
27/07/2016,0.7563,-0.68%,0.9043,-0.64%,6.67,-0.03%,105.4,0.71%
28/07/2016,0.7596,0.44%,0.9029,-0.15%,6.6554,-0.22%,105.27,-0.12%
29/07/2016,0.756,-0.47%,0.895,-0.87%,6.6373,-0.27%,102.06,-3.05%
01/08/2016,0.7589,0.38%,0.8959,0.10%,6.6439,0.10%,102.39,0.32%
02/08/2016,0.7487,-1.34%,0.8907,-0.58%,6.6272,-0.25%,100.89,-1.46%
03/08/2016,0.7503,0.21%,0.897,0.71%,6.6342,0.11%,101.23,0.34%
04/08/2016,0.763,1.69%,0.8985,0.17%,6.6418,0.11%,101.22,-0.01%
08/08/2016,0.7669,0.25%,0.9015,-0.07%,6.6614,0.08%,102.44,0.62%
09/08/2016,0.7691,0.29%,0.8993,-0.24%,6.6557,-0.09%,101.89,-0.54%
11/08/2016,0.7719,0.43%,0.8979,0.36%,6.6277,-0.16%,101.95,0.66%
12/08/2016,0.7738,0.25%,0.896,-0.21%,6.6353,0.11%,101.31,-0.63%
15/08/2016,0.7764,0.34%,0.8942,-0.20%,6.638,0.04%,101.25,-0.06%
16/08/2016,0.7665,-1.28%,0.8866,-0.85%,6.6253,-0.19%,100.31,-0.93%
17/08/2016,0.7667,0.03%,0.8859,-0.08%,6.6343,0.14%,100.27,-0.04%
18/08/2016,0.7594,-0.95%,0.8808,-0.58%,6.6312,-0.05%,99.89,-0.38%
19/08/2016,0.7648,0.71%,0.8829,0.24%,6.6532,0.33%,100.22,0.33%
22/08/2016,0.7611,-0.48%,0.8835,0.07%,6.6507,-0.04%,100.33,0.11%
23/08/2016,0.7577,-0.45%,0.8846,0.12%,6.6409,-0.15%,100.25,-0.08%
24/08/2016,0.7557,-0.26%,0.8878,0.36%,6.6591,0.27%,100.44,0.19%
25/08/2016,0.7581,0.32%,0.8863,-0.17%,6.6593,0.00%,100.53,0.09%
26/08/2016,0.7612,0.41%,0.8931,0.77%,6.6719,0.19%,101.83,1.29%
30/08/2016,0.7644,0.17%,0.8975,0.41%,6.6812,0.05%,102.97,1.03%
31/08/2016,0.7611,-0.43%,0.8962,-0.14%,6.6793,-0.03%,103.42,0.44%
02/09/2016,0.7523,-0.19%,0.8963,0.36%,6.6805,0.13%,103.99,0.72%
06/09/2016,0.744,-1.01%,0.8884,-0.98%,6.6755,-0.02%,102.02,-1.37%
08/09/2016,0.752,0.32%,0.8881,-0.17%,6.6643,0.03%,102.5,0.76%
09/09/2016,0.7537,0.23%,0.8903,0.25%,6.6781,0.21%,102.69,0.19%
12/09/2016,0.7498,-0.52%,0.8901,-0.02%,6.6801,0.03%,101.86,-0.81%
13/09/2016,0.7579,1.08%,0.8912,0.12%,6.6794,-0.01%,102.56,0.69%
14/09/2016,0.7556,-0.30%,0.8889,-0.26%,6.6734,-0.09%,102.42,-0.14%
15/09/2016,0.7554,-0.03%,0.8894,0.06%,6.6734,0.00%,102.09,-0.32%
16/09/2016,0.7692,1.83%,0.8963,0.78%,6.6734,0.00%,102.3,0.21%
19/09/2016,0.7675,-0.22%,0.8949,-0.16%,6.6685,-0.07%,101.94,-0.35%
20/09/2016,0.77,0.33%,0.8965,0.18%,6.672,0.05%,101.71,-0.23%
21/09/2016,0.7676,-0.31%,0.8938,-0.30%,6.6721,0.00%,100.31,-1.38%
22/09/2016,0.7647,-0.38%,0.8922,-0.18%,6.6648,-0.11%,100.75,0.44%
23/09/2016,0.7708,0.80%,0.8908,-0.16%,6.6694,0.07%,101.0,0.25%
26/09/2016,0.7707,-0.01%,0.8886,-0.25%,6.6689,-0.01%,100.33,-0.66%
27/09/2016,0.7679,-0.36%,0.8917,0.35%,6.6701,0.02%,100.44,0.11%
28/09/2016,0.7681,0.03%,0.8916,-0.01%,6.6752,0.08%,100.67,0.23%
29/09/2016,0.7711,0.39%,0.8911,-0.06%,6.6673,-0.12%,101.03,0.36%
30/09/2016,0.7706,-0.06%,0.8896,-0.17%,6.6716,0.06%,101.34,0.31%
03/10/2016,0.7787,1.05%,0.892,0.27%,6.6716,0.00%,101.64,0.30%
05/10/2016,0.7844,-0.15%,0.8924,0.00%,6.6716,0.00%,103.5,0.59%
06/10/2016,0.7927,1.06%,0.8969,0.50%,6.6716,0.00%,103.94,0.43%
10/10/2016,0.8089,0.57%,0.8978,0.57%,6.7074,0.54%,103.61,0.67%
11/10/2016,0.8249,1.98%,0.9046,0.76%,6.722,0.22%,103.52,-0.09%
13/10/2016,0.816,-0.39%,0.9044,-0.44%,6.7274,0.13%,103.69,-0.49%
14/10/2016,0.8206,0.56%,0.9115,0.79%,6.7288,0.02%,104.19,0.48%
17/10/2016,0.8208,0.02%,0.9091,-0.26%,6.7375,0.13%,103.89,-0.29%
18/10/2016,0.8132,-0.93%,0.9107,0.18%,6.7409,0.05%,103.86,-0.03%
19/10/2016,0.8138,0.07%,0.9113,0.07%,6.7379,-0.04%,103.44,-0.40%
20/10/2016,0.8162,0.29%,0.9149,0.40%,6.7454,0.11%,103.95,0.49%
21/10/2016,0.8173,0.13%,0.9187,0.42%,6.7667,0.32%,103.83,-0.12%
24/10/2016,0.8171,-0.02%,0.919,0.03%,6.7752,0.13%,104.19,0.35%
25/10/2016,0.8205,0.42%,0.9184,-0.07%,6.7812,0.09%,104.23,0.04%
26/10/2016,0.8166,-0.48%,0.9166,-0.20%,6.7712,-0.15%,104.47,0.23%
27/10/2016,0.8222,0.69%,0.9177,0.12%,6.7851,0.21%,105.29,0.78%
28/10/2016,0.8206,-0.19%,0.9102,-0.82%,6.779,-0.09%,104.7,-0.56%
31/10/2016,0.8167,-0.48%,0.9106,0.04%,6.7758,-0.05%,104.82,0.11%
01/11/2016,0.8168,0.01%,0.9045,-0.67%,6.7665,-0.14%,104.16,-0.63%
02/11/2016,0.8128,-0.49%,0.9011,-0.38%,6.757,-0.14%,103.31,-0.82%
03/11/2016,0.8025,-1.27%,0.9005,-0.07%,6.7646,0.11%,102.98,-0.32%
04/11/2016,0.7988,-0.46%,0.8975,-0.33%,6.7565,-0.12%,103.14,0.16%
07/11/2016,0.8066,0.98%,0.9058,0.92%,6.7766,0.30%,104.47,1.29%
08/11/2016,0.8079,0.16%,0.907,0.13%,6.7874,0.16%,105.16,0.66%
10/11/2016,0.7965,-1.19%,0.9181,0.16%,6.8019,0.32%,106.83,1.10%
11/11/2016,0.7935,-0.38%,0.9212,0.34%,6.8125,0.16%,106.68,-0.14%
14/11/2016,0.8005,0.88%,0.9314,1.11%,6.8468,0.50%,108.42,1.63%
15/11/2016,0.8028,0.29%,0.9327,0.14%,6.8591,0.18%,109.17,0.69%
16/11/2016,0.8037,0.11%,0.9354,0.29%,6.8804,0.31%,109.08,-0.08%
17/11/2016,0.8054,0.21%,0.9411,0.61%,6.8782,-0.03%,110.11,0.94%
18/11/2016,0.81,0.57%,0.9445,0.36%,6.8887,0.15%,110.95,0.76%
21/11/2016,0.8004,-1.19%,0.9408,-0.39%,6.8928,0.06%,110.83,-0.11%
22/11/2016,0.8049,0.56%,0.941,0.02%,6.89,-0.04%,111.12,0.26%
23/11/2016,0.804,-0.11%,0.9474,0.68%,6.9202,0.44%,112.52,1.26%
25/11/2016,0.8015,-0.20%,0.9446,-0.31%,6.9198,0.00%,113.08,-0.23%
28/11/2016,0.8054,0.49%,0.9421,-0.26%,6.9087,-0.16%,111.94,-1.01%
29/11/2016,0.8006,-0.60%,0.9391,-0.32%,6.8968,-0.17%,112.39,0.40%
30/11/2016,0.7996,-0.12%,0.9445,0.58%,6.8868,-0.14%,114.47,1.85%
01/12/2016,0.7942,-0.68%,0.9379,-0.70%,6.8865,0.00%,114.09,-0.33%
02/12/2016,0.7856,-1.08%,0.937,-0.10%,6.8865,0.00%,113.58,-0.45%
05/12/2016,0.7853,-0.04%,0.9291,-0.84%,6.881,-0.08%,113.84,0.23%
07/12/2016,0.7921,0.43%,0.93,-0.33%,6.8805,-0.02%,113.77,-0.22%
08/12/2016,0.7945,0.30%,0.9421,1.30%,6.8799,-0.01%,114.03,0.23%
09/12/2016,0.7952,0.09%,0.9468,0.50%,6.9077,0.40%,115.4,1.20%
12/12/2016,0.7889,-0.79%,0.9404,-0.68%,6.9069,-0.01%,115.03,-0.32%
13/12/2016,0.79,0.14%,0.941,0.06%,6.9017,-0.08%,115.19,0.14%
14/12/2016,0.7959,0.75%,0.949,0.85%,6.9051,0.05%,117.05,1.61%
15/12/2016,0.8053,1.18%,0.9603,1.19%,6.9443,0.57%,118.17,0.96%
16/12/2016,0.8002,-0.63%,0.9568,-0.36%,6.9603,0.23%,117.99,-0.15%
19/12/2016,0.8065,0.79%,0.9614,0.48%,6.9539,-0.09%,117.08,-0.77%
20/12/2016,0.8088,0.29%,0.9627,0.14%,6.9505,-0.05%,117.88,0.68%
21/12/2016,0.8095,0.09%,0.9593,-0.35%,6.9421,-0.12%,117.55,-0.28%
22/12/2016,0.8142,0.58%,0.9582,-0.11%,6.9504,0.12%,117.54,-0.01%
23/12/2016,0.8135,-0.09%,0.9564,-0.19%,6.9464,-0.06%,117.35,-0.16%
28/12/2016,0.818,0.38%,0.9604,0.43%,6.9593,0.10%,117.25,-0.14%
29/12/2016,0.8155,-0.31%,0.9532,-0.75%,6.9552,-0.06%,116.55,-0.60%
30/12/2016,0.8105,-0.61%,0.9509,-0.24%,6.945,-0.15%,116.89,0.29%
03/01/2017,0.8171,0.31%,0.961,0.52%,6.961,0.23%,117.75,0.19%
06/01/2017,0.8138,1.07%,0.9494,0.71%,6.9207,0.45%,116.92,1.35%
09/01/2017,0.8222,1.03%,0.9457,-0.39%,6.9375,0.24%,116.03,-0.76%
11/01/2017,0.8188,-0.30%,0.9449,-0.26%,6.9377,0.23%,115.41,-0.31%
12/01/2017,0.8224,0.44%,0.9423,-0.28%,6.8915,-0.67%,114.72,-0.60%
13/01/2017,0.8212,-0.15%,0.9395,-0.30%,6.9005,0.13%,114.53,-0.17%
17/01/2017,0.8055,-2.95%,0.9334,-1.04%,6.8546,-0.67%,112.64,-1.37%
18/01/2017,0.8157,1.27%,0.9406,0.77%,6.839,-0.23%,114.67,1.80%
19/01/2017,0.8103,-0.66%,0.9377,-0.31%,6.8712,0.47%,114.87,0.17%
20/01/2017,0.8081,-0.27%,0.9344,-0.35%,6.8765,0.08%,114.62,-0.22%
23/01/2017,0.7977,-1.29%,0.929,-0.58%,6.8539,-0.33%,112.7,-1.68%
24/01/2017,0.7987,0.13%,0.9319,0.31%,6.859,0.07%,113.8,0.98%
25/01/2017,0.7915,-0.90%,0.9304,-0.16%,6.8836,0.36%,113.28,-0.46%
26/01/2017,0.7941,0.33%,0.9361,0.61%,6.8817,-0.03%,114.53,1.10%
27/01/2017,0.7965,0.30%,0.9346,-0.16%,6.8817,0.00%,115.08,0.48%
30/01/2017,0.8009,0.55%,0.9351,0.05%,6.8817,0.00%,113.78,-1.13%
31/01/2017,0.795,-0.74%,0.9261,-0.96%,6.8817,0.00%,112.8,-0.86%
02/02/2017,0.7982,1.03%,0.9295,0.10%,6.8817,0.00%,112.81,-0.39%
03/02/2017,0.8008,0.33%,0.9273,-0.24%,6.8697,-0.17%,112.7,-0.10%
06/02/2017,0.802,0.15%,0.9302,0.31%,6.863,-0.10%,111.75,-0.84%
08/02/2017,0.7974,-0.25%,0.9346,-0.16%,6.8723,-0.17%,111.94,-0.40%
10/02/2017,0.8005,0.02%,0.9397,0.13%,6.8785,0.14%,113.22,-0.03%
13/02/2017,0.7984,-0.26%,0.9435,0.40%,6.8815,0.04%,113.75,0.47%
14/02/2017,0.802,0.45%,0.9454,0.20%,6.8674,-0.20%,114.26,0.45%
15/02/2017,0.8026,0.07%,0.9433,-0.22%,6.8711,0.05%,114.17,-0.08%
16/02/2017,0.8007,-0.24%,0.9369,-0.68%,6.8537,-0.25%,113.23,-0.82%
17/02/2017,0.8055,0.60%,0.9422,0.57%,6.8665,0.19%,112.88,-0.31%
21/02/2017,0.8018,-0.09%,0.949,0.72%,6.8841,0.08%,113.69,0.52%
22/02/2017,0.8032,0.17%,0.9473,-0.18%,6.8777,-0.09%,113.3,-0.34%
23/02/2017,0.7964,-0.85%,0.945,-0.24%,6.8661,-0.17%,112.59,-0.63%
24/02/2017,0.8021,0.72%,0.9467,0.18%,6.869,0.04%,112.19,-0.36%
27/02/2017,0.8037,0.20%,0.9446,-0.22%,6.8708,0.03%,112.7,0.45%
28/02/2017,0.8077,0.50%,0.9455,0.10%,6.8678,-0.04%,112.78,0.07%
01/03/2017,0.8134,0.71%,0.9481,0.27%,6.8819,0.21%,113.73,0.84%
02/03/2017,0.8153,0.23%,0.9517,0.38%,6.8899,0.12%,114.41,0.60%
03/03/2017,0.8134,-0.23%,0.9414,-1.08%,6.8972,0.11%,114.02,-0.34%
07/03/2017,0.8196,0.29%,0.9464,0.15%,6.9025,0.07%,113.98,0.08%
08/03/2017,0.8217,0.26%,0.9487,0.24%,6.9131,0.15%,114.35,0.32%
10/03/2017,0.8216,-0.04%,0.9371,-0.89%,6.9095,-0.03%,114.75,-0.17%
13/03/2017,0.8184,-0.39%,0.9386,0.16%,6.9145,0.07%,114.88,0.11%
14/03/2017,0.8227,0.53%,0.9431,0.48%,6.915,0.01%,114.75,-0.11%
15/03/2017,0.8135,-1.12%,0.9316,-1.22%,6.9147,0.00%,113.38,-1.19%
16/03/2017,0.8091,-0.54%,0.9288,-0.30%,6.898,-0.24%,113.31,-0.06%
17/03/2017,0.8068,-0.28%,0.9313,0.27%,6.9034,0.08%,112.72,-0.52%
20/03/2017,0.8092,0.30%,0.9312,-0.01%,6.9085,0.07%,112.56,-0.14%
21/03/2017,0.8014,-0.96%,0.925,-0.67%,6.887,-0.31%,111.72,-0.75%
22/03/2017,0.8011,-0.04%,0.9262,0.13%,6.8828,-0.06%,111.16,-0.50%
23/03/2017,0.7987,-0.30%,0.9274,0.13%,6.8861,0.05%,110.94,-0.20%
24/03/2017,0.8018,0.39%,0.9261,-0.14%,6.8837,-0.03%,111.34,0.36%
27/03/2017,0.7963,-0.69%,0.9204,-0.62%,6.8728,-0.16%,110.66,-0.61%
28/03/2017,0.8032,0.87%,0.9248,0.48%,6.8802,0.11%,111.16,0.45%
29/03/2017,0.8043,0.14%,0.9288,0.43%,6.89,0.14%,111.05,-0.10%
30/03/2017,0.802,-0.29%,0.9367,0.85%,6.8894,-0.01%,111.92,0.78%
31/03/2017,0.7965,-0.69%,0.9387,0.21%,6.8871,-0.03%,111.39,-0.47%
04/04/2017,0.8038,0.37%,0.9369,-0.05%,6.8871,0.00%,110.75,-0.13%
05/04/2017,0.8011,-0.34%,0.9377,0.09%,6.8948,0.11%,110.7,-0.05%
07/04/2017,0.8082,0.77%,0.9443,0.51%,6.9004,0.04%,111.07,0.23%
10/04/2017,0.8054,-0.35%,0.9437,-0.06%,6.9031,0.04%,110.94,-0.12%
12/04/2017,0.7974,-0.40%,0.9375,-0.60%,6.8915,-0.01%,109.03,-0.54%
13/04/2017,0.7998,0.30%,0.9422,0.50%,6.89,-0.02%,109.09,0.06%
18/04/2017,0.779,-2.12%,0.9319,-0.81%,6.8819,-0.01%,108.42,-0.45%
19/04/2017,0.7825,0.45%,0.9336,0.18%,6.888,0.09%,108.86,0.41%
20/04/2017,0.7804,-0.27%,0.9331,-0.05%,6.8822,-0.08%,109.32,0.42%
21/04/2017,0.7804,0.00%,0.9322,-0.10%,6.8859,0.05%,109.08,-0.22%
24/04/2017,0.7816,0.15%,0.9202,-1.29%,6.8848,-0.02%,109.77,0.63%
25/04/2017,0.7788,-0.36%,0.9153,-0.53%,6.8847,0.00%,111.09,1.20%
26/04/2017,0.7785,-0.04%,0.9172,0.21%,6.8926,0.11%,111.06,-0.03%
27/04/2017,0.775,-0.45%,0.9197,0.27%,6.8979,0.08%,111.27,0.19%
28/04/2017,0.7722,-0.36%,0.9177,-0.22%,6.8935,-0.06%,111.55,0.25%
01/05/2017,0.7761,0.51%,0.9175,-0.02%,6.8935,0.00%,111.84,0.26%
04/05/2017,0.7738,-0.44%,0.9103,-0.90%,6.8962,-0.04%,112.46,-0.26%
05/05/2017,0.7703,-0.45%,0.9093,-0.11%,6.9031,0.10%,112.72,0.23%
09/05/2017,0.7731,0.04%,0.9196,0.46%,6.9074,0.04%,113.98,0.64%
10/05/2017,0.7729,-0.03%,0.9202,0.07%,6.9032,-0.06%,114.28,0.26%
12/05/2017,0.7758,-0.03%,0.9149,-0.62%,6.8994,-0.06%,113.34,-0.46%
15/05/2017,0.7756,-0.03%,0.9112,-0.40%,6.893,-0.09%,113.78,0.39%
16/05/2017,0.7742,-0.18%,0.9023,-0.98%,6.8867,-0.09%,113.12,-0.58%
17/05/2017,0.7709,-0.43%,0.8962,-0.68%,6.8819,-0.07%,110.82,-2.03%
18/05/2017,0.7732,0.30%,0.9006,0.49%,6.8893,0.11%,111.5,0.61%
19/05/2017,0.7671,-0.79%,0.8923,-0.92%,6.885,-0.06%,111.28,-0.20%
22/05/2017,0.7692,0.27%,0.8899,-0.27%,6.8864,0.02%,111.3,0.02%
23/05/2017,0.7714,0.29%,0.8942,0.48%,6.89,0.05%,111.78,0.43%
24/05/2017,0.7708,-0.08%,0.8913,-0.32%,6.8899,0.00%,111.5,-0.25%
25/05/2017,0.7728,0.26%,0.8921,0.09%,6.8689,-0.30%,111.83,0.30%
26/05/2017,0.781,1.06%,0.8942,0.24%,6.8556,-0.19%,111.34,-0.44%
30/05/2017,0.7777,-0.14%,0.894,-0.20%,6.8556,0.00%,110.85,-0.37%
31/05/2017,0.7758,-0.24%,0.8894,-0.51%,6.8101,-0.66%,110.78,-0.06%
01/06/2017,0.7763,0.06%,0.8919,0.28%,6.8078,-0.03%,111.36,0.52%
02/06/2017,0.776,-0.04%,0.8863,-0.63%,6.8117,0.06%,110.42,-0.84%
06/06/2017,0.7745,-0.06%,0.8867,-0.20%,6.7953,-0.13%,109.41,-0.96%
07/06/2017,0.7716,-0.37%,0.8883,0.18%,6.7957,0.01%,109.81,0.37%
09/06/2017,0.7846,1.63%,0.8932,0.16%,6.798,-0.03%,110.34,0.31%
12/06/2017,0.7901,0.70%,0.8927,-0.06%,6.7982,0.00%,109.94,-0.36%
13/06/2017,0.784,-0.77%,0.892,-0.08%,6.799,0.01%,110.07,0.12%
14/06/2017,0.7842,0.03%,0.8914,-0.07%,6.7917,-0.11%,109.58,-0.45%
15/06/2017,0.784,-0.03%,0.8972,0.65%,6.8079,0.24%,110.94,1.24%
16/06/2017,0.7827,-0.17%,0.8931,-0.46%,6.8104,0.04%,110.86,-0.07%
19/06/2017,0.7851,0.31%,0.897,0.44%,6.8195,0.13%,111.53,0.60%
20/06/2017,0.7917,0.84%,0.8981,0.12%,6.8292,0.14%,111.44,-0.08%
21/06/2017,0.7892,-0.32%,0.8954,-0.30%,6.8295,0.00%,111.38,-0.05%
22/06/2017,0.7885,-0.09%,0.8967,0.15%,6.8348,0.08%,111.33,-0.04%
23/06/2017,0.7863,-0.28%,0.8933,-0.38%,6.8367,0.03%,111.29,-0.04%
26/06/2017,0.7861,-0.03%,0.8943,0.11%,6.8411,0.06%,111.84,0.49%
27/06/2017,0.7803,-0.74%,0.882,-1.38%,6.8126,-0.42%,112.36,0.46%
28/06/2017,0.7736,-0.86%,0.8789,-0.35%,6.7998,-0.19%,112.3,-0.05%
29/06/2017,0.7688,-0.62%,0.874,-0.56%,6.787,-0.19%,112.18,-0.11%
30/06/2017,0.7677,-0.14%,0.8752,0.14%,6.7809,-0.09%,112.38,0.18%
03/07/2017,0.773,0.69%,0.8799,0.54%,6.8007,0.29%,113.39,0.90%
06/07/2017,0.771,-0.27%,0.8754,-0.62%,6.8015,0.00%,113.22,-0.04%
07/07/2017,0.7757,0.61%,0.8771,0.19%,6.8059,0.06%,113.89,0.59%
11/07/2017,0.7783,0.26%,0.872,-0.59%,6.8025,-0.02%,113.94,-0.09%
12/07/2017,0.7761,-0.28%,0.8762,0.48%,6.7877,-0.22%,113.16,-0.68%
13/07/2017,0.7729,-0.41%,0.8773,0.13%,6.7835,-0.06%,113.28,0.11%
14/07/2017,0.7636,-1.20%,0.872,-0.60%,6.7758,-0.11%,112.53,-0.66%
17/07/2017,0.766,0.31%,0.8712,-0.09%,6.77,-0.09%,112.64,0.10%
18/07/2017,0.7669,0.12%,0.8655,-0.65%,6.7463,-0.35%,112.08,-0.50%
19/07/2017,0.7681,0.16%,0.8684,0.34%,6.7519,0.08%,111.97,-0.10%
20/07/2017,0.7709,0.36%,0.8598,-0.99%,6.7595,0.11%,111.91,-0.05%
21/07/2017,0.7695,-0.18%,0.8575,-0.27%,6.7669,0.11%,111.12,-0.71%
24/07/2017,0.7675,-0.26%,0.859,0.17%,6.7511,-0.23%,111.11,-0.01%
25/07/2017,0.7678,0.04%,0.8586,-0.05%,6.7511,0.00%,111.89,0.70%
26/07/2017,0.7621,-0.74%,0.8522,-0.75%,6.7539,0.04%,111.17,-0.64%
27/07/2017,0.7653,0.42%,0.8564,0.49%,6.743,-0.16%,111.25,0.07%
28/07/2017,0.7613,-0.52%,0.8509,-0.64%,6.7374,-0.08%,110.67,-0.52%
31/07/2017,0.7568,-0.59%,0.8445,-0.75%,6.7265,-0.16%,110.25,-0.38%
02/08/2017,0.7563,-0.13%,0.8435,-0.46%,6.7219,0.06%,110.73,0.34%
03/08/2017,0.7611,0.63%,0.8425,-0.12%,6.7169,-0.07%,110.05,-0.61%
08/08/2017,0.7698,0.35%,0.8508,0.35%,6.7065,-0.22%,110.31,-0.40%
09/08/2017,0.769,-0.10%,0.8505,-0.04%,6.6739,-0.49%,110.08,-0.21%
11/08/2017,0.7685,-0.30%,0.846,-0.41%,6.6647,0.26%,109.19,-0.03%
14/08/2017,0.7713,0.36%,0.8489,0.34%,6.6711,0.10%,109.64,0.41%
15/08/2017,0.777,0.74%,0.8521,0.38%,6.6855,0.22%,110.67,0.94%
16/08/2017,0.7756,-0.18%,0.8498,-0.27%,6.6916,0.09%,110.19,-0.43%
17/08/2017,0.7771,0.19%,0.8529,0.36%,6.6755,-0.24%,109.57,-0.56%
18/08/2017,0.7766,-0.06%,0.8502,-0.32%,6.6713,-0.06%,109.19,-0.35%
21/08/2017,0.7751,-0.19%,0.8464,-0.45%,6.6656,-0.09%,108.98,-0.19%
22/08/2017,0.7798,0.61%,0.8502,0.45%,6.6624,-0.05%,109.57,0.54%
23/08/2017,0.7812,0.18%,0.8469,-0.39%,6.6589,-0.05%,109.03,-0.49%
24/08/2017,0.7812,0.00%,0.8476,0.08%,6.662,0.05%,109.56,0.49%
25/08/2017,0.7759,-0.68%,0.8387,-1.05%,6.6497,-0.18%,109.36,-0.18%
29/08/2017,0.774,0.10%,0.8353,0.06%,6.5968,-0.29%,109.75,0.46%
30/08/2017,0.7737,-0.04%,0.8415,0.74%,6.5944,-0.04%,110.23,0.44%
31/08/2017,0.7734,-0.04%,0.8397,-0.21%,6.5899,-0.07%,109.97,-0.24%
01/09/2017,0.7722,-0.16%,0.8433,0.43%,6.5591,-0.47%,110.27,0.27%
05/09/2017,0.7673,-0.78%,0.8394,-0.14%,6.5388,0.12%,108.81,-0.85%
06/09/2017,0.7667,-0.08%,0.8391,-0.04%,6.524,-0.23%,109.23,0.39%
08/09/2017,0.7577,-0.73%,0.8309,-0.10%,6.4817,-0.07%,107.84,-0.56%
11/09/2017,0.7597,0.26%,0.8367,0.70%,6.5297,0.74%,109.41,1.46%
13/09/2017,0.757,0.56%,0.8413,0.67%,6.543,0.12%,110.48,0.28%
14/09/2017,0.7464,-1.40%,0.839,-0.27%,6.556,0.20%,110.23,-0.23%
15/09/2017,0.7357,-1.43%,0.8374,-0.19%,6.5526,-0.05%,110.84,0.55%
18/09/2017,0.7411,0.73%,0.8366,-0.10%,6.5741,0.33%,111.57,0.66%
19/09/2017,0.7402,-0.12%,0.8337,-0.35%,6.5838,0.15%,111.59,0.02%
20/09/2017,0.7411,0.12%,0.8408,0.85%,6.5749,-0.14%,112.22,0.56%
21/09/2017,0.7363,-0.65%,0.8374,-0.40%,6.5899,0.23%,112.47,0.22%
22/09/2017,0.7411,0.65%,0.8369,-0.06%,6.5911,0.02%,111.98,-0.44%
25/09/2017,0.7426,0.20%,0.844,0.85%,6.6212,0.46%,111.73,-0.22%
26/09/2017,0.743,0.05%,0.8479,0.46%,6.6401,0.29%,112.23,0.45%
27/09/2017,0.747,0.54%,0.8515,0.42%,6.6425,0.04%,112.83,0.53%
28/09/2017,0.7439,-0.41%,0.8485,-0.35%,6.664,0.32%,112.34,-0.43%
29/09/2017,0.7464,0.34%,0.8465,-0.24%,6.6534,-0.16%,112.49,0.13%
02/10/2017,0.7531,0.90%,0.8523,0.69%,6.6534,0.00%,112.77,0.25%
03/10/2017,0.7553,0.29%,0.8515,-0.09%,6.6534,0.00%,112.86,0.08%
05/10/2017,0.7622,0.97%,0.8539,0.42%,6.6534,0.00%,112.82,0.06%
10/10/2017,0.7573,-0.47%,0.847,-0.56%,6.5715,-0.82%,112.45,-0.20%
11/10/2017,0.7562,-0.15%,0.8433,-0.44%,6.5902,0.28%,112.5,0.04%
13/10/2017,0.7527,-0.17%,0.8458,0.07%,6.5796,-0.13%,111.86,-0.37%
16/10/2017,0.7547,0.27%,0.8477,0.22%,6.5899,0.16%,112.19,0.30%
17/10/2017,0.7581,0.45%,0.8499,0.26%,6.6235,0.51%,112.2,0.01%
18/10/2017,0.7573,-0.11%,0.8484,-0.18%,6.6274,0.06%,112.94,0.66%
19/10/2017,0.76,0.36%,0.8438,-0.54%,6.6151,-0.19%,112.55,-0.35%
20/10/2017,0.7582,-0.24%,0.8485,0.56%,6.6205,0.08%,113.52,0.86%
23/10/2017,0.7577,-0.07%,0.8511,0.31%,6.64,0.29%,113.44,-0.07%
24/10/2017,0.7613,0.48%,0.8502,-0.11%,6.6358,-0.06%,113.9,0.41%
25/10/2017,0.7539,-0.97%,0.8466,-0.42%,6.639,0.05%,113.75,-0.13%
26/10/2017,0.7599,0.80%,0.8583,1.38%,6.6426,0.05%,113.98,0.20%
27/10/2017,0.7617,0.24%,0.8613,0.35%,6.6514,0.13%,113.69,-0.25%
30/10/2017,0.7571,-0.60%,0.8582,-0.36%,6.6465,-0.07%,113.19,-0.44%
31/10/2017,0.7529,-0.55%,0.8587,0.06%,6.6349,-0.17%,113.64,0.40%
01/11/2017,0.755,0.28%,0.8607,0.23%,6.6029,-0.48%,114.17,0.47%
07/11/2017,0.7595,0.04%,0.8631,0.21%,6.64,0.09%,114.02,0.28%
08/11/2017,0.7624,0.38%,0.8624,-0.08%,6.628,-0.18%,113.88,-0.12%
09/11/2017,0.7607,-0.22%,0.859,-0.39%,6.6403,0.19%,113.47,-0.36%
10/11/2017,0.7581,-0.34%,0.8572,-0.21%,6.6414,0.02%,113.53,0.05%
13/11/2017,0.7624,0.57%,0.8571,-0.01%,6.6405,-0.01%,113.62,0.08%
14/11/2017,0.7596,-0.37%,0.8476,-1.11%,6.6363,-0.06%,113.45,-0.15%
15/11/2017,0.7592,-0.05%,0.8481,0.06%,6.6235,-0.19%,112.88,-0.50%
16/11/2017,0.7579,-0.17%,0.8496,0.18%,6.6307,0.11%,113.06,0.16%
17/11/2017,0.7568,-0.15%,0.8478,-0.21%,6.6267,-0.06%,112.08,-0.87%
20/11/2017,0.7556,-0.16%,0.8524,0.54%,6.635,0.13%,112.62,0.48%
21/11/2017,0.7553,-0.04%,0.8519,-0.06%,6.6296,-0.08%,112.44,-0.16%
22/11/2017,0.7503,-0.66%,0.8458,-0.72%,6.6102,-0.29%,111.22,-1.09%
24/11/2017,0.7498,-0.21%,0.8382,-0.66%,6.6022,0.28%,111.55,0.30%
27/11/2017,0.7509,0.15%,0.8405,0.27%,6.5969,-0.08%,111.09,-0.41%
28/11/2017,0.7497,-0.16%,0.8445,0.48%,6.6076,0.16%,111.48,0.35%
29/11/2017,0.7458,-0.52%,0.844,-0.06%,6.6094,0.03%,111.93,0.40%
30/11/2017,0.7393,-0.87%,0.84,-0.47%,6.6128,0.05%,112.53,0.54%
01/12/2017,0.7422,0.39%,0.8409,0.11%,6.6174,0.07%,112.11,-0.37%
04/12/2017,0.7419,-0.04%,0.8427,0.21%,6.6197,0.03%,112.42,0.28%
05/12/2017,0.7439,0.27%,0.8456,0.34%,6.6191,-0.01%,112.59,0.15%
06/12/2017,0.7467,0.38%,0.8478,0.26%,6.6149,-0.06%,112.3,-0.26%
07/12/2017,0.7421,-0.62%,0.8494,0.19%,6.6193,0.07%,113.08,0.69%
12/12/2017,0.7509,0.16%,0.8517,0.24%,6.6215,0.04%,113.55,-0.01%
13/12/2017,0.7451,-0.77%,0.8456,-0.72%,6.6174,-0.06%,112.55,-0.88%
14/12/2017,0.7446,-0.07%,0.849,0.40%,6.6096,-0.12%,112.39,-0.14%
15/12/2017,0.7507,0.82%,0.8508,0.21%,6.6093,0.00%,112.58,0.17%
18/12/2017,0.7472,-0.47%,0.8488,-0.24%,6.6164,0.11%,112.55,-0.03%
19/12/2017,0.7471,-0.01%,0.8446,-0.49%,6.6047,-0.18%,112.89,0.30%
20/12/2017,0.7477,0.08%,0.8424,-0.26%,6.5785,-0.40%,113.39,0.44%
21/12/2017,0.7471,-0.08%,0.8422,-0.02%,6.5847,0.09%,113.33,-0.05%
22/12/2017,0.7483,0.16%,0.8433,0.13%,6.5774,-0.11%,113.27,-0.05%
27/12/2017,0.7464,-0.17%,0.8411,-0.26%,6.5568,0.18%,113.36,0.11%
28/12/2017,0.7439,-0.33%,0.8374,-0.44%,6.5334,-0.36%,112.89,-0.41%
29/12/2017,0.7399,-0.54%,0.8335,-0.47%,6.5067,-0.41%,112.69,-0.18%
02/01/2018,0.7359,-0.63%,0.8293,-0.41%,6.4933,-0.21%,112.3,-0.32%
03/01/2018,0.7399,0.54%,0.8323,0.36%,6.503,0.15%,112.5,0.18%
05/01/2018,0.7369,-0.14%,0.8313,0.33%,6.4887,-0.07%,113.08,0.29%
08/01/2018,0.737,0.01%,0.8357,0.53%,6.4998,0.17%,113.09,0.01%
10/01/2018,0.7403,0.23%,0.837,-0.08%,6.5081,-0.33%,111.44,-1.08%
11/01/2018,0.7387,-0.22%,0.8311,-0.70%,6.4958,-0.19%,111.25,-0.17%
16/01/2018,0.725,0.00%,0.8156,0.01%,6.444,0.11%,110.45,-0.08%
17/01/2018,0.7232,-0.25%,0.8206,0.61%,6.4343,-0.15%,111.28,0.75%
18/01/2018,0.7198,-0.47%,0.8171,-0.43%,6.4203,-0.22%,111.11,-0.15%
19/01/2018,0.7219,0.29%,0.8182,0.13%,6.404,-0.25%,110.78,-0.30%
22/01/2018,0.7148,-0.98%,0.8155,-0.33%,6.4053,0.02%,110.92,0.13%
23/01/2018,0.7142,-0.08%,0.8131,-0.29%,6.4047,-0.01%,110.31,-0.55%
24/01/2018,0.7021,-1.69%,0.806,-0.87%,6.37,-0.54%,109.22,-0.99%
25/01/2018,0.7071,0.71%,0.8067,0.09%,6.3238,-0.73%,109.41,0.17%
26/01/2018,0.7057,-0.20%,0.8051,-0.20%,6.3201,-0.06%,108.72,-0.63%
29/01/2018,0.7105,0.68%,0.8076,0.31%,6.3375,0.28%,108.95,0.21%
30/01/2018,0.7069,-0.51%,0.8064,-0.15%,6.3239,-0.21%,108.78,-0.16%
31/01/2018,0.7046,-0.33%,0.8051,-0.16%,6.2888,-0.56%,109.19,0.38%
01/02/2018,0.701,-0.51%,0.7994,-0.71%,6.2995,0.17%,109.41,0.20%
02/02/2018,0.7081,1.01%,0.8025,0.39%,6.3014,0.03%,110.11,0.64%
05/02/2018,0.7164,1.17%,0.8085,0.75%,6.29,-0.18%,109.11,-0.91%
07/02/2018,0.7204,0.49%,0.8154,0.93%,6.2694,-0.22%,109.33,-0.21%
08/02/2018,0.7188,-0.22%,0.8165,0.13%,6.327,0.92%,108.75,-0.53%
13/02/2018,0.7198,-0.40%,0.8096,-0.48%,6.341,0.21%,107.83,-0.76%
14/02/2018,0.7144,-0.75%,0.8032,-0.79%,6.3482,0.11%,107.02,-0.75%
15/02/2018,0.7093,-0.71%,0.7996,-0.45%,6.3482,0.00%,106.12,-0.84%
16/02/2018,0.7121,0.39%,0.8061,0.81%,6.3482,0.00%,106.31,0.18%
20/02/2018,0.7145,0.07%,0.8105,0.56%,6.3482,0.00%,107.33,0.68%
21/02/2018,0.7185,0.56%,0.8141,0.44%,6.3482,0.00%,107.78,0.42%
22/02/2018,0.7163,-0.31%,0.811,-0.38%,6.35,0.03%,106.75,-0.96%
23/02/2018,0.7159,-0.06%,0.8135,0.31%,6.3373,-0.20%,106.89,0.13%
26/02/2018,0.7159,0.00%,0.8119,-0.20%,6.316,-0.34%,106.94,0.05%
27/02/2018,0.719,0.43%,0.8175,0.69%,6.317,0.02%,107.33,0.36%
28/02/2018,0.7267,1.07%,0.82,0.31%,6.3311,0.22%,106.67,-0.61%
01/03/2018,0.7259,-0.11%,0.8152,-0.59%,6.3582,0.43%,106.24,-0.40%
05/03/2018,0.722,-0.33%,0.8106,-0.15%,6.3495,0.06%,106.2,0.43%
07/03/2018,0.7194,-0.08%,0.8057,-0.06%,6.3255,0.25%,106.08,-0.04%
08/03/2018,0.724,0.64%,0.8122,0.81%,6.3422,0.26%,106.2,0.11%
12/03/2018,0.7191,-0.42%,0.8107,-0.22%,6.33,-0.04%,106.42,-0.36%
13/03/2018,0.7163,-0.39%,0.8071,-0.44%,6.3216,-0.13%,106.58,0.15%
14/03/2018,0.7163,0.00%,0.8086,0.19%,6.318,-0.06%,106.33,-0.23%
15/03/2018,0.7175,0.17%,0.8127,0.51%,6.3221,0.06%,106.34,0.01%
16/03/2018,0.7174,-0.01%,0.8137,0.12%,6.335,0.20%,106.02,-0.30%
19/03/2018,0.713,-0.61%,0.8107,-0.37%,6.3322,-0.04%,106.09,0.07%
20/03/2018,0.7144,0.20%,0.8168,0.75%,6.334,0.03%,106.53,0.41%
21/03/2018,0.7072,-1.01%,0.8105,-0.77%,6.3232,-0.17%,106.06,-0.44%
22/03/2018,0.7094,0.31%,0.8128,0.28%,6.335,0.19%,105.28,-0.74%
23/03/2018,0.7076,-0.25%,0.8095,-0.41%,6.316,-0.30%,104.74,-0.51%
26/03/2018,0.7028,-0.68%,0.8037,-0.72%,6.2734,-0.67%,105.41,0.64%
27/03/2018,0.7064,0.51%,0.8063,0.32%,6.2831,0.15%,105.34,-0.07%
28/03/2018,0.7104,0.57%,0.8125,0.77%,6.2979,0.24%,106.86,1.44%
29/03/2018,0.7135,0.44%,0.8129,0.05%,6.2898,-0.13%,106.43,-0.40%
04/04/2018,0.7101,-0.17%,0.8145,-0.05%,6.3052,0.24%,106.78,0.16%
05/04/2018,0.7141,0.56%,0.817,0.31%,6.3052,0.00%,107.38,0.56%
06/04/2018,0.7096,-0.63%,0.8142,-0.34%,6.3052,0.00%,106.93,-0.42%
09/04/2018,0.7077,-0.27%,0.8116,-0.32%,6.307,0.03%,106.77,-0.15%
10/04/2018,0.7055,-0.31%,0.8094,-0.27%,6.2832,-0.38%,107.2,0.40%
12/04/2018,0.7028,-0.37%,0.8113,0.33%,6.2915,0.36%,107.33,0.50%
13/04/2018,0.7022,-0.09%,0.8109,-0.05%,6.275,-0.26%,107.34,0.01%
16/04/2018,0.6975,-0.67%,0.8078,-0.38%,6.2765,0.02%,107.11,-0.21%
17/04/2018,0.6999,0.34%,0.8084,0.07%,6.2826,0.10%,107.0,-0.10%
18/04/2018,0.7041,0.60%,0.8082,-0.02%,6.2744,-0.13%,107.23,0.21%
19/04/2018,0.7097,0.80%,0.8099,0.21%,6.2791,0.07%,107.38,0.14%
20/04/2018,0.714,0.61%,0.8138,0.48%,6.2965,0.28%,107.67,0.27%
23/04/2018,0.7173,0.46%,0.819,0.64%,6.3171,0.33%,108.71,0.97%
24/04/2018,0.7155,-0.25%,0.8175,-0.18%,6.3065,-0.17%,108.82,0.10%
25/04/2018,0.7178,0.32%,0.8223,0.59%,6.3266,0.32%,109.42,0.55%
26/04/2018,0.7183,0.07%,0.8263,0.49%,6.3365,0.16%,109.31,-0.10%
27/04/2018,0.7257,1.03%,0.8244,-0.23%,6.3332,-0.05%,109.05,-0.24%
30/04/2018,0.7261,0.06%,0.8279,0.42%,6.3332,0.00%,109.33,0.26%
01/05/2018,0.7346,1.17%,0.8338,0.71%,6.3332,0.00%,109.86,0.48%
02/05/2018,0.7363,0.23%,0.8367,0.35%,6.3624,0.46%,109.84,-0.02%
03/05/2018,0.7366,0.04%,0.8341,-0.31%,6.3537,-0.14%,109.19,-0.59%
04/05/2018,0.7389,0.31%,0.8361,0.24%,6.3627,0.14%,109.12,-0.06%
09/05/2018,0.7382,0.01%,0.8438,0.12%,6.3624,-0.13%,109.75,0.58%
10/05/2018,0.7397,0.20%,0.8393,-0.53%,6.3492,-0.21%,109.39,-0.33%
11/05/2018,0.7383,-0.19%,0.8373,-0.24%,6.3341,-0.24%,109.39,0.00%
14/05/2018,0.7377,-0.08%,0.8385,0.14%,6.3392,0.08%,109.66,0.25%
15/05/2018,0.7403,0.35%,0.8448,0.75%,6.3778,0.61%,110.35,0.63%
16/05/2018,0.7414,0.15%,0.8469,0.25%,6.3715,-0.10%,110.39,0.04%
17/05/2018,0.7399,-0.20%,0.8478,0.11%,6.3671,-0.07%,110.77,0.34%
18/05/2018,0.7422,0.31%,0.8491,0.15%,6.38,0.20%,110.75,-0.02%
21/05/2018,0.7446,0.32%,0.8481,-0.12%,6.3835,0.05%,111.06,0.28%
22/05/2018,0.7443,-0.04%,0.8489,0.09%,6.3675,-0.25%,110.89,-0.15%
23/05/2018,0.7493,0.67%,0.855,0.72%,6.3885,0.33%,110.08,-0.73%
24/05/2018,0.7473,-0.27%,0.8532,-0.21%,6.3783,-0.16%,109.25,-0.75%
25/05/2018,0.7514,0.55%,0.8582,0.59%,6.3918,0.21%,109.39,0.13%
29/05/2018,0.7546,0.47%,0.8666,0.73%,6.4176,0.29%,108.77,-0.59%
30/05/2018,0.7523,-0.30%,0.8575,-1.05%,6.419,0.02%,108.91,0.13%
31/05/2018,0.7519,-0.05%,0.8552,-0.27%,6.4103,-0.14%,108.82,-0.08%
04/06/2018,0.7512,0.28%,0.8548,-0.33%,6.41,-0.16%,109.81,0.24%
06/06/2018,0.7456,-0.11%,0.8494,-0.47%,6.3884,-0.28%,110.17,0.34%
07/06/2018,0.745,-0.08%,0.8476,-0.21%,6.3921,0.06%,109.7,-0.43%
08/06/2018,0.7456,0.08%,0.8498,0.26%,6.4066,0.23%,109.55,-0.14%
11/06/2018,0.7477,0.28%,0.8487,-0.13%,6.4017,-0.08%,110.03,0.44%
12/06/2018,0.7478,0.01%,0.8515,0.33%,6.4028,0.02%,110.38,0.32%
13/06/2018,0.7476,-0.03%,0.8481,-0.40%,6.3984,-0.07%,110.34,-0.04%
14/06/2018,0.754,0.86%,0.8643,1.91%,6.4017,0.05%,110.63,0.26%
15/06/2018,0.7527,-0.17%,0.8614,-0.34%,6.4394,0.59%,110.67,0.04%
18/06/2018,0.755,0.31%,0.8603,-0.13%,6.4394,0.00%,110.55,-0.11%
19/06/2018,0.7587,0.49%,0.8629,0.30%,6.4852,0.71%,110.06,-0.44%
20/06/2018,0.7591,0.05%,0.8641,0.14%,6.4738,-0.18%,110.36,0.27%
21/06/2018,0.7546,-0.59%,0.8619,-0.25%,6.4932,0.30%,110.0,-0.33%
22/06/2018,0.7536,-0.13%,0.8579,-0.46%,6.5059,0.20%,109.97,-0.03%
25/06/2018,0.7532,-0.05%,0.8545,-0.40%,6.54,0.52%,109.78,-0.17%
26/06/2018,0.756,0.37%,0.8586,0.48%,6.5793,0.60%,110.06,0.26%
27/06/2018,0.7627,0.89%,0.8656,0.82%,6.6046,0.38%,110.26,0.18%
28/06/2018,0.7647,0.26%,0.8643,-0.15%,6.6271,0.34%,110.5,0.22%
29/06/2018,0.7571,-0.99%,0.8558,-0.98%,6.621,-0.09%,110.68,0.16%
02/07/2018,0.7609,0.50%,0.8591,0.39%,6.668,0.71%,110.89,0.19%
03/07/2018,0.758,-0.38%,0.8579,-0.14%,6.6425,-0.38%,110.59,-0.27%
06/07/2018,0.7527,-0.44%,0.8512,-0.49%,6.6435,0.10%,110.46,-0.14%
09/07/2018,0.7542,0.20%,0.8509,-0.04%,6.6161,-0.41%,110.85,0.35%
11/07/2018,0.7572,0.53%,0.8567,0.61%,6.6812,0.78%,112.02,0.92%
12/07/2018,0.7572,0.00%,0.8567,0.00%,6.6677,-0.20%,112.56,0.48%
13/07/2018,0.7556,-0.21%,0.8558,-0.11%,6.6917,0.36%,112.38,-0.16%
16/07/2018,0.7556,0.00%,0.8539,-0.22%,6.6911,-0.01%,112.3,-0.07%
17/07/2018,0.7625,0.91%,0.8576,0.43%,6.7065,0.23%,112.87,0.51%
18/07/2018,0.765,0.33%,0.8592,0.19%,6.7196,0.20%,112.86,-0.01%
19/07/2018,0.7684,0.44%,0.8589,-0.03%,6.7751,0.83%,112.47,-0.35%
20/07/2018,0.7614,-0.91%,0.8532,-0.66%,6.7709,-0.06%,111.41,-0.94%
23/07/2018,0.7632,0.24%,0.8552,0.23%,6.7929,0.32%,111.34,-0.06%
24/07/2018,0.7608,-0.31%,0.8558,0.07%,6.7914,-0.02%,111.2,-0.13%
25/07/2018,0.7582,-0.34%,0.8527,-0.36%,6.7697,-0.32%,110.97,-0.21%
26/07/2018,0.7629,0.62%,0.8589,0.73%,6.7927,0.34%,111.22,0.23%
27/07/2018,0.7627,-0.03%,0.8579,-0.12%,6.8137,0.31%,111.05,-0.15%
30/07/2018,0.7615,-0.16%,0.8542,-0.43%,6.815,0.02%,111.07,0.02%
31/07/2018,0.7619,0.05%,0.8554,0.14%,6.8127,-0.03%,111.88,0.73%
01/08/2018,0.7619,0.00%,0.8577,0.27%,6.8227,0.15%,111.72,-0.14%
02/08/2018,0.7681,0.81%,0.8632,0.64%,6.8428,0.29%,111.66,-0.05%
03/08/2018,0.7688,0.09%,0.8645,0.15%,6.8332,-0.14%,111.27,-0.35%
06/08/2018,0.7725,0.48%,0.8656,0.13%,6.8535,0.30%,111.41,0.13%
08/08/2018,0.7763,0.44%,0.8612,-0.10%,6.8357,0.06%,110.98,-0.37%
13/08/2018,0.7832,0.00%,0.8765,0.02%,6.8912,0.64%,110.73,-0.19%
14/08/2018,0.7859,0.34%,0.8815,0.57%,6.8842,-0.10%,111.16,0.39%
15/08/2018,0.7875,0.20%,0.8814,-0.01%,6.9347,0.73%,110.75,-0.37%
16/08/2018,0.7862,-0.17%,0.879,-0.27%,6.8825,-0.75%,110.89,0.13%
17/08/2018,0.7842,-0.25%,0.8743,-0.53%,6.8775,-0.07%,110.5,-0.35%
20/08/2018,0.7814,-0.36%,0.871,-0.38%,6.8577,-0.29%,110.07,-0.39%
21/08/2018,0.7751,-0.81%,0.8642,-0.78%,6.8472,-0.15%,110.31,0.22%
22/08/2018,0.7745,-0.08%,0.8623,-0.22%,6.8417,-0.08%,110.56,0.23%
23/08/2018,0.7802,0.74%,0.8666,0.50%,6.8777,0.53%,111.3,0.67%
24/08/2018,0.778,-0.28%,0.8605,-0.70%,6.807,-1.03%,111.23,-0.06%
28/08/2018,0.7765,0.12%,0.855,-0.15%,6.803,-0.18%,111.19,0.10%
29/08/2018,0.7677,-1.13%,0.8541,-0.11%,6.8213,0.27%,111.67,0.43%
30/08/2018,0.7685,0.10%,0.8569,0.33%,6.8445,0.34%,110.98,-0.62%
31/08/2018,0.7713,0.36%,0.8619,0.58%,6.8315,-0.19%,111.04,0.05%
04/09/2018,0.7779,0.13%,0.8634,0.36%,6.8442,0.31%,111.45,0.33%
05/09/2018,0.7749,-0.39%,0.8599,-0.41%,6.8305,-0.20%,111.53,0.07%
07/09/2018,0.7739,0.09%,0.8656,0.59%,6.8438,0.12%,111.08,0.30%
10/09/2018,0.7677,-0.80%,0.8626,-0.35%,6.8556,0.17%,111.12,0.04%
11/09/2018,0.7671,-0.08%,0.8616,-0.12%,6.873,0.25%,111.64,0.47%
13/09/2018,0.763,-0.44%,0.8555,-0.53%,6.8447,-0.23%,111.92,0.58%
14/09/2018,0.7653,0.30%,0.8598,0.50%,6.869,0.36%,112.06,0.13%
17/09/2018,0.76,-0.69%,0.8559,-0.45%,6.857,-0.17%,111.84,-0.20%
18/09/2018,0.7605,0.07%,0.857,0.13%,6.8615,0.07%,112.36,0.46%
19/09/2018,0.7608,0.04%,0.8567,-0.04%,6.8483,-0.19%,112.28,-0.07%
20/09/2018,0.7538,-0.92%,0.8491,-0.89%,6.8468,-0.02%,112.5,0.20%
21/09/2018,0.7647,1.45%,0.851,0.22%,6.8571,0.15%,112.58,0.07%
24/09/2018,0.7622,-0.33%,0.8512,0.02%,6.8571,0.00%,112.81,0.20%
25/09/2018,0.7585,-0.49%,0.8495,-0.20%,6.8665,0.14%,112.97,0.14%
26/09/2018,0.7595,0.13%,0.8518,0.27%,6.8786,0.18%,112.73,-0.21%
27/09/2018,0.7645,0.66%,0.859,0.85%,6.8902,0.17%,113.38,0.58%
28/09/2018,0.7674,0.38%,0.8614,0.28%,6.8689,-0.31%,113.69,0.27%
01/10/2018,0.7667,-0.09%,0.8638,0.28%,6.8689,0.00%,113.92,0.20%
04/10/2018,0.768,-0.62%,0.8685,-0.31%,6.8689,0.00%,113.92,-0.53%
05/10/2018,0.762,-0.78%,0.8678,-0.08%,6.8689,0.00%,113.72,-0.18%
08/10/2018,0.764,0.26%,0.8701,0.27%,6.9307,0.90%,113.23,-0.43%
09/10/2018,0.7608,-0.42%,0.8703,0.02%,6.9228,-0.11%,112.95,-0.25%
10/10/2018,0.7578,-0.39%,0.868,-0.26%,6.9242,0.02%,112.28,-0.59%
12/10/2018,0.7601,0.60%,0.8649,0.28%,6.9224,0.47%,112.2,0.03%
15/10/2018,0.7603,0.03%,0.8637,-0.14%,6.9168,-0.08%,111.78,-0.37%
16/10/2018,0.7583,-0.26%,0.864,0.03%,6.912,-0.07%,112.25,0.42%
17/10/2018,0.7625,0.55%,0.8694,0.63%,6.9275,0.22%,112.65,0.36%
18/10/2018,0.7681,0.73%,0.8731,0.43%,6.9376,0.15%,112.19,-0.41%
19/10/2018,0.765,-0.40%,0.8685,-0.53%,6.9297,-0.11%,112.55,0.32%
22/10/2018,0.7714,0.84%,0.8722,0.43%,6.9474,0.26%,112.83,0.25%
23/10/2018,0.7702,-0.16%,0.8717,-0.06%,6.9383,-0.13%,112.44,-0.35%
24/10/2018,0.7763,0.79%,0.8778,0.70%,6.944,0.08%,112.26,-0.16%
25/10/2018,0.7802,0.50%,0.8791,0.15%,6.9489,0.07%,112.42,0.14%
26/10/2018,0.7792,-0.13%,0.8768,-0.26%,6.9435,-0.08%,111.91,-0.45%
29/10/2018,0.7816,0.31%,0.8793,0.29%,6.9619,0.26%,112.38,0.42%
30/10/2018,0.787,0.69%,0.8814,0.24%,6.9672,0.08%,113.09,0.63%
31/10/2018,0.7833,-0.47%,0.8841,0.31%,6.9756,0.12%,112.94,-0.13%
01/11/2018,0.7684,-1.90%,0.8765,-0.86%,6.9233,-0.75%,112.72,-0.19%
05/11/2018,0.7669,-0.52%,0.8767,-0.16%,6.9257,0.51%,113.19,-0.01%
06/11/2018,0.7634,-0.46%,0.8751,-0.18%,6.9195,-0.09%,113.44,0.22%
07/11/2018,0.7618,-0.21%,0.8752,0.01%,6.92,0.01%,113.53,0.08%
09/11/2018,0.7706,0.65%,0.8821,0.24%,6.9567,0.32%,113.83,-0.20%
12/11/2018,0.7783,1.00%,0.8914,1.05%,6.9635,0.10%,113.83,0.00%
13/11/2018,0.7709,-0.95%,0.8857,-0.64%,6.956,-0.11%,113.81,-0.02%
14/11/2018,0.7694,-0.19%,0.8841,-0.18%,6.9505,-0.08%,113.62,-0.17%
15/11/2018,0.7822,1.66%,0.8828,-0.15%,6.9392,-0.16%,113.64,0.02%
16/11/2018,0.7789,-0.42%,0.8757,-0.80%,6.938,-0.02%,112.83,-0.71%
19/11/2018,0.7782,-0.09%,0.8731,-0.30%,6.942,0.06%,112.56,-0.24%
20/11/2018,0.782,0.49%,0.8794,0.72%,6.9452,0.05%,112.77,0.19%
21/11/2018,0.7826,0.08%,0.8783,-0.13%,6.927,-0.26%,113.06,0.26%
23/11/2018,0.7804,0.50%,0.8817,0.58%,6.9485,0.24%,112.95,0.01%
26/11/2018,0.7792,-0.15%,0.8828,0.12%,6.9407,-0.11%,113.59,0.57%
27/11/2018,0.7843,0.65%,0.8859,0.35%,6.9515,0.16%,113.78,0.17%
28/11/2018,0.7797,-0.59%,0.8798,-0.69%,6.9539,0.03%,113.69,-0.08%
29/11/2018,0.7815,0.23%,0.8778,-0.23%,6.9425,-0.16%,113.48,-0.18%
30/11/2018,0.7839,0.31%,0.8837,0.67%,6.9605,0.26%,113.47,-0.01%
03/12/2018,0.7859,0.26%,0.8808,-0.33%,6.8831,-1.11%,113.67,0.18%
04/12/2018,0.7862,0.04%,0.8814,0.07%,6.8373,-0.67%,112.78,-0.78%
06/12/2018,0.7822,-0.39%,0.8791,-0.26%,6.8827,0.38%,112.67,-0.46%
07/12/2018,0.7856,0.43%,0.8787,-0.05%,6.8757,-0.10%,112.73,0.05%
10/12/2018,0.796,1.32%,0.8804,0.19%,6.9117,0.52%,113.34,0.54%
12/12/2018,0.7919,-1.10%,0.8796,-0.44%,6.88,-0.29%,113.28,-0.10%
13/12/2018,0.7901,-0.23%,0.8798,0.02%,6.8816,0.02%,113.64,0.32%
14/12/2018,0.7946,0.57%,0.8841,0.49%,6.9077,0.38%,113.39,-0.22%
17/12/2018,0.792,-0.33%,0.8811,-0.34%,6.8972,-0.15%,112.83,-0.49%
18/12/2018,0.7909,-0.14%,0.8801,-0.11%,6.8951,-0.03%,112.53,-0.27%
19/12/2018,0.793,0.27%,0.8788,-0.15%,6.8922,-0.04%,112.48,-0.04%
20/12/2018,0.7901,-0.37%,0.8735,-0.60%,6.8851,-0.10%,111.28,-1.07%
21/12/2018,0.7917,0.20%,0.8793,0.66%,6.9065,0.31%,111.22,-0.05%
27/12/2018,0.7909,-0.08%,0.8747,-0.68%,6.8663,-0.28%,111.0,-0.32%
28/12/2018,0.787,-0.49%,0.8738,-0.10%,6.8785,0.18%,110.28,-0.65%
02/01/2019,0.7931,1.13%,0.8814,1.07%,6.862,-0.24%,108.88,-0.77%
03/01/2019,0.7917,-0.18%,0.8775,-0.44%,6.872,0.15%,107.67,-1.11%
04/01/2019,0.7861,-0.71%,0.8774,-0.01%,6.8692,-0.04%,108.53,0.80%
07/01/2019,0.7824,-0.47%,0.8713,-0.70%,6.851,-0.26%,108.72,0.18%
08/01/2019,0.7862,0.49%,0.8738,0.29%,6.8532,0.03%,108.75,0.03%
10/01/2019,0.7844,0.32%,0.8694,0.36%,6.7885,-0.41%,108.42,0.23%
11/01/2019,0.7782,-0.79%,0.8718,0.28%,6.763,-0.38%,108.55,0.12%
14/01/2019,0.7773,-0.12%,0.8712,-0.07%,6.7681,0.08%,108.17,-0.35%
15/01/2019,0.7776,0.04%,0.876,0.55%,6.761,-0.10%,108.67,0.46%
16/01/2019,0.7762,-0.18%,0.877,0.11%,6.7568,-0.06%,109.09,0.39%
17/01/2019,0.7701,-0.79%,0.8775,0.06%,6.7764,0.29%,109.24,0.14%
18/01/2019,0.7767,0.86%,0.8799,0.27%,6.779,0.04%,109.78,0.49%
22/01/2019,0.7718,-0.49%,0.8803,0.08%,6.808,0.15%,109.38,-0.26%
23/01/2019,0.7651,-0.87%,0.8786,-0.19%,6.792,-0.24%,109.6,0.20%
24/01/2019,0.7653,0.03%,0.8844,0.66%,6.7885,-0.05%,109.64,0.04%
25/01/2019,0.7576,-1.01%,0.8765,-0.89%,6.7472,-0.61%,109.55,-0.08%
28/01/2019,0.7598,0.29%,0.875,-0.17%,6.7453,-0.03%,109.36,-0.17%
29/01/2019,0.7652,0.71%,0.8746,-0.05%,6.7329,-0.18%,109.39,0.03%
30/01/2019,0.7624,-0.37%,0.8711,-0.40%,6.7165,-0.24%,109.03,-0.33%
31/01/2019,0.7629,0.07%,0.8735,0.28%,6.7008,-0.23%,108.88,-0.14%
01/02/2019,0.7645,0.21%,0.8728,-0.08%,6.7448,0.66%,109.5,0.57%
04/02/2019,0.7671,0.34%,0.874,0.14%,6.7448,0.00%,109.89,0.36%
05/02/2019,0.7725,0.70%,0.8759,0.22%,6.7448,0.00%,109.97,0.07%
07/02/2019,0.772,-0.16%,0.8811,0.13%,6.7448,0.00%,109.81,-0.15%
08/02/2019,0.7723,0.04%,0.8824,0.15%,6.7448,0.00%,109.73,-0.07%
12/02/2019,0.7757,-0.32%,0.8828,-0.45%,6.774,-0.27%,110.48,0.09%
13/02/2019,0.7784,0.35%,0.8879,0.58%,6.7604,-0.20%,111.0,0.47%
14/02/2019,0.7805,0.27%,0.8852,-0.30%,6.7721,0.17%,110.48,-0.47%
15/02/2019,0.7758,-0.60%,0.8853,0.01%,6.768,-0.06%,110.5,0.02%
19/02/2019,0.7654,-1.09%,0.8817,-0.25%,6.756,-0.14%,110.62,0.00%
20/02/2019,0.7662,0.10%,0.8819,0.02%,6.718,-0.56%,110.86,0.22%
21/02/2019,0.7661,-0.01%,0.882,0.01%,6.7195,0.02%,110.7,-0.14%
22/02/2019,0.7661,0.00%,0.8814,-0.07%,6.7112,-0.12%,110.69,-0.01%
25/02/2019,0.7635,-0.34%,0.8803,-0.12%,6.6844,-0.40%,111.06,0.33%
26/02/2019,0.7547,-1.15%,0.8772,-0.35%,6.698,0.20%,110.58,-0.43%
27/02/2019,0.7513,-0.45%,0.8795,0.26%,6.6822,-0.24%,111.0,0.38%
28/02/2019,0.754,0.36%,0.8794,-0.01%,6.6912,0.13%,111.39,0.35%
01/03/2019,0.7572,0.42%,0.8788,-0.07%,6.7048,0.20%,111.92,0.48%
04/03/2019,0.7581,0.12%,0.8817,0.33%,6.7045,0.00%,111.75,-0.15%
05/03/2019,0.7587,0.08%,0.8842,0.28%,6.706,0.02%,111.89,0.13%
06/03/2019,0.7592,0.07%,0.8843,0.01%,6.7099,0.06%,111.77,-0.11%
07/03/2019,0.7642,0.66%,0.8932,1.01%,6.7132,0.05%,111.59,-0.16%
12/03/2019,0.7648,0.61%,0.8857,-0.34%,6.707,-0.22%,111.36,0.14%
13/03/2019,0.7496,-1.99%,0.8828,-0.33%,6.7064,-0.01%,111.17,-0.17%
14/03/2019,0.7551,0.73%,0.8845,0.19%,6.7209,0.22%,111.72,0.49%
15/03/2019,0.752,-0.41%,0.8829,-0.18%,6.7129,-0.12%,111.47,-0.22%
18/03/2019,0.7541,0.28%,0.8821,-0.09%,6.7121,-0.01%,111.42,-0.04%
19/03/2019,0.7535,-0.08%,0.8807,-0.16%,6.7106,-0.02%,111.39,-0.03%
20/03/2019,0.7577,0.56%,0.876,-0.53%,6.6916,-0.28%,110.69,-0.63%
21/03/2019,0.7627,0.66%,0.879,0.34%,6.6952,0.05%,110.81,0.11%
22/03/2019,0.7568,-0.77%,0.8838,0.55%,6.7162,0.31%,109.92,-0.80%
25/03/2019,0.7572,0.05%,0.8838,0.00%,6.7079,-0.12%,109.97,0.05%
26/03/2019,0.7569,-0.04%,0.8875,0.42%,6.7145,0.10%,110.64,0.61%
27/03/2019,0.758,0.15%,0.8892,0.19%,6.7262,0.17%,110.52,-0.11%
28/03/2019,0.7663,1.09%,0.8903,0.12%,6.7381,0.18%,110.64,0.11%
29/03/2019,0.7672,0.12%,0.8913,0.11%,6.7112,-0.40%,110.84,0.18%
01/04/2019,0.7632,-0.52%,0.8917,0.04%,6.7102,-0.01%,111.34,0.45%
02/04/2019,0.7614,-0.24%,0.8923,0.07%,6.7223,0.18%,111.31,-0.03%
03/04/2019,0.7596,-0.24%,0.8901,-0.25%,6.7098,-0.19%,111.47,0.14%
04/04/2019,0.7646,0.66%,0.8911,0.11%,6.7167,0.10%,111.65,0.16%
09/04/2019,0.7654,0.01%,0.8879,0.00%,6.7111,-0.07%,111.12,-0.31%
10/04/2019,0.7637,-0.22%,0.887,-0.10%,6.7153,0.06%,111.0,-0.11%
11/04/2019,0.7658,0.27%,0.8885,0.17%,6.7188,0.05%,111.65,0.59%
12/04/2019,0.7642,-0.21%,0.8846,-0.44%,6.7039,-0.22%,112.02,0.33%
15/04/2019,0.7632,-0.13%,0.884,-0.07%,6.7072,0.05%,112.03,0.01%
16/04/2019,0.7663,0.41%,0.8864,0.27%,6.7112,0.06%,111.99,-0.04%
17/04/2019,0.7664,0.01%,0.885,-0.16%,6.687,-0.36%,112.05,0.05%
18/04/2019,0.7692,0.37%,0.8902,0.59%,6.7081,0.32%,111.96,-0.08%
23/04/2019,0.7728,0.36%,0.8904,0.28%,6.7249,0.20%,111.86,-0.06%
24/04/2019,0.7749,0.27%,0.8964,0.67%,6.7207,-0.06%,112.17,0.28%
25/04/2019,0.7751,0.03%,0.8981,0.19%,6.7418,0.31%,111.62,-0.49%
26/04/2019,0.7739,-0.15%,0.8969,-0.13%,6.7282,-0.20%,111.58,-0.04%
29/04/2019,0.7729,-0.13%,0.8938,-0.35%,6.7332,0.07%,111.63,0.04%
30/04/2019,0.7671,-0.75%,0.8916,-0.25%,6.7347,0.02%,111.41,-0.20%
02/05/2019,0.767,0.09%,0.8944,0.16%,6.7337,0.03%,111.5,0.12%
03/05/2019,0.759,-1.04%,0.8925,-0.21%,6.7337,0.00%,111.09,-0.37%
07/05/2019,0.7647,0.17%,0.8935,0.08%,6.7755,0.23%,110.24,-0.47%
08/05/2019,0.7686,0.51%,0.8935,0.00%,6.7818,0.09%,110.1,-0.13%
09/05/2019,0.7685,-0.01%,0.8914,-0.24%,6.8256,0.65%,109.75,-0.32%
13/05/2019,0.7716,0.33%,0.8909,0.11%,6.8765,0.80%,109.3,-0.58%
14/05/2019,0.7747,0.40%,0.8917,0.09%,6.8737,-0.04%,109.59,0.27%
15/05/2019,0.778,0.43%,0.8925,0.09%,6.8742,0.01%,109.58,-0.01%
16/05/2019,0.7813,0.42%,0.8948,0.26%,6.8832,0.13%,109.84,0.24%
17/05/2019,0.786,0.60%,0.8961,0.15%,6.9182,0.51%,110.07,0.21%
20/05/2019,0.7857,-0.04%,0.895,-0.12%,6.9111,-0.10%,110.05,-0.02%
21/05/2019,0.7869,0.15%,0.8958,0.09%,6.9007,-0.15%,110.49,0.40%
22/05/2019,0.7897,0.36%,0.8966,0.09%,6.9054,0.07%,110.34,-0.14%
23/05/2019,0.79,0.04%,0.8944,-0.25%,6.9087,0.05%,109.59,-0.68%
24/05/2019,0.7865,-0.44%,0.8923,-0.23%,6.8997,-0.13%,109.29,-0.27%
28/05/2019,0.7902,0.20%,0.896,0.36%,6.9078,0.15%,109.36,-0.13%
29/05/2019,0.7919,0.22%,0.8982,0.25%,6.9138,0.09%,109.58,0.20%
30/05/2019,0.793,0.14%,0.8984,0.02%,6.9011,-0.18%,109.6,0.02%
31/05/2019,0.7913,-0.21%,0.894,-0.49%,6.9027,0.02%,108.26,-1.22%
03/06/2019,0.7895,-0.23%,0.8895,-0.50%,6.9028,0.00%,108.06,-0.18%
06/06/2019,0.7872,-0.11%,0.8867,-0.48%,6.9082,0.00%,108.4,-0.05%
11/06/2019,0.7858,-0.29%,0.8823,-0.15%,6.9107,-0.28%,108.5,0.06%
12/06/2019,0.788,0.28%,0.8856,0.37%,6.9161,0.08%,108.49,-0.01%
13/06/2019,0.7888,0.10%,0.8866,0.11%,6.9212,0.07%,108.37,-0.11%
14/06/2019,0.794,0.66%,0.892,0.61%,6.9247,0.05%,108.55,0.17%
17/06/2019,0.7978,0.48%,0.8913,-0.08%,6.9251,0.01%,108.55,0.00%
18/06/2019,0.7962,-0.20%,0.8933,0.22%,6.9002,-0.36%,108.44,-0.10%
19/06/2019,0.791,-0.65%,0.8906,-0.30%,6.8996,-0.01%,108.09,-0.32%
20/06/2019,0.7872,-0.48%,0.8853,-0.60%,6.851,-0.70%,107.29,-0.74%
21/06/2019,0.7847,-0.32%,0.8795,-0.66%,6.8686,0.26%,107.3,0.01%
24/06/2019,0.7847,0.00%,0.8772,-0.26%,6.872,0.05%,107.28,-0.02%
25/06/2019,0.7878,0.40%,0.8797,0.28%,6.8791,0.10%,107.17,-0.10%
26/06/2019,0.788,0.03%,0.8794,-0.03%,6.8781,-0.01%,107.77,0.56%
27/06/2019,0.7887,0.09%,0.8795,0.01%,6.8762,-0.03%,107.78,0.01%
28/06/2019,0.7876,-0.14%,0.8794,-0.01%,6.865,-0.16%,107.88,0.09%
01/07/2019,0.791,0.43%,0.8861,0.76%,6.8487,-0.24%,108.43,0.51%
02/07/2019,0.794,0.38%,0.886,-0.01%,6.8717,0.34%,107.88,-0.51%
03/07/2019,0.7952,0.15%,0.8866,0.07%,6.8806,0.13%,107.82,-0.06%
05/07/2019,0.7984,0.45%,0.8907,0.52%,6.8925,0.32%,108.45,0.61%
08/07/2019,0.799,0.08%,0.8916,0.10%,6.8808,-0.17%,108.71,0.24%
10/07/2019,0.7999,-0.26%,0.8887,-0.38%,6.8705,-0.18%,108.46,-0.35%
11/07/2019,0.7986,-0.16%,0.8885,-0.02%,6.8682,-0.03%,108.48,0.02%
15/07/2019,0.7988,0.47%,0.8882,0.12%,6.8769,-0.04%,107.9,0.01%
16/07/2019,0.8057,0.86%,0.8918,0.41%,6.8753,-0.02%,108.22,0.30%
17/07/2019,0.8042,-0.19%,0.8909,-0.10%,6.8731,-0.03%,107.94,-0.26%
18/07/2019,0.7966,-0.95%,0.8866,-0.48%,6.8788,0.08%,107.29,-0.60%
19/07/2019,0.7998,0.40%,0.8909,0.48%,6.8812,0.03%,107.7,0.38%
22/07/2019,0.8013,0.19%,0.8919,0.11%,6.8803,-0.01%,107.86,0.15%
23/07/2019,0.8039,0.32%,0.8965,0.52%,6.8787,-0.02%,108.21,0.32%
24/07/2019,0.801,-0.36%,0.8976,0.12%,6.8718,-0.10%,108.17,-0.04%
25/07/2019,0.8022,0.15%,0.897,-0.07%,6.8714,-0.01%,108.62,0.42%
26/07/2019,0.8074,0.65%,0.8986,0.18%,6.8785,0.10%,108.66,0.04%
29/07/2019,0.8183,1.35%,0.8973,-0.14%,6.8927,0.21%,108.77,0.10%
30/07/2019,0.8228,0.55%,0.8963,-0.11%,6.8833,-0.14%,108.59,-0.17%
31/07/2019,0.8223,-0.06%,0.9027,0.71%,6.8833,0.00%,108.74,0.14%
01/08/2019,0.8241,0.22%,0.902,-0.08%,6.8972,0.20%,107.33,-1.30%
02/08/2019,0.8226,-0.18%,0.9,-0.22%,6.9387,0.60%,106.58,-0.70%
05/08/2019,0.8235,0.11%,0.8926,-0.82%,7.0458,1.54%,105.94,-0.60%
07/08/2019,0.8235,0.22%,0.8928,0.01%,7.0592,0.51%,106.26,-0.20%
08/08/2019,0.8241,0.07%,0.8943,0.17%,7.044,-0.22%,106.06,-0.19%
13/08/2019,0.8291,0.13%,0.8951,0.38%,7.0395,-0.26%,106.73,1.37%
14/08/2019,0.829,-0.01%,0.8977,0.29%,7.0224,-0.24%,105.89,-0.79%
15/08/2019,0.8273,-0.21%,0.9003,0.29%,7.0327,0.15%,106.11,0.21%
16/08/2019,0.8229,-0.53%,0.9016,0.14%,7.0413,0.12%,106.36,0.24%
19/08/2019,0.8245,0.19%,0.9025,0.10%,7.0499,0.12%,106.62,0.24%
20/08/2019,0.8216,-0.35%,0.9007,-0.20%,7.0597,0.14%,106.22,-0.38%
21/08/2019,0.8245,0.35%,0.902,0.14%,7.0623,0.04%,106.61,0.37%
22/08/2019,0.8161,-1.02%,0.9024,0.04%,7.0829,0.29%,106.42,-0.18%
23/08/2019,0.8143,-0.22%,0.8973,-0.57%,7.0928,0.14%,105.39,-0.97%
27/08/2019,0.8136,-0.57%,0.9016,0.11%,7.1603,0.14%,105.72,-0.38%
28/08/2019,0.8188,0.64%,0.9027,0.12%,7.1628,0.03%,106.11,0.37%
29/08/2019,0.8202,0.17%,0.9042,0.17%,7.1434,-0.27%,106.5,0.37%
30/08/2019,0.8224,0.27%,0.9097,0.61%,7.1543,0.15%,106.29,-0.20%
04/09/2019,0.816,-1.37%,0.906,-0.56%,7.141,-0.52%,106.38,0.43%
05/09/2019,0.8107,-0.65%,0.9061,0.01%,7.1468,0.08%,106.92,0.51%
09/09/2019,0.8098,-0.53%,0.905,-0.17%,7.121,0.11%,107.23,0.31%
10/09/2019,0.8097,-0.01%,0.9055,0.06%,7.1121,-0.12%,107.53,0.28%
12/09/2019,0.8106,-0.05%,0.9038,-0.48%,7.0787,-0.51%,108.09,0.26%
13/09/2019,0.7998,-1.33%,0.9028,-0.11%,7.0754,-0.05%,108.07,-0.02%
16/09/2019,0.8044,0.58%,0.9088,0.66%,7.0659,-0.13%,108.12,0.05%
17/09/2019,0.7998,-0.57%,0.903,-0.64%,7.0905,0.35%,108.12,0.00%
18/09/2019,0.8015,0.21%,0.9065,0.39%,7.0849,-0.08%,108.44,0.30%
19/09/2019,0.7983,-0.40%,0.9056,-0.10%,7.0959,0.16%,108.0,-0.41%
20/09/2019,0.8012,0.36%,0.9075,0.21%,7.0909,-0.07%,107.55,-0.42%
23/09/2019,0.8043,0.39%,0.9095,0.22%,7.1168,0.37%,107.54,-0.01%
24/09/2019,0.8005,-0.47%,0.9073,-0.24%,7.1138,-0.04%,107.05,-0.46%
25/09/2019,0.8095,1.12%,0.9137,0.71%,7.1313,0.25%,107.76,0.66%
26/09/2019,0.8114,0.23%,0.9155,0.20%,7.13,-0.02%,107.82,0.06%
27/09/2019,0.8137,0.28%,0.9141,-0.15%,7.1218,-0.12%,107.92,0.09%
30/09/2019,0.8134,-0.04%,0.9173,0.35%,7.1477,0.36%,108.06,0.13%
01/10/2019,0.8124,-0.12%,0.9146,-0.29%,7.1484,0.01%,107.74,-0.30%
04/10/2019,0.8107,-0.04%,0.9107,-0.11%,7.1484,0.00%,106.93,0.03%
07/10/2019,0.8134,0.33%,0.9114,0.08%,7.1484,0.00%,107.28,0.33%
09/10/2019,0.8191,0.10%,0.9113,-0.14%,7.1316,-0.15%,107.46,0.36%
10/10/2019,0.8035,-1.90%,0.9084,-0.32%,7.1153,-0.23%,107.96,0.47%
15/10/2019,0.7819,-1.40%,0.9062,-0.04%,7.0814,0.25%,108.84,0.42%
16/10/2019,0.7792,-0.35%,0.903,-0.35%,7.092,0.15%,108.75,-0.08%
17/10/2019,0.7757,-0.45%,0.8988,-0.47%,7.0766,-0.22%,108.65,-0.09%
21/10/2019,0.7715,0.09%,0.8969,0.21%,7.0748,-0.08%,108.59,0.16%
22/10/2019,0.7767,0.67%,0.8988,0.21%,7.0761,0.02%,108.47,-0.11%
23/10/2019,0.774,-0.35%,0.8983,-0.06%,7.0624,-0.19%,108.68,0.19%
24/10/2019,0.778,0.52%,0.9005,0.24%,7.0684,0.08%,108.61,-0.06%
25/10/2019,0.7797,0.22%,0.9024,0.21%,7.0647,-0.05%,108.64,0.03%
28/10/2019,0.7772,-0.32%,0.9007,-0.19%,7.067,0.03%,108.94,0.28%
29/10/2019,0.7771,-0.01%,0.8998,-0.10%,7.0655,-0.02%,108.87,-0.06%
30/10/2019,0.7749,-0.28%,0.8967,-0.34%,7.0541,-0.16%,108.83,-0.04%
31/10/2019,0.7726,-0.30%,0.8965,-0.02%,7.0379,-0.23%,108.02,-0.74%
01/11/2019,0.773,0.05%,0.8953,-0.13%,7.0368,-0.02%,108.17,0.14%
04/11/2019,0.776,0.39%,0.8985,0.36%,7.03,-0.10%,108.56,0.36%
06/11/2019,0.7777,0.23%,0.9037,0.09%,6.9968,-0.16%,108.96,-0.17%
07/11/2019,0.7803,0.33%,0.9048,0.12%,6.9766,-0.29%,109.27,0.28%
12/11/2019,0.7785,0.09%,0.9082,0.21%,7.0066,-0.05%,109.0,-0.04%
13/11/2019,0.778,-0.06%,0.9084,0.02%,7.0223,0.22%,108.81,-0.17%
14/11/2019,0.7763,-0.22%,0.907,-0.15%,7.0195,-0.04%,108.39,-0.39%
15/11/2019,0.775,-0.17%,0.9046,-0.26%,7.0075,-0.17%,108.73,0.31%
18/11/2019,0.7718,-0.41%,0.903,-0.18%,7.0246,0.24%,108.66,-0.06%
19/11/2019,0.7734,0.21%,0.9025,-0.06%,7.0263,0.02%,108.53,-0.12%
20/11/2019,0.7736,0.03%,0.903,0.06%,7.0344,0.12%,108.6,0.06%
21/11/2019,0.7742,0.08%,0.9042,0.13%,7.0285,-0.08%,108.63,0.03%
22/11/2019,0.7792,0.65%,0.9069,0.30%,7.0389,0.15%,108.64,0.01%
25/11/2019,0.7751,-0.53%,0.9079,0.11%,7.0349,-0.06%,108.9,0.24%
26/11/2019,0.7771,0.26%,0.9073,-0.07%,7.0319,-0.04%,109.03,0.12%
27/11/2019,0.7738,-0.42%,0.9091,0.20%,7.028,-0.06%,109.55,0.48%
29/11/2019,0.7731,-0.17%,0.9075,-0.08%,7.0308,-0.06%,109.51,0.01%
02/12/2019,0.7729,-0.03%,0.9024,-0.56%,7.038,0.10%,108.98,-0.48%
03/12/2019,0.7695,-0.44%,0.9021,-0.03%,7.0609,0.33%,108.62,-0.33%
04/12/2019,0.7631,-0.83%,0.9025,0.04%,7.0489,-0.17%,108.85,0.21%
06/12/2019,0.7611,0.16%,0.9041,0.40%,7.0348,-0.14%,108.59,-0.15%
09/12/2019,0.7606,-0.07%,0.9037,-0.04%,7.0389,0.06%,108.55,-0.04%
11/12/2019,0.7577,-0.30%,0.8983,-0.34%,7.0384,0.08%,108.54,-0.15%
12/12/2019,0.7595,0.24%,0.8983,0.00%,6.9809,-0.82%,109.29,0.69%
13/12/2019,0.7503,-1.21%,0.899,0.08%,6.9848,0.06%,109.36,0.06%
16/12/2019,0.75,-0.04%,0.8972,-0.20%,6.9921,0.10%,109.49,0.12%
17/12/2019,0.7615,1.53%,0.8968,-0.04%,6.9967,0.07%,109.47,-0.02%
18/12/2019,0.7645,0.39%,0.8997,0.32%,7.0,0.05%,109.53,0.05%
19/12/2019,0.7686,0.54%,0.899,-0.08%,7.0097,0.14%,109.37,-0.15%
20/12/2019,0.7689,0.04%,0.9025,0.39%,7.0063,-0.05%,109.44,0.06%
23/12/2019,0.7729,0.52%,0.9017,-0.09%,7.0124,0.09%,109.39,-0.05%
24/12/2019,0.7724,-0.06%,0.9018,0.01%,7.0064,-0.09%,109.39,0.00%
27/12/2019,0.7646,-0.65%,0.8946,-0.70%,6.9954,0.04%,109.41,-0.20%
30/12/2019,0.7624,-0.29%,0.8928,-0.20%,6.9864,-0.13%,108.86,-0.50%
31/12/2019,0.7535,-1.17%,0.8917,-0.12%,6.9618,-0.35%,108.61,-0.23%
06/01/2020,0.7593,-0.62%,0.8929,-0.32%,6.9749,0.14%,108.36,0.26%
07/01/2020,0.7618,0.33%,0.8964,0.39%,6.9443,-0.44%,108.42,0.06%
09/01/2020,0.7652,0.26%,0.9003,0.00%,6.9309,-0.20%,109.51,0.36%
10/01/2020,0.7655,0.04%,0.899,-0.14%,6.9178,-0.19%,109.46,-0.05%
13/01/2020,0.7699,0.57%,0.8979,-0.12%,6.8924,-0.37%,109.93,0.43%
14/01/2020,0.768,-0.25%,0.8984,0.06%,6.8837,-0.13%,109.97,0.04%
15/01/2020,0.7669,-0.14%,0.8966,-0.20%,6.8899,0.09%,109.88,-0.08%
16/01/2020,0.7644,-0.33%,0.8977,0.12%,6.8769,-0.19%,110.14,0.24%
17/01/2020,0.7685,0.54%,0.9016,0.43%,6.8589,-0.26%,110.14,0.00%
21/01/2020,0.7662,-0.30%,0.902,0.09%,6.9049,0.56%,109.86,-0.29%
22/01/2020,0.7608,-0.70%,0.9013,-0.08%,6.904,-0.01%,109.83,-0.03%
23/01/2020,0.7619,0.14%,0.9045,0.36%,6.9364,0.47%,109.48,-0.32%
24/01/2020,0.7646,0.35%,0.9069,0.27%,6.9367,0.00%,109.27,-0.19%
27/01/2020,0.7659,0.17%,0.9074,0.06%,6.9367,0.00%,108.89,-0.35%
28/01/2020,0.7675,0.21%,0.9071,-0.03%,6.9367,0.00%,109.13,0.22%
29/01/2020,0.7679,0.05%,0.908,0.10%,6.9367,0.00%,108.99,-0.13%
30/01/2020,0.7635,-0.57%,0.9063,-0.19%,6.9367,0.00%,108.95,-0.04%
31/01/2020,0.7574,-0.80%,0.9013,-0.55%,6.9367,0.00%,108.38,-0.52%
03/02/2020,0.7694,1.58%,0.904,0.30%,7.0208,1.21%,108.67,0.27%
04/02/2020,0.7673,-0.27%,0.9054,0.15%,6.9979,-0.33%,109.51,0.77%
06/02/2020,0.7733,0.56%,0.9107,0.19%,6.9694,-0.04%,109.99,0.17%
10/02/2020,0.7742,-0.18%,0.9164,0.32%,6.982,-0.26%,109.74,0.02%
11/02/2020,0.7719,-0.30%,0.9159,-0.05%,6.965,-0.24%,109.77,0.03%
12/02/2020,0.7715,-0.05%,0.9195,0.39%,6.9708,0.08%,110.08,0.28%
13/02/2020,0.7664,-0.66%,0.9223,0.30%,6.9759,0.07%,109.81,-0.25%
14/02/2020,0.7663,-0.01%,0.923,0.08%,6.9859,0.14%,109.74,-0.06%
18/02/2020,0.7692,0.08%,0.9265,0.40%,6.9949,0.20%,109.86,-0.02%
19/02/2020,0.7738,0.60%,0.9252,-0.14%,6.9975,0.04%,111.35,1.36%
20/02/2020,0.7762,0.31%,0.9271,0.21%,7.0225,0.36%,112.11,0.68%
21/02/2020,0.7708,-0.70%,0.9219,-0.56%,7.0255,0.04%,111.57,-0.48%
24/02/2020,0.7732,0.31%,0.9211,-0.09%,7.0286,0.04%,110.71,-0.77%
25/02/2020,0.7688,-0.57%,0.9189,-0.24%,7.0128,-0.22%,110.18,-0.48%
26/02/2020,0.7748,0.78%,0.9189,0.00%,7.0214,0.12%,110.42,0.22%
27/02/2020,0.776,0.15%,0.9089,-1.09%,7.0036,-0.25%,109.58,-0.76%
28/02/2020,0.7799,0.50%,0.9068,-0.23%,6.9906,-0.19%,108.07,-1.38%
02/03/2020,0.784,0.53%,0.898,-0.97%,6.9595,-0.44%,108.3,0.21%
03/03/2020,0.7804,-0.46%,0.8949,-0.35%,6.9579,-0.02%,107.12,-1.09%
04/03/2020,0.7768,-0.46%,0.8978,0.32%,6.9244,-0.48%,107.52,0.37%
06/03/2020,0.7662,-0.64%,0.886,-0.39%,6.9298,-0.10%,105.3,-0.81%
09/03/2020,0.7613,-0.64%,0.8733,-1.43%,6.9448,0.22%,102.34,-2.81%
11/03/2020,0.7797,0.66%,0.8872,0.09%,6.9599,0.07%,104.53,-1.04%
12/03/2020,0.7952,1.99%,0.8939,0.76%,7.0282,0.98%,104.63,0.10%
13/03/2020,0.8143,2.40%,0.9003,0.72%,7.0036,-0.35%,107.91,3.13%
16/03/2020,0.815,0.09%,0.8941,-0.69%,6.9913,-0.18%,105.85,-1.91%
17/03/2020,0.8296,1.79%,0.9093,1.70%,7.0058,0.21%,107.67,1.72%
18/03/2020,0.861,3.78%,0.916,0.74%,7.0459,0.57%,108.06,0.36%
19/03/2020,0.8704,1.09%,0.9351,2.09%,7.1058,0.85%,110.69,2.43%
20/03/2020,0.8588,-1.33%,0.9349,-0.02%,7.095,-0.15%,110.8,0.10%
23/03/2020,0.8657,0.80%,0.9324,-0.27%,7.09,-0.07%,111.2,0.36%
24/03/2020,0.8503,-1.78%,0.9267,-0.61%,7.061,-0.41%,111.21,0.01%
25/03/2020,0.8415,-1.03%,0.9188,-0.85%,7.1099,0.69%,111.19,-0.02%
26/03/2020,0.8193,-2.64%,0.9065,-1.34%,7.0709,-0.55%,109.58,-1.45%
27/03/2020,0.8026,-2.04%,0.8973,-1.01%,7.0942,0.33%,107.89,-1.54%
30/03/2020,0.8052,0.32%,0.905,0.86%,7.0986,0.06%,107.81,-0.07%
31/03/2020,0.8051,-0.01%,0.9064,0.15%,7.0808,-0.25%,107.53,-0.26%
02/04/2020,0.8067,-0.14%,0.9208,0.98%,7.082,-0.24%,107.9,0.70%
03/04/2020,0.8154,1.08%,0.9251,0.47%,7.0908,0.12%,108.45,0.51%
06/04/2020,0.8175,0.26%,0.9264,0.14%,7.0927,0.03%,109.2,0.69%
08/04/2020,0.8072,-0.44%,0.9208,0.31%,7.062,0.27%,108.81,0.10%
09/04/2020,0.8026,-0.57%,0.9148,-0.65%,7.0428,-0.27%,108.46,-0.32%
14/04/2020,0.792,-0.88%,0.9105,-0.61%,7.045,-0.07%,107.2,-0.52%
15/04/2020,0.7988,0.86%,0.9165,0.66%,7.0664,0.30%,107.47,0.25%
16/04/2020,0.8026,0.48%,0.9226,0.67%,7.0778,0.16%,107.94,0.44%
17/04/2020,0.7998,-0.35%,0.9195,-0.34%,7.0711,-0.09%,107.51,-0.40%
20/04/2020,0.8039,0.51%,0.9205,0.11%,7.0721,0.01%,107.61,0.09%
21/04/2020,0.8133,1.17%,0.9208,0.03%,7.0914,0.27%,107.76,0.14%
22/04/2020,0.8106,-0.33%,0.9239,0.34%,7.0831,-0.12%,107.72,-0.04%
23/04/2020,0.8091,-0.19%,0.9276,0.40%,7.0654,-0.25%,107.58,-0.13%
24/04/2020,0.8083,-0.10%,0.9239,-0.40%,7.0813,0.23%,107.5,-0.07%
27/04/2020,0.8044,-0.48%,0.9232,-0.08%,7.0815,0.00%,107.22,-0.26%
28/04/2020,0.8046,0.02%,0.924,0.09%,7.0776,-0.06%,106.86,-0.34%
29/04/2020,0.8019,-0.34%,0.9194,-0.50%,7.0755,-0.03%,106.7,-0.15%
30/04/2020,0.7939,-1.00%,0.9125,-0.75%,7.06,-0.22%,107.17,0.44%
05/05/2020,0.8041,0.07%,0.9227,0.67%,7.0622,0.00%,106.58,-0.14%
06/05/2020,0.81,0.73%,0.9263,0.39%,7.1031,0.58%,106.14,-0.41%
11/05/2020,0.8103,0.57%,0.9251,0.29%,7.0972,0.34%,107.66,0.95%
13/05/2020,0.8175,0.25%,0.9243,0.28%,7.0911,0.13%,107.02,-0.10%
14/05/2020,0.8177,0.02%,0.9254,0.12%,7.0935,0.03%,107.24,0.21%
15/05/2020,0.8259,1.00%,0.9245,-0.10%,7.1013,0.11%,107.02,-0.21%
18/05/2020,0.8199,-0.73%,0.9163,-0.89%,7.1086,0.10%,107.33,0.29%
19/05/2020,0.816,-0.48%,0.9153,-0.11%,7.098,-0.15%,107.68,0.33%
20/05/2020,0.8169,0.11%,0.9107,-0.50%,7.0928,-0.07%,107.51,-0.16%
21/05/2020,0.8179,0.12%,0.9131,0.26%,7.1138,0.30%,107.61,0.09%
22/05/2020,0.8213,0.42%,0.9172,0.45%,7.1269,0.18%,107.61,0.00%
26/05/2020,0.8107,-1.12%,0.9105,-0.74%,7.134,-0.03%,107.52,-0.16%
27/05/2020,0.8161,0.67%,0.9085,-0.22%,7.1681,0.48%,107.71,0.18%
28/05/2020,0.8116,-0.55%,0.9026,-0.65%,7.1447,-0.33%,107.63,-0.07%
29/05/2020,0.8098,-0.22%,0.9009,-0.19%,7.1348,-0.14%,107.77,0.13%
01/06/2020,0.8003,-1.17%,0.898,-0.32%,7.1242,-0.15%,107.58,-0.18%
02/06/2020,0.7967,-0.45%,0.895,-0.33%,7.0992,-0.35%,108.66,1.00%
03/06/2020,0.7951,-0.20%,0.89,-0.56%,7.1115,0.17%,108.89,0.21%
04/06/2020,0.7938,-0.16%,0.8818,-0.92%,7.1075,-0.06%,109.13,0.22%
05/06/2020,0.7895,-0.54%,0.8859,0.46%,7.0808,-0.38%,109.58,0.41%
08/06/2020,0.7859,-0.46%,0.8853,-0.07%,7.07,-0.15%,108.42,-1.06%
10/06/2020,0.7844,-0.14%,0.8793,-0.28%,7.0599,-0.23%,107.09,-0.58%
11/06/2020,0.7933,1.13%,0.8849,0.64%,7.064,0.06%,106.85,-0.22%
15/06/2020,0.7933,-0.50%,0.883,-0.60%,7.0887,0.12%,107.31,-0.03%
16/06/2020,0.7949,0.20%,0.8876,0.52%,7.0854,-0.05%,107.32,0.01%
17/06/2020,0.7962,0.16%,0.8892,0.18%,7.084,-0.02%,107.0,-0.30%
18/06/2020,0.8047,1.07%,0.8925,0.37%,7.0869,0.04%,106.96,-0.04%
19/06/2020,0.8091,0.55%,0.8945,0.22%,7.0707,-0.23%,106.87,-0.08%
22/06/2020,0.8022,-0.85%,0.8879,-0.74%,7.0678,-0.04%,106.87,0.00%
23/06/2020,0.7986,-0.45%,0.8842,-0.42%,7.0575,-0.15%,106.51,-0.34%
24/06/2020,0.805,0.80%,0.8887,0.51%,7.077,0.28%,107.02,0.48%
25/06/2020,0.8051,0.01%,0.8913,0.29%,7.0782,0.02%,107.19,0.16%
26/06/2020,0.8106,0.68%,0.8912,-0.01%,7.0782,0.00%,107.21,0.02%
29/06/2020,0.8129,0.28%,0.8894,-0.20%,7.0794,0.02%,107.56,0.33%
30/06/2020,0.8063,-0.81%,0.8901,0.08%,7.0651,-0.20%,107.92,0.33%
01/07/2020,0.8014,-0.61%,0.8886,-0.17%,7.0703,0.07%,107.46,-0.43%
02/07/2020,0.802,0.07%,0.8897,0.12%,7.066,-0.06%,107.48,0.02%
07/07/2020,0.7972,-0.40%,0.887,0.32%,7.0127,-0.05%,107.51,0.15%
08/07/2020,0.7928,-0.55%,0.8825,-0.51%,7.0041,-0.12%,107.25,-0.24%
10/07/2020,0.7921,-0.14%,0.8848,-0.15%,6.999,0.10%,106.89,-0.28%
13/07/2020,0.7962,0.52%,0.8814,-0.38%,6.9959,-0.04%,107.26,0.35%
14/07/2020,0.7965,0.04%,0.8772,-0.48%,7.006,0.14%,107.23,-0.03%
15/07/2020,0.7947,-0.23%,0.8762,-0.11%,6.9885,-0.25%,106.92,-0.29%
16/07/2020,0.7967,0.25%,0.8783,0.24%,6.9881,-0.01%,107.26,0.32%
17/07/2020,0.7955,-0.15%,0.8749,-0.39%,6.9912,0.04%,106.99,-0.25%
20/07/2020,0.7896,-0.74%,0.8735,-0.16%,6.9829,-0.12%,107.24,0.23%
21/07/2020,0.7854,-0.53%,0.8674,-0.70%,6.98,-0.04%,106.76,-0.45%
22/07/2020,0.7852,-0.03%,0.8642,-0.37%,6.9988,0.27%,107.14,0.36%
23/07/2020,0.7847,-0.06%,0.8622,-0.23%,7.0034,0.07%,106.85,-0.27%
24/07/2020,0.7816,-0.40%,0.8578,-0.51%,7.014,0.15%,106.12,-0.68%
27/07/2020,0.7762,-0.69%,0.8509,-0.80%,6.995,-0.27%,105.37,-0.71%
28/07/2020,0.7732,-0.39%,0.8534,0.29%,6.9998,0.07%,105.08,-0.28%
29/07/2020,0.7694,-0.49%,0.8479,-0.64%,7.0014,0.02%,104.91,-0.16%
30/07/2020,0.7635,-0.77%,0.844,-0.46%,7.008,0.09%,104.72,-0.18%
31/07/2020,0.7641,0.08%,0.8488,0.57%,6.9744,-0.48%,105.88,1.11%
04/08/2020,0.765,0.04%,0.8471,-0.34%,6.972,-0.11%,105.7,-0.23%
06/08/2020,0.7603,-0.28%,0.8419,-0.11%,6.952,0.24%,105.54,-0.03%
07/08/2020,0.766,0.75%,0.8482,0.75%,6.967,0.22%,105.91,0.35%
10/08/2020,0.7649,-0.14%,0.8518,0.42%,6.9611,-0.08%,105.95,0.04%
12/08/2020,0.7671,0.10%,0.8485,-0.38%,6.9363,-0.07%,106.89,0.39%
13/08/2020,0.7654,-0.22%,0.8463,-0.26%,6.944,0.11%,106.92,0.03%
14/08/2020,0.7641,-0.17%,0.8443,-0.24%,6.9501,0.09%,106.59,-0.31%
17/08/2020,0.7631,-0.13%,0.8424,-0.23%,6.9318,-0.26%,105.99,-0.56%
18/08/2020,0.7552,-1.04%,0.8381,-0.51%,6.9215,-0.15%,105.42,-0.54%
19/08/2020,0.7632,1.06%,0.8447,0.79%,6.9192,-0.03%,106.1,0.65%
20/08/2020,0.7567,-0.85%,0.843,-0.20%,6.9143,-0.07%,105.79,-0.29%
21/08/2020,0.7638,0.94%,0.8475,0.53%,6.9179,0.05%,105.78,-0.01%
24/08/2020,0.7654,0.21%,0.8482,0.08%,6.918,0.00%,105.97,0.18%
25/08/2020,0.7602,-0.68%,0.8449,-0.39%,6.9116,-0.09%,106.36,0.37%
26/08/2020,0.7569,-0.43%,0.8452,0.04%,6.8855,-0.38%,105.98,-0.36%
27/08/2020,0.7573,0.05%,0.8458,0.07%,6.8925,0.10%,106.55,0.54%
28/08/2020,0.7488,-1.12%,0.8398,-0.71%,6.8647,-0.40%,105.34,-1.14%
01/09/2020,0.747,-0.09%,0.8393,0.19%,6.8272,-0.30%,105.95,0.06%
03/09/2020,0.7528,0.51%,0.8437,0.04%,6.8435,0.09%,106.17,-0.01%
04/09/2020,0.7528,0.00%,0.8445,0.09%,6.8409,-0.04%,106.23,0.06%
09/09/2020,0.769,-0.16%,0.8472,-0.21%,6.8308,-0.19%,106.17,0.15%
10/09/2020,0.7808,1.53%,0.8462,-0.12%,6.8335,0.04%,106.13,-0.04%
11/09/2020,0.7814,0.08%,0.844,-0.26%,6.833,-0.01%,106.14,0.01%
14/09/2020,0.7783,-0.40%,0.8425,-0.18%,6.808,-0.37%,105.72,-0.40%
15/09/2020,0.7758,-0.32%,0.844,0.18%,6.7801,-0.41%,105.43,-0.27%
16/09/2020,0.7711,-0.61%,0.8462,0.26%,6.7529,-0.40%,104.94,-0.46%
17/09/2020,0.7707,-0.05%,0.8439,-0.27%,6.7628,0.15%,104.73,-0.20%
18/09/2020,0.7741,0.44%,0.8445,0.07%,6.7675,0.07%,104.55,-0.17%
21/09/2020,0.7802,0.79%,0.8494,0.58%,6.8043,0.54%,104.64,0.09%
22/09/2020,0.7852,0.64%,0.854,0.54%,6.7779,-0.39%,104.91,0.26%
23/09/2020,0.7858,0.08%,0.8574,0.40%,6.8089,0.46%,105.37,0.44%
24/09/2020,0.7841,-0.22%,0.8565,-0.10%,6.8273,0.27%,105.4,0.03%
25/09/2020,0.7843,0.03%,0.8595,0.35%,6.822,-0.08%,105.6,0.19%
28/09/2020,0.779,-0.68%,0.857,-0.29%,6.8106,-0.17%,105.49,-0.10%
29/09/2020,0.7773,-0.22%,0.8514,-0.65%,6.815,0.06%,105.64,0.14%
30/09/2020,0.7738,-0.45%,0.8531,0.20%,6.7896,-0.37%,105.45,-0.18%
01/10/2020,0.7756,0.23%,0.851,-0.25%,6.7898,0.00%,105.5,0.05%
02/10/2020,0.7727,-0.37%,0.8534,0.28%,6.7898,0.00%,105.33,-0.16%
06/10/2020,0.7763,0.78%,0.8521,0.42%,6.7908,0.00%,105.62,-0.09%
07/10/2020,0.7739,-0.31%,0.8501,-0.23%,6.7908,0.00%,105.96,0.32%
08/10/2020,0.773,-0.12%,0.8503,0.02%,6.7908,0.00%,106.01,0.05%
09/10/2020,0.7663,-0.87%,0.8455,-0.56%,6.6933,-1.44%,105.59,-0.40%
12/10/2020,0.7654,-0.12%,0.8464,0.11%,6.7451,0.77%,105.3,-0.27%
13/10/2020,0.773,0.99%,0.8512,0.57%,6.7452,0.00%,105.47,0.16%
14/10/2020,0.7683,-0.61%,0.8512,0.00%,6.7136,-0.47%,105.15,-0.30%
15/10/2020,0.7742,0.77%,0.854,0.33%,6.7233,0.14%,105.44,0.28%
16/10/2020,0.7741,-0.01%,0.8532,-0.09%,6.6962,-0.40%,105.4,-0.04%
19/10/2020,0.7721,-0.26%,0.8498,-0.40%,6.6803,-0.24%,105.42,0.02%
20/10/2020,0.7724,0.04%,0.8457,-0.48%,6.6754,-0.07%,105.49,0.07%
21/10/2020,0.7603,-1.57%,0.843,-0.32%,6.6503,-0.38%,104.56,-0.88%
22/10/2020,0.7642,0.51%,0.846,0.36%,6.6821,0.48%,104.82,0.25%
23/10/2020,0.7666,0.31%,0.843,-0.35%,6.6843,0.03%,104.69,-0.12%
26/10/2020,0.7678,0.16%,0.8467,0.44%,6.7119,0.41%,104.82,0.12%
27/10/2020,0.7665,-0.17%,0.8477,0.12%,6.7044,-0.11%,104.4,-0.40%
28/10/2020,0.7701,0.47%,0.8514,0.44%,6.7279,0.35%,104.29,-0.11%
29/10/2020,0.7735,0.44%,0.8565,0.60%,6.714,-0.21%,104.61,0.31%
30/10/2020,0.7725,-0.13%,0.8583,0.21%,6.6919,-0.33%,104.64,0.03%
02/11/2020,0.7739,0.18%,0.8589,0.07%,6.6899,-0.03%,104.71,0.07%
03/11/2020,0.7656,-1.07%,0.8534,-0.64%,6.6759,-0.21%,104.46,-0.24%
05/11/2020,0.7606,-1.20%,0.8454,-0.86%,6.6027,-0.68%,103.47,-0.97%
06/11/2020,0.7599,-0.09%,0.842,-0.40%,6.608,0.08%,103.33,-0.14%
09/11/2020,0.7596,-0.04%,0.8464,0.52%,6.628,0.30%,105.36,1.96%
12/11/2020,0.7623,0.82%,0.8469,-0.25%,6.6114,-0.28%,105.12,-0.28%
13/11/2020,0.7582,-0.54%,0.8449,-0.24%,6.6039,-0.11%,104.62,-0.48%
16/11/2020,0.7576,-0.08%,0.8435,-0.17%,6.583,-0.32%,104.56,-0.06%
17/11/2020,0.7548,-0.37%,0.8428,-0.08%,6.5556,-0.42%,104.17,-0.37%
18/11/2020,0.7533,-0.20%,0.8435,0.08%,6.5588,0.05%,103.83,-0.33%
19/11/2020,0.7539,0.08%,0.842,-0.18%,6.5789,0.31%,103.72,-0.11%
20/11/2020,0.7527,-0.16%,0.8434,0.17%,6.5608,-0.28%,103.85,0.13%
23/11/2020,0.7505,-0.29%,0.8445,0.13%,6.585,0.37%,104.54,0.66%
24/11/2020,0.7483,-0.29%,0.8408,-0.44%,6.59,0.08%,104.43,-0.11%
25/11/2020,0.747,-0.17%,0.8392,-0.19%,6.575,-0.23%,104.45,0.02%
27/11/2020,0.7509,0.33%,0.8358,-0.41%,6.5738,0.00%,104.1,-0.14%
30/11/2020,0.7505,-0.05%,0.8381,0.28%,6.576,0.03%,104.27,0.16%
02/12/2020,0.7481,0.38%,0.8253,-0.37%,6.5622,-0.13%,104.4,0.10%
03/12/2020,0.7437,-0.59%,0.8234,-0.23%,6.5418,-0.31%,103.83,-0.55%
08/12/2020,0.7487,0.19%,0.8261,0.05%,6.5307,0.02%,104.15,0.09%
11/12/2020,0.756,0.52%,0.8254,0.21%,6.5445,0.02%,104.01,-0.18%
14/12/2020,0.7504,-0.74%,0.8233,-0.25%,6.548,0.05%,104.03,0.02%
15/12/2020,0.7427,-1.03%,0.8227,-0.07%,6.5388,-0.14%,103.66,-0.36%
16/12/2020,0.7401,-0.35%,0.8196,-0.38%,6.5323,-0.10%,103.48,-0.17%
17/12/2020,0.7361,-0.54%,0.815,-0.56%,6.5321,0.00%,103.1,-0.37%
18/12/2020,0.7394,0.45%,0.8157,0.09%,6.5348,0.04%,103.31,0.20%
21/12/2020,0.7423,0.39%,0.8167,0.12%,6.5467,0.18%,103.3,-0.01%
22/12/2020,0.7483,0.81%,0.822,0.65%,6.5426,-0.06%,103.63,0.32%
23/12/2020,0.741,-0.98%,0.8204,-0.19%,6.54,-0.04%,103.55,-0.08%
24/12/2020,0.7378,-0.43%,0.8205,0.01%,6.53,-0.15%,103.63,0.08%
29/12/2020,0.7406,-0.36%,0.8163,-0.26%,6.53,-0.07%,103.56,-0.21%
30/12/2020,0.7338,-0.92%,0.8131,-0.39%,6.5208,-0.14%,103.17,-0.38%
31/12/2020,0.7311,-0.37%,0.8185,0.66%,6.525,0.06%,103.24,0.07%
04/01/2021,0.7367,0.74%,0.8162,-0.62%,6.4601,-1.02%,103.1,-0.10%
06/01/2021,0.7347,0.12%,0.8111,-0.23%,6.4617,0.10%,103.04,0.31%
07/01/2021,0.737,0.31%,0.8147,0.44%,6.476,0.22%,103.8,0.74%
11/01/2021,0.7397,0.35%,0.8228,0.55%,6.4795,0.07%,104.24,0.30%
12/01/2021,0.7316,-1.10%,0.8191,-0.45%,6.461,-0.29%,103.75,-0.47%
13/01/2021,0.7331,0.21%,0.8225,0.42%,6.4677,0.10%,103.85,0.10%
14/01/2021,0.7304,-0.37%,0.8224,-0.01%,6.4736,0.09%,103.79,-0.06%
15/01/2021,0.7358,0.74%,0.8277,0.64%,6.48,0.10%,103.87,0.08%
19/01/2021,0.7336,-0.31%,0.8244,-0.41%,6.4777,-0.19%,103.89,0.19%
20/01/2021,0.7322,-0.19%,0.8259,0.18%,6.465,-0.20%,103.52,-0.36%
21/01/2021,0.7281,-0.56%,0.822,-0.47%,6.4595,-0.09%,103.48,-0.04%
22/01/2021,0.7306,0.34%,0.8218,-0.02%,6.481,0.33%,103.77,0.28%
25/01/2021,0.7312,0.08%,0.8237,0.23%,6.4784,-0.04%,103.73,-0.04%
26/01/2021,0.7277,-0.48%,0.8222,-0.18%,6.4635,-0.23%,103.6,-0.13%
27/01/2021,0.7306,0.40%,0.8256,0.41%,6.4822,0.29%,104.09,0.47%
28/01/2021,0.7287,-0.26%,0.8247,-0.11%,6.4491,-0.51%,104.21,0.12%
29/01/2021,0.7298,0.15%,0.8239,-0.10%,6.425,-0.37%,104.68,0.45%
02/02/2021,0.7316,-0.03%,0.8302,0.13%,6.4551,-0.18%,104.97,0.06%
03/02/2021,0.7327,0.15%,0.831,0.10%,6.4579,0.04%,105.01,0.04%
08/02/2021,0.7277,-0.04%,0.8299,-0.04%,6.4444,-0.34%,105.22,-0.13%
09/02/2021,0.7237,-0.55%,0.825,-0.59%,6.4344,-0.16%,104.57,-0.62%
11/02/2021,0.7237,0.14%,0.8243,-0.10%,6.4542,-0.05%,104.72,0.14%
18/02/2021,0.7153,-0.91%,0.827,-0.43%,6.4869,0.51%,105.66,-0.18%
19/02/2021,0.7134,-0.27%,0.825,-0.24%,6.4555,-0.48%,105.43,-0.22%
22/02/2021,0.7109,-0.35%,0.8225,-0.30%,6.4625,0.11%,105.06,-0.35%
23/02/2021,0.7085,-0.34%,0.823,0.06%,6.464,0.02%,105.24,0.17%
24/02/2021,0.7071,-0.20%,0.822,-0.12%,6.4556,-0.13%,105.86,0.59%
25/02/2021,0.7134,0.89%,0.8211,-0.11%,6.4541,-0.02%,106.21,0.33%
26/02/2021,0.7176,0.59%,0.828,0.84%,6.473,0.29%,106.58,0.35%
02/03/2021,0.7165,-0.21%,0.8269,-0.35%,6.4702,0.08%,106.67,-0.07%
03/03/2021,0.7165,0.00%,0.8288,0.23%,6.4675,-0.04%,106.99,0.30%
08/03/2021,0.7232,0.12%,0.8441,0.61%,6.525,0.45%,108.86,0.48%
09/03/2021,0.7196,-0.50%,0.8402,-0.46%,6.505,-0.31%,108.46,-0.37%
11/03/2021,0.7146,-0.43%,0.8342,-0.49%,6.4932,-0.18%,108.49,0.10%
12/03/2021,0.718,0.48%,0.8364,0.26%,6.5081,0.23%,109.0,0.47%
15/03/2021,0.7196,0.22%,0.8381,0.20%,6.4996,-0.13%,109.12,0.11%
16/03/2021,0.7197,0.01%,0.8401,0.24%,6.5052,0.09%,108.98,-0.13%
17/03/2021,0.716,-0.51%,0.8347,-0.64%,6.503,-0.03%,108.83,-0.14%
18/03/2021,0.7181,0.29%,0.8392,0.54%,6.5054,0.04%,108.88,0.05%
19/03/2021,0.7208,0.38%,0.84,0.10%,6.507,0.02%,108.87,-0.01%
22/03/2021,0.7212,0.06%,0.8377,-0.27%,6.507,0.00%,108.83,-0.04%
23/03/2021,0.7271,0.82%,0.8437,0.72%,6.516,0.14%,108.56,-0.25%
24/03/2021,0.7304,0.45%,0.8465,0.33%,6.523,0.11%,108.72,0.15%
25/03/2021,0.728,-0.33%,0.85,0.41%,6.5452,0.34%,109.17,0.41%
26/03/2021,0.7252,-0.38%,0.8478,-0.26%,6.5412,-0.06%,109.64,0.43%
29/03/2021,0.7264,0.17%,0.8499,0.25%,6.5678,0.41%,109.78,0.13%
30/03/2021,0.7276,0.17%,0.8534,0.41%,6.5716,0.06%,110.34,0.51%
31/03/2021,0.7254,-0.30%,0.8524,-0.12%,6.5518,-0.30%,110.7,0.33%
01/04/2021,0.7228,-0.36%,0.849,-0.40%,6.5645,0.19%,110.6,-0.09%
06/04/2021,0.7232,0.53%,0.8419,-0.53%,6.537,-0.42%,109.74,-0.39%
08/04/2021,0.728,0.01%,0.8393,-0.34%,6.5505,0.14%,109.24,-0.55%
13/04/2021,0.7272,-0.05%,0.8368,-0.31%,6.5431,-0.02%,109.05,-0.29%
14/04/2021,0.7256,-0.22%,0.8346,-0.26%,6.5292,-0.21%,108.91,-0.13%
15/04/2021,0.7252,-0.06%,0.8355,0.11%,6.522,-0.11%,108.74,-0.16%
16/04/2021,0.7229,-0.32%,0.8342,-0.16%,6.5203,-0.03%,108.77,0.03%
19/04/2021,0.7148,-1.12%,0.8308,-0.41%,6.5085,-0.18%,108.15,-0.57%
20/04/2021,0.7174,0.36%,0.8308,0.00%,6.4981,-0.16%,108.08,-0.06%
21/04/2021,0.7178,0.06%,0.8308,0.00%,6.4903,-0.12%,108.05,-0.03%
22/04/2021,0.7225,0.65%,0.8322,0.17%,6.491,0.01%,107.96,-0.08%
23/04/2021,0.7206,-0.26%,0.8264,-0.70%,6.4945,0.05%,107.91,-0.05%
26/04/2021,0.7193,-0.18%,0.8276,0.15%,6.4844,-0.16%,108.08,0.16%
27/04/2021,0.7186,-0.10%,0.8269,-0.08%,6.483,-0.02%,108.68,0.56%
28/04/2021,0.7176,-0.14%,0.8246,-0.28%,6.4771,-0.09%,108.59,-0.08%
29/04/2021,0.7172,-0.06%,0.8249,0.04%,6.471,-0.09%,108.91,0.29%
30/04/2021,0.7237,0.91%,0.8318,0.84%,6.473,0.03%,109.27,0.33%
10/05/2021,0.7078,-1.08%,0.8243,0.28%,6.4156,-0.24%,108.78,0.17%
11/05/2021,0.707,-0.11%,0.823,-0.16%,6.4285,0.20%,108.61,-0.16%
13/05/2021,0.7115,0.01%,0.8277,-0.06%,6.4506,-0.09%,109.45,-0.18%
14/05/2021,0.7092,-0.32%,0.8235,-0.51%,6.4367,-0.22%,109.34,-0.10%
17/05/2021,0.7073,-0.27%,0.8227,-0.10%,6.4388,0.03%,109.19,-0.14%
18/05/2021,0.7047,-0.37%,0.8181,-0.56%,6.425,-0.21%,108.88,-0.28%
19/05/2021,0.7084,0.53%,0.8213,0.39%,6.4342,0.14%,109.21,0.30%
20/05/2021,0.7046,-0.54%,0.8177,-0.44%,6.4339,0.00%,108.75,-0.42%
21/05/2021,0.7067,0.30%,0.8208,0.38%,6.4339,0.00%,108.94,0.17%
24/05/2021,0.7063,-0.06%,0.8186,-0.27%,6.4177,-0.25%,108.74,-0.18%
25/05/2021,0.7064,0.01%,0.8161,-0.31%,6.41,-0.12%,108.76,0.02%
26/05/2021,0.7081,0.24%,0.8201,0.49%,6.3905,-0.30%,109.14,0.35%
27/05/2021,0.7038,-0.61%,0.8199,-0.02%,6.3824,-0.13%,109.8,0.60%
28/05/2021,0.7047,0.13%,0.82,0.01%,6.3674,-0.24%,109.81,0.01%
01/06/2021,0.7066,0.44%,0.8187,0.12%,6.3796,0.17%,109.45,-0.08%
04/06/2021,0.7063,-0.35%,0.8218,-0.33%,6.3945,-0.14%,109.49,-0.72%
07/06/2021,0.7051,-0.17%,0.8203,-0.18%,6.3963,0.03%,109.24,-0.23%
08/06/2021,0.7063,0.17%,0.8214,0.13%,6.4,0.06%,109.49,0.23%
10/06/2021,0.7052,-0.41%,0.8215,0.07%,6.3929,0.10%,109.31,-0.27%
15/06/2021,0.7099,0.18%,0.8245,-0.06%,6.4052,0.13%,110.07,0.01%
16/06/2021,0.7148,0.69%,0.8337,1.12%,6.3969,-0.13%,110.69,0.56%
17/06/2021,0.7182,0.48%,0.8396,0.71%,6.4477,0.79%,110.2,-0.44%
18/06/2021,0.724,0.81%,0.8429,0.39%,6.4525,0.07%,110.19,-0.01%
21/06/2021,0.7175,-0.90%,0.8391,-0.45%,6.4659,0.21%,110.3,0.10%
22/06/2021,0.7168,-0.10%,0.8374,-0.20%,6.4811,0.24%,110.64,0.31%
23/06/2021,0.716,-0.11%,0.8384,0.12%,6.4727,-0.13%,110.94,0.27%
24/06/2021,0.7181,0.29%,0.8379,-0.06%,6.4701,-0.04%,110.86,-0.07%
25/06/2021,0.7205,0.33%,0.8377,-0.02%,6.4545,-0.24%,110.77,-0.08%
28/06/2021,0.7201,-0.06%,0.8384,0.08%,6.4555,0.02%,110.62,-0.14%
29/06/2021,0.7226,0.35%,0.8404,0.24%,6.4635,0.12%,110.5,-0.11%
30/06/2021,0.723,0.06%,0.8433,0.35%,6.4566,-0.11%,111.1,0.54%
01/07/2021,0.7262,0.44%,0.8437,0.05%,6.4679,0.18%,111.5,0.36%
06/07/2021,0.7244,0.32%,0.8456,0.33%,6.4752,0.19%,110.6,-0.32%
07/07/2021,0.7244,0.00%,0.848,0.28%,6.4718,-0.05%,110.65,0.05%
09/07/2021,0.7193,-0.83%,0.842,-0.26%,6.4788,-0.17%,110.14,0.32%
12/07/2021,0.7203,0.14%,0.843,0.12%,6.4751,-0.06%,110.35,0.19%
13/07/2021,0.7238,0.49%,0.849,0.71%,6.4685,-0.10%,110.61,0.24%
14/07/2021,0.7214,-0.33%,0.8447,-0.51%,6.4688,0.00%,109.99,-0.56%
15/07/2021,0.723,0.22%,0.8463,0.19%,6.4569,-0.18%,109.86,-0.12%
16/07/2021,0.7262,0.44%,0.8468,0.06%,6.4785,0.33%,110.08,0.20%
19/07/2021,0.7312,0.69%,0.8473,0.06%,6.4893,0.17%,109.44,-0.58%
20/07/2021,0.7337,0.34%,0.8487,0.17%,6.4845,-0.07%,109.84,0.37%
21/07/2021,0.7292,-0.61%,0.8477,-0.12%,6.4664,-0.28%,110.27,0.39%
22/07/2021,0.7261,-0.43%,0.8495,0.21%,6.4699,0.05%,110.14,-0.12%
23/07/2021,0.7275,0.19%,0.8493,-0.02%,6.4808,0.17%,110.54,0.36%
26/07/2021,0.7235,-0.55%,0.8472,-0.25%,6.4825,0.03%,110.34,-0.18%
27/07/2021,0.7204,-0.43%,0.8462,-0.12%,6.5104,0.43%,109.76,-0.53%
28/07/2021,0.7193,-0.15%,0.8442,-0.24%,6.4905,-0.31%,109.9,0.13%
29/07/2021,0.7161,-0.44%,0.841,-0.38%,6.4562,-0.53%,109.46,-0.40%
30/07/2021,0.7192,0.43%,0.8423,0.15%,6.4609,0.07%,109.7,0.22%
02/08/2021,0.7202,0.14%,0.8424,0.01%,6.462,0.02%,109.28,-0.38%
03/08/2021,0.7185,-0.24%,0.8429,0.06%,6.47,0.12%,109.04,-0.22%
04/08/2021,0.7198,0.18%,0.8447,0.21%,6.4655,-0.07%,109.47,0.39%
06/08/2021,0.7207,0.40%,0.8501,0.62%,6.4825,0.34%,110.25,0.46%
09/08/2021,0.7221,0.19%,0.8517,0.19%,6.4857,0.05%,110.28,0.03%
10/08/2021,0.7222,0.01%,0.8531,0.16%,6.4852,-0.01%,110.56,0.25%
11/08/2021,0.7207,-0.21%,0.8517,-0.16%,6.4783,-0.11%,110.4,-0.14%
12/08/2021,0.7242,0.49%,0.8524,0.08%,6.4782,0.00%,110.38,-0.02%
13/08/2021,0.7211,-0.43%,0.8478,-0.54%,6.4768,-0.02%,109.57,-0.73%
16/08/2021,0.7218,0.10%,0.8488,0.12%,6.4742,-0.04%,109.23,-0.31%
17/08/2021,0.7277,0.82%,0.8539,0.60%,6.4854,0.17%,109.57,0.31%
18/08/2021,0.7268,-0.12%,0.8537,-0.02%,6.4841,-0.02%,109.74,0.16%
19/08/2021,0.733,0.85%,0.8563,0.30%,6.4942,0.16%,109.72,-0.02%
20/08/2021,0.734,0.14%,0.8548,-0.18%,6.5012,0.11%,109.8,0.07%
23/08/2021,0.7288,-0.71%,0.8513,-0.41%,6.4805,-0.32%,109.68,-0.11%
24/08/2021,0.7283,-0.07%,0.8506,-0.08%,6.471,-0.15%,109.62,-0.05%
25/08/2021,0.7266,-0.23%,0.8493,-0.15%,6.4756,0.07%,109.99,0.34%
26/08/2021,0.7298,0.44%,0.8508,0.18%,6.4809,0.08%,110.07,0.07%
27/08/2021,0.7267,-0.42%,0.8477,-0.36%,6.4711,-0.15%,109.82,-0.23%
31/08/2021,0.7268,0.03%,0.8467,-0.09%,6.4604,-0.08%,110.02,0.09%
02/09/2021,0.7227,-0.47%,0.842,-0.31%,6.4558,-0.04%,109.92,-0.06%
03/09/2021,0.7211,-0.22%,0.8415,-0.06%,6.4528,-0.05%,109.73,-0.17%
07/09/2021,0.7252,0.36%,0.8445,0.26%,6.4662,0.19%,110.27,0.40%
08/09/2021,0.726,0.11%,0.8462,0.20%,6.4612,-0.08%,110.23,-0.04%
09/09/2021,0.7226,-0.47%,0.8455,-0.08%,6.4514,-0.15%,109.7,-0.48%
13/09/2021,0.7225,0.01%,0.8466,0.04%,6.4511,0.11%,109.98,0.05%
14/09/2021,0.724,0.21%,0.847,0.05%,6.4382,-0.20%,109.67,-0.28%
15/09/2021,0.7226,-0.19%,0.8461,-0.11%,6.432,-0.10%,109.36,-0.28%
16/09/2021,0.7251,0.35%,0.8498,0.44%,6.4566,0.38%,109.7,0.31%
17/09/2021,0.7275,0.33%,0.8526,0.33%,6.4655,0.14%,109.96,0.24%
22/09/2021,0.7337,0.25%,0.8554,0.32%,6.4583,-0.11%,109.78,0.52%
23/09/2021,0.7289,-0.65%,0.8518,-0.42%,6.459,0.01%,110.3,0.47%
24/09/2021,0.7312,0.32%,0.8534,0.19%,6.466,0.11%,110.72,0.38%
27/09/2021,0.7299,-0.18%,0.8549,0.18%,6.456,-0.15%,111.0,0.25%
28/09/2021,0.7387,1.21%,0.8558,0.11%,6.4595,0.05%,111.5,0.45%
29/09/2021,0.7445,0.79%,0.8621,0.74%,6.4702,0.17%,111.96,0.41%
30/09/2021,0.7421,-0.32%,0.8632,0.13%,6.4452,-0.39%,111.27,-0.62%
08/10/2021,0.7345,0.04%,0.8642,-0.15%,6.4435,-0.03%,112.22,0.56%
11/10/2021,0.7354,0.12%,0.8656,0.16%,6.4501,0.10%,113.3,0.96%
12/10/2021,0.7358,0.05%,0.8672,0.18%,6.4485,-0.02%,113.6,0.26%
13/10/2021,0.732,-0.52%,0.8625,-0.54%,6.4262,-0.35%,113.23,-0.33%
14/10/2021,0.7312,-0.11%,0.8622,-0.03%,6.438,0.18%,113.66,0.38%
15/10/2021,0.7271,-0.56%,0.8619,-0.03%,6.434,-0.06%,114.2,0.48%
18/10/2021,0.7284,0.18%,0.8611,-0.09%,6.429,-0.08%,114.31,0.10%
19/10/2021,0.7247,-0.51%,0.8594,-0.20%,6.3822,-0.73%,114.36,0.04%
20/10/2021,0.7233,-0.19%,0.8581,-0.15%,6.3936,0.18%,114.26,-0.09%
21/10/2021,0.7249,0.22%,0.8602,0.24%,6.3925,-0.02%,113.97,-0.25%
22/10/2021,0.727,0.29%,0.8583,-0.22%,6.3839,-0.13%,113.46,-0.45%
25/10/2021,0.7262,-0.11%,0.8613,0.35%,6.3856,0.03%,113.7,0.21%
26/10/2021,0.7262,0.00%,0.8623,0.12%,6.382,-0.06%,114.14,0.39%
27/10/2021,0.7272,0.14%,0.8615,-0.09%,6.3915,0.15%,113.81,-0.29%
28/10/2021,0.7251,-0.29%,0.8559,-0.65%,6.3917,0.00%,113.56,-0.22%
29/10/2021,0.7302,0.70%,0.8647,1.03%,6.405,0.21%,114.0,0.39%
01/11/2021,0.7317,0.21%,0.8615,-0.37%,6.3972,-0.12%,113.98,-0.02%
02/11/2021,0.7343,0.36%,0.8635,0.23%,6.3995,0.04%,113.95,-0.03%
03/11/2021,0.7306,-0.50%,0.861,-0.29%,6.4061,0.10%,113.98,0.03%
05/11/2021,0.7407,0.00%,0.8644,-0.12%,6.398,0.02%,113.4,-0.31%
08/11/2021,0.7373,-0.46%,0.8628,-0.19%,6.3902,-0.12%,113.22,-0.16%
15/11/2021,0.745,-0.04%,0.8794,0.72%,6.3824,0.06%,114.12,0.24%
16/11/2021,0.7445,-0.07%,0.8832,0.43%,6.3919,0.15%,114.82,0.61%
17/11/2021,0.7416,-0.39%,0.8834,0.02%,6.3775,-0.23%,114.07,-0.65%
18/11/2021,0.741,-0.08%,0.8793,-0.46%,6.3851,0.12%,114.24,0.15%
19/11/2021,0.7432,0.30%,0.8857,0.73%,6.3863,0.02%,113.98,-0.23%
22/11/2021,0.7464,0.43%,0.8898,0.46%,6.3842,-0.03%,114.86,0.77%
23/11/2021,0.7473,0.12%,0.8889,-0.10%,6.391,0.11%,115.12,0.23%
24/11/2021,0.7501,0.37%,0.8929,0.45%,6.3917,0.01%,115.41,0.25%
26/11/2021,0.7496,-0.12%,0.8833,-0.99%,6.3924,0.10%,113.31,-1.77%
29/11/2021,0.751,0.19%,0.8855,0.25%,6.3875,-0.08%,113.52,0.19%
30/11/2021,0.7518,0.11%,0.8819,-0.41%,6.364,-0.37%,113.13,-0.34%
01/12/2021,0.7529,0.15%,0.8833,0.16%,6.3673,0.05%,112.75,-0.34%
02/12/2021,0.7513,-0.21%,0.8847,0.16%,6.3763,0.14%,113.15,0.35%
03/12/2021,0.7556,0.57%,0.8836,-0.12%,6.3758,-0.01%,112.8,-0.31%
07/12/2021,0.7549,0.16%,0.8874,0.17%,6.3657,-0.16%,113.57,0.10%
08/12/2021,0.7568,0.25%,0.8816,-0.65%,6.3435,-0.35%,113.66,0.08%
10/12/2021,0.7533,-0.40%,0.8838,-0.18%,6.3685,-0.14%,113.38,-0.05%
13/12/2021,0.7564,0.41%,0.8861,0.26%,6.363,-0.09%,113.56,0.16%
14/12/2021,0.7552,-0.16%,0.888,0.21%,6.3671,0.06%,113.71,0.13%
15/12/2021,0.7538,-0.19%,0.8858,-0.25%,6.3673,0.00%,114.02,0.27%
16/12/2021,0.7506,-0.42%,0.8825,-0.37%,6.3674,0.00%,113.7,-0.28%
17/12/2021,0.7552,0.61%,0.8895,0.79%,6.3748,0.12%,113.67,-0.03%
20/12/2021,0.7571,0.25%,0.8866,-0.33%,6.3756,0.01%,113.58,-0.08%
21/12/2021,0.7535,-0.48%,0.886,-0.07%,6.3716,-0.06%,114.08,0.44%
22/12/2021,0.7488,-0.62%,0.8828,-0.36%,6.3695,-0.03%,114.11,0.03%
23/12/2021,0.7457,-0.41%,0.8826,-0.02%,6.3696,0.00%,114.37,0.23%
29/12/2021,0.7412,-0.40%,0.8809,-0.34%,6.368,-0.01%,114.94,0.11%
