,Date,doge_p
0,01/01/2016 23:59,0.000154392
1,02/01/2016 23:59,0.000150743
2,03/01/2016 23:59,0.000145759
3,04/01/2016 23:59,0.000143645
4,05/01/2016 23:59,0.000137109
5,06/01/2016 23:59,0.000134536
6,07/01/2016 23:59,0.000139256
7,08/01/2016 23:59,0.00015829
8,09/01/2016 23:59,0.000179806
9,10/01/2016 23:59,0.000166788
10,11/01/2016 23:59,0.000170692
11,12/01/2016 23:59,0.000179768
12,13/01/2016 23:59,0.000177094
13,14/01/2016 23:59,0.000174839
14,15/01/2016 23:59,0.000149139
15,16/01/2016 23:59,0.000155027
16,17/01/2016 23:59,0.000152153
17,18/01/2016 23:59,0.000151174
18,19/01/2016 23:59,0.000148104
19,20/01/2016 23:59,0.00016804
20,21/01/2016 23:59,0.000163254
21,22/01/2016 23:59,0.000168246
22,23/01/2016 23:59,0.00017233
23,24/01/2016 23:59,0.000193186
24,25/01/2016 23:59,0.000211721
25,26/01/2016 23:59,0.000356273
26,27/01/2016 23:59,0.000455076
27,28/01/2016 23:59,0.000344136
28,29/01/2016 23:59,0.000316405
29,30/01/2016 23:59,0.000257987
30,31/01/2016 23:59,0.000277032
31,01/02/2016 23:59,0.000270234
32,02/02/2016 23:59,0.000262285
33,03/02/2016 23:59,0.000265091
34,04/02/2016 23:59,0.000287009
35,05/02/2016 23:59,0.000305498
36,06/02/2016 23:59,0.000306131
37,07/02/2016 23:59,0.000285056
38,08/02/2016 23:59,0.000286896
39,09/02/2016 23:59,0.000291881
40,10/02/2016 23:59,0.00029808
41,11/02/2016 23:59,0.000289788
42,12/02/2016 23:59,0.000300687
43,13/02/2016 23:59,0.000295003
44,14/02/2016 23:59,0.000300999
45,15/02/2016 23:59,0.000298126
46,16/02/2016 23:59,0.000291608
47,17/02/2016 23:59,0.000278482
48,18/02/2016 23:59,0.000277825
49,19/02/2016 23:59,0.00029683
50,20/02/2016 23:59,0.000291063
51,21/02/2016 23:59,0.000285497
52,22/02/2016 23:59,0.000282672
53,23/02/2016 23:59,0.000279807
54,24/02/2016 23:59,0.000277561
55,25/02/2016 23:59,0.000269377
56,26/02/2016 23:59,0.000259282
57,27/02/2016 23:59,0.000254927
58,28/02/2016 23:59,0.000254411
59,29/02/2016 23:59,0.000249722
60,01/03/2016 23:59,0.000248716
61,02/03/2016 23:59,0.000244038
62,03/03/2016 23:59,0.000244975
63,04/03/2016 23:59,0.000238487
64,05/03/2016 23:59,0.000223592
65,06/03/2016 23:59,0.000221122
66,07/03/2016 23:59,0.00023273
67,08/03/2016 23:59,0.000219746
68,09/03/2016 23:59,0.000229997
69,10/03/2016 23:59,0.000240696
70,11/03/2016 23:59,0.00024101
71,12/03/2016 23:59,0.000236624
72,13/03/2016 23:59,0.000244648
73,14/03/2016 23:59,0.000238259
74,15/03/2016 23:59,0.000231457
75,16/03/2016 23:59,0.000230536
76,17/03/2016 23:59,0.00022273
77,18/03/2016 23:59,0.000209456
78,19/03/2016 23:59,0.000219822
79,20/03/2016 23:59,0.000214021
80,21/03/2016 23:59,0.000212121
81,22/03/2016 23:59,0.000216829
82,23/03/2016 23:59,0.000211819
83,24/03/2016 23:59,0.000213203
84,25/03/2016 23:59,0.000214462
85,26/03/2016 23:59,0.000212538
86,27/03/2016 23:59,0.000215881
87,28/03/2016 23:59,0.000215322
88,29/03/2016 23:59,0.000254353
89,30/03/2016 23:59,0.000233931
90,31/03/2016 23:59,0.000232917
91,01/04/2016 23:59,0.000224188
92,02/04/2016 23:59,0.00022588
93,03/04/2016 23:59,0.000221196
94,04/04/2016 23:59,0.000219614
95,05/04/2016 23:59,0.000213744
96,06/04/2016 23:59,0.000216474
97,07/04/2016 23:59,0.000211692
98,08/04/2016 23:59,0.000210978
99,09/04/2016 23:59,0.000207701
100,10/04/2016 23:59,0.000204199
101,11/04/2016 23:59,0.000214301
102,12/04/2016 23:59,0.000229271
103,13/04/2016 23:59,0.000234482
104,14/04/2016 23:59,0.00023015
105,15/04/2016 23:59,0.000232586
106,16/04/2016 23:59,0.000230168
107,17/04/2016 23:59,0.000226472
108,18/04/2016 23:59,0.000224585
109,19/04/2016 23:59,0.00022162
110,20/04/2016 23:59,0.000226153
111,21/04/2016 23:59,0.000226439
112,22/04/2016 23:59,0.000223685
113,23/04/2016 23:59,0.000223588
114,24/04/2016 23:59,0.000226673
115,25/04/2016 23:59,0.000227371
116,26/04/2016 23:59,0.000230016
117,27/04/2016 23:59,0.000223704
118,28/04/2016 23:59,0.000227532
119,29/04/2016 23:59,0.000226266
120,30/04/2016 23:59,0.000225532
121,01/05/2016 23:59,0.000226102
122,02/05/2016 23:59,0.000228984
123,03/05/2016 23:59,0.00022759
124,04/05/2016 23:59,0.00022517
125,05/05/2016 23:59,0.000221104
126,06/05/2016 23:59,0.00022459
127,07/05/2016 23:59,0.000222771
128,08/05/2016 23:59,0.000222309
129,09/05/2016 23:59,0.000223569
130,10/05/2016 23:59,0.000219869
131,11/05/2016 23:59,0.000224077
132,12/05/2016 23:59,0.000235389
133,13/05/2016 23:59,0.000235892
134,14/05/2016 23:59,0.000231428
135,15/05/2016 23:59,0.000230913
136,16/05/2016 23:59,0.000229013
137,17/05/2016 23:59,0.000226087
138,18/05/2016 23:59,0.000227971
139,19/05/2016 23:59,0.000225137
140,20/05/2016 23:59,0.000227861
141,21/05/2016 23:59,0.000226426
142,22/05/2016 23:59,0.000224338
143,23/05/2016 23:59,0.000225129
144,24/05/2016 23:59,0.000224255
145,25/05/2016 23:59,0.000224294
146,26/05/2016 23:59,0.000228128
147,27/05/2016 23:59,0.000229745
148,28/05/2016 23:59,0.000236796
149,29/05/2016 23:59,0.000237908
150,30/05/2016 23:59,0.000238417
151,31/05/2016 23:59,0.00023128
152,01/06/2016 23:59,0.000233578
153,02/06/2016 23:59,0.000230459
154,03/06/2016 23:59,0.000237946
155,04/06/2016 23:59,0.00023655
156,05/06/2016 23:59,0.000236611
157,06/06/2016 23:59,0.000235529
158,07/06/2016 23:59,0.000239545
159,08/06/2016 23:59,0.000245646
160,09/06/2016 23:59,0.000265293
161,10/06/2016 23:59,0.000260458
162,11/06/2016 23:59,0.000252743
163,12/06/2016 23:59,0.000270211
164,13/06/2016 23:59,0.000297835
165,14/06/2016 23:59,0.000319725
166,15/06/2016 23:59,0.000312602
167,16/06/2016 23:59,0.000334664
168,17/06/2016 23:59,0.000321167
169,18/06/2016 23:59,0.000324366
170,19/06/2016 23:59,0.000338073
171,20/06/2016 23:59,0.000323233
172,21/06/2016 23:59,0.000307247
173,22/06/2016 23:59,0.000265731
174,23/06/2016 23:59,0.000279926
175,24/06/2016 23:59,0.000281366
176,25/06/2016 23:59,0.000283651
177,26/06/2016 23:59,0.000284892
178,27/06/2016 23:59,0.000288071
179,28/06/2016 23:59,0.000301306
180,29/06/2016 23:59,0.000295862
181,30/06/2016 23:59,0.000304281
182,01/07/2016 23:59,0.000302051
183,02/07/2016 23:59,0.000306268
184,03/07/2016 23:59,0.000282217
185,04/07/2016 23:59,0.000289348
186,05/07/2016 23:59,0.000287367
187,06/07/2016 23:59,0.000283728
188,07/07/2016 23:59,0.000274594
189,08/07/2016 23:59,0.000277445
190,09/07/2016 23:59,0.000270315
191,10/07/2016 23:59,0.000272126
192,11/07/2016 23:59,0.000266849
193,12/07/2016 23:59,0.000265492
194,13/07/2016 23:59,0.000262525
195,14/07/2016 23:59,0.000262081
196,15/07/2016 23:59,0.000264057
197,16/07/2016 23:59,0.00026209
198,17/07/2016 23:59,0.000263062
199,18/07/2016 23:59,0.000252348
200,19/07/2016 23:59,0.00024512
201,20/07/2016 23:59,0.000243511
202,21/07/2016 23:59,0.000237462
203,22/07/2016 23:59,0.000237191
204,23/07/2016 23:59,0.000250653
205,24/07/2016 23:59,0.000248994
206,25/07/2016 23:59,0.00024544
207,26/07/2016 23:59,0.000239749
208,27/07/2016 23:59,0.000236956
209,28/07/2016 23:59,0.000238
210,29/07/2016 23:59,0.000237517
211,30/07/2016 23:59,0.000238604
212,31/07/2016 23:59,0.000230459
213,01/08/2016 23:59,0.000223013
214,02/08/2016 23:59,0.000205658
215,03/08/2016 23:59,0.000214071
216,04/08/2016 23:59,0.000214621
217,05/08/2016 23:59,0.000217781
218,06/08/2016 23:59,0.000231318
219,07/08/2016 23:59,0.000263683
220,08/08/2016 23:59,0.000236832
221,09/08/2016 23:59,0.000236527
222,10/08/2016 23:59,0.000238686
223,11/08/2016 23:59,0.000234973
224,12/08/2016 23:59,0.000239099
225,13/08/2016 23:59,0.000238762
226,14/08/2016 23:59,0.000244801
227,15/08/2016 23:59,0.000238369
228,16/08/2016 23:59,0.000258418
229,17/08/2016 23:59,0.000246971
230,18/08/2016 23:59,0.00024715
231,19/08/2016 23:59,0.00023269
232,20/08/2016 23:59,0.000238178
233,21/08/2016 23:59,0.000231564
234,22/08/2016 23:59,0.000229018
235,23/08/2016 23:59,0.00022731
236,24/08/2016 23:59,0.00023097
237,25/08/2016 23:59,0.000229429
238,26/08/2016 23:59,0.000231181
239,27/08/2016 23:59,0.000224128
240,28/08/2016 23:59,0.000229294
241,29/08/2016 23:59,0.000225365
242,30/08/2016 23:59,0.000233264
243,31/08/2016 23:59,0.000235063
244,01/09/2016 23:59,0.000231939
245,02/09/2016 23:59,0.000234958
246,03/09/2016 23:59,0.000236362
247,04/09/2016 23:59,0.000235403
248,05/09/2016 23:59,0.000236252
249,06/09/2016 23:59,0.000240823
250,07/09/2016 23:59,0.000242023
251,08/09/2016 23:59,0.000227986
252,09/09/2016 23:59,0.00023038
253,10/09/2016 23:59,0.000227437
254,11/09/2016 23:59,0.000226268
255,12/09/2016 23:59,0.000226129
256,13/09/2016 23:59,0.000225249
257,14/09/2016 23:59,0.000225513
258,15/09/2016 23:59,0.000233186
259,16/09/2016 23:59,0.000250482
260,17/09/2016 23:59,0.000236403
261,18/09/2016 23:59,0.000240025
262,19/09/2016 23:59,0.000235508
263,20/09/2016 23:59,0.000232174
264,21/09/2016 23:59,0.000231322
265,22/09/2016 23:59,0.00022751
266,23/09/2016 23:59,0.000224348
267,24/09/2016 23:59,0.00022627
268,25/09/2016 23:59,0.000224589
269,26/09/2016 23:59,0.00022919
270,27/09/2016 23:59,0.000227515
271,28/09/2016 23:59,0.000228644
272,29/09/2016 23:59,0.000230549
273,30/09/2016 23:59,0.000234938
274,01/10/2016 23:59,0.000233013
275,02/10/2016 23:59,0.000230258
276,03/10/2016 23:59,0.000233633
277,04/10/2016 23:59,0.000229195
278,05/10/2016 23:59,0.000233063
279,06/10/2016 23:59,0.000223193
280,07/10/2016 23:59,0.00022756
281,08/10/2016 23:59,0.000225428
282,09/10/2016 23:59,0.000227998
283,10/10/2016 23:59,0.000227713
284,11/10/2016 23:59,0.000230159
285,12/10/2016 23:59,0.000225228
286,13/10/2016 23:59,0.000226744
287,14/10/2016 23:59,0.000226615
288,15/10/2016 23:59,0.000224415
289,16/10/2016 23:59,0.000222646
290,17/10/2016 23:59,0.00022088
291,18/10/2016 23:59,0.000221034
292,19/10/2016 23:59,0.000218594
293,20/10/2016 23:59,0.000221065
294,21/10/2016 23:59,0.000218363
295,22/10/2016 23:59,0.000223237
296,23/10/2016 23:59,0.00022137
297,24/10/2016 23:59,0.000218913
298,25/10/2016 23:59,0.000219335
299,26/10/2016 23:59,0.000216089
300,27/10/2016 23:59,0.000217059
301,28/10/2016 23:59,0.000216135
302,29/10/2016 23:59,0.000222918
303,30/10/2016 23:59,0.000223492
304,31/10/2016 23:59,0.000220261
305,01/11/2016 23:59,0.000220988
306,02/11/2016 23:59,0.000220111
307,03/11/2016 23:59,0.000217184
308,04/11/2016 23:59,0.000219455
309,05/11/2016 23:59,0.000222243
310,06/11/2016 23:59,0.000221334
311,07/11/2016 23:59,0.000239014
312,08/11/2016 23:59,0.000229345
313,09/11/2016 23:59,0.000229237
314,10/11/2016 23:59,0.000228178
315,11/11/2016 23:59,0.000226798
316,12/11/2016 23:59,0.000220255
317,13/11/2016 23:59,0.00022547
318,14/11/2016 23:59,0.00022317
319,15/11/2016 23:59,0.000221789
320,16/11/2016 23:59,0.000221047
321,17/11/2016 23:59,0.000223726
322,18/11/2016 23:59,0.000217725
323,19/11/2016 23:59,0.000220254
324,20/11/2016 23:59,0.000218699
325,21/11/2016 23:59,0.000222126
326,22/11/2016 23:59,0.000224213
327,23/11/2016 23:59,0.000218521
328,24/11/2016 23:59,0.000218087
329,25/11/2016 23:59,0.000220455
330,26/11/2016 23:59,0.000218781
331,27/11/2016 23:59,0.00021746
332,28/11/2016 23:59,0.000217786
333,29/11/2016 23:59,0.000216629
334,30/11/2016 23:59,0.000214199
335,01/12/2016 23:59,0.000214374
336,02/12/2016 23:59,0.00021611
337,03/12/2016 23:59,0.000216776
338,04/12/2016 23:59,0.000216634
339,05/12/2016 23:59,0.000214793
340,06/12/2016 23:59,0.000212313
341,07/12/2016 23:59,0.000213961
342,08/12/2016 23:59,0.000214565
343,09/12/2016 23:59,0.000212465
344,10/12/2016 23:59,0.000214709
345,11/12/2016 23:59,0.000223432
346,12/12/2016 23:59,0.00022215
347,13/12/2016 23:59,0.00021553
348,14/12/2016 23:59,0.000217147
349,15/12/2016 23:59,0.000215168
350,16/12/2016 23:59,0.000216894
351,17/12/2016 23:59,0.0002187
352,18/12/2016 23:59,0.000218266
353,19/12/2016 23:59,0.000218057
354,20/12/2016 23:59,0.000219223
355,21/12/2016 23:59,0.000227005
356,22/12/2016 23:59,0.000225239
357,23/12/2016 23:59,0.000236484
358,24/12/2016 23:59,0.000233888
359,25/12/2016 23:59,0.000229963
360,26/12/2016 23:59,0.000233036
361,27/12/2016 23:59,0.000227228
362,28/12/2016 23:59,0.000223304
363,29/12/2016 23:59,0.000228483
364,30/12/2016 23:59,0.000227563
365,31/12/2016 23:59,0.000223466
366,01/01/2017 23:59,0.000227833
367,02/01/2017 23:59,0.00022633
368,03/01/2017 23:59,0.000227103
369,04/01/2017 23:59,0.000236137
370,05/01/2017 23:59,0.000228668
371,06/01/2017 23:59,0.000219526
372,07/01/2017 23:59,0.000220733
373,08/01/2017 23:59,0.000221025
374,09/01/2017 23:59,0.000229016
375,10/01/2017 23:59,0.000226247
376,11/01/2017 23:59,0.000205298
377,12/01/2017 23:59,0.000208379
378,13/01/2017 23:59,0.000208858
379,14/01/2017 23:59,0.000208749
380,15/01/2017 23:59,0.00020611
381,16/01/2017 23:59,0.000207194
382,17/01/2017 23:59,0.000215367
383,18/01/2017 23:59,0.0002078
384,19/01/2017 23:59,0.000210597
385,20/01/2017 23:59,0.000208534
386,21/01/2017 23:59,0.000208298
387,22/01/2017 23:59,0.000207376
388,23/01/2017 23:59,0.000208135
389,24/01/2017 23:59,0.000202261
390,25/01/2017 23:59,0.000203735
391,26/01/2017 23:59,0.00020805
392,27/01/2017 23:59,0.000204315
393,28/01/2017 23:59,0.000209004
394,29/01/2017 23:59,0.000204253
395,30/01/2017 23:59,0.000207922
396,31/01/2017 23:59,0.000205666
397,01/02/2017 23:59,0.000209392
398,02/02/2017 23:59,0.000211405
399,03/02/2017 23:59,0.000213092
400,04/02/2017 23:59,0.000211401
401,05/02/2017 23:59,0.000210912
402,06/02/2017 23:59,0.000214024
403,07/02/2017 23:59,0.00020805
404,08/02/2017 23:59,0.00021065
405,09/02/2017 23:59,0.000204389
406,10/02/2017 23:59,0.000207571
407,11/02/2017 23:59,0.000209768
408,12/02/2017 23:59,0.000208254
409,13/02/2017 23:59,0.000207824
410,14/02/2017 23:59,0.000208628
411,15/02/2017 23:59,0.00020907
412,16/02/2017 23:59,0.000207491
413,17/02/2017 23:59,0.000208676
414,18/02/2017 23:59,0.000196709
415,19/02/2017 23:59,0.000207641
416,20/02/2017 23:59,0.000206816
417,21/02/2017 23:59,0.00020843
418,22/02/2017 23:59,0.000201662
419,23/02/2017 23:59,0.00020757
420,24/02/2017 23:59,0.000207775
421,25/02/2017 23:59,0.000200434
422,26/02/2017 23:59,0.000203079
423,27/02/2017 23:59,0.000208376
424,28/02/2017 23:59,0.000204978
425,01/03/2017 23:59,0.000202775
426,02/03/2017 23:59,0.0002055
427,03/03/2017 23:59,0.000210722
428,04/03/2017 23:59,0.000204514
429,05/03/2017 23:59,0.000206134
430,06/03/2017 23:59,0.000209798
431,07/03/2017 23:59,0.000208639
432,08/03/2017 23:59,0.000207948
433,09/03/2017 23:59,0.000210908
434,10/03/2017 23:59,0.000203927
435,11/03/2017 23:59,0.000211293
436,12/03/2017 23:59,0.000229368
437,13/03/2017 23:59,0.000246985
438,14/03/2017 23:59,0.000237921
439,15/03/2017 23:59,0.000242898
440,16/03/2017 23:59,0.000234935
441,17/03/2017 23:59,0.000223222
442,18/03/2017 23:59,0.000218561
443,19/03/2017 23:59,0.000235076
444,20/03/2017 23:59,0.000236306
445,21/03/2017 23:59,0.00024568
446,22/03/2017 23:59,0.000243432
447,23/03/2017 23:59,0.000242123
448,24/03/2017 23:59,0.000264487
449,25/03/2017 23:59,0.000297549
450,26/03/2017 23:59,0.000272114
451,27/03/2017 23:59,0.000254212
452,28/03/2017 23:59,0.000273136
453,29/03/2017 23:59,0.000272136
454,30/03/2017 23:59,0.000303718
455,31/03/2017 23:59,0.00032812
456,01/04/2017 23:59,0.000335176
457,02/04/2017 23:59,0.000489329
458,03/04/2017 23:59,0.000427101
459,04/04/2017 23:59,0.000432034
460,05/04/2017 23:59,0.000441552
461,06/04/2017 23:59,0.000449836
462,07/04/2017 23:59,0.000398385
463,08/04/2017 23:59,0.000432067
464,09/04/2017 23:59,0.000380584
465,10/04/2017 23:59,0.000399613
466,11/04/2017 23:59,0.00039023
467,12/04/2017 23:59,0.000414131
468,13/04/2017 23:59,0.000424517
469,14/04/2017 23:59,0.000426397
470,15/04/2017 23:59,0.000418244
471,16/04/2017 23:59,0.000453509
472,17/04/2017 23:59,0.000459162
473,18/04/2017 23:59,0.000459319
474,19/04/2017 23:59,0.000447593
475,20/04/2017 23:59,0.000443007
476,21/04/2017 23:59,0.00045149
477,22/04/2017 23:59,0.000463638
478,23/04/2017 23:59,0.000521851
479,24/04/2017 23:59,0.00051489
480,25/04/2017 23:59,0.000527243
481,26/04/2017 23:59,0.000543756
482,27/04/2017 23:59,0.000631937
483,28/04/2017 23:59,0.000677997
484,29/04/2017 23:59,0.000733723
485,30/04/2017 23:59,0.000746315
486,01/05/2017 23:59,0.000686212
487,02/05/2017 23:59,0.000610461
488,03/05/2017 23:59,0.000678308
489,04/05/2017 23:59,0.000744322
490,05/05/2017 23:59,0.000839674
491,06/05/2017 23:59,0.0011694
492,07/05/2017 23:59,0.00130453
493,08/05/2017 23:59,0.00152059
494,09/05/2017 23:59,0.00123879
495,10/05/2017 23:59,0.00123893
496,11/05/2017 23:59,0.00121224
497,12/05/2017 23:59,0.00118332
498,13/05/2017 23:59,0.00118354
499,14/05/2017 23:59,0.00127381
500,15/05/2017 23:59,0.00112801
501,16/05/2017 23:59,0.00105947
502,17/05/2017 23:59,0.00131843
503,18/05/2017 23:59,0.00150837
504,19/05/2017 23:59,0.00151757
505,20/05/2017 23:59,0.00189979
506,21/05/2017 23:59,0.00306166
507,22/05/2017 23:59,0.0034051
508,23/05/2017 23:59,0.00356202
509,24/05/2017 23:59,0.00365906
510,25/05/2017 23:59,0.00299396
511,26/05/2017 23:59,0.00242357
512,27/05/2017 23:59,0.00254114
513,28/05/2017 23:59,0.0025792
514,29/05/2017 23:59,0.00273228
515,30/05/2017 23:59,0.00262329
516,31/05/2017 23:59,0.00265701
517,01/06/2017 23:59,0.00286663
518,02/06/2017 23:59,0.00302616
519,03/06/2017 23:59,0.00325116
520,04/06/2017 23:59,0.00317889
521,05/06/2017 23:59,0.00387282
522,06/06/2017 23:59,0.00374085
523,07/06/2017 23:59,0.00330153
524,08/06/2017 23:59,0.0035745
525,09/06/2017 23:59,0.00345254
526,10/06/2017 23:59,0.00331292
527,11/06/2017 23:59,0.00360125
528,12/06/2017 23:59,0.00325288
529,13/06/2017 23:59,0.00331295
530,14/06/2017 23:59,0.00309163
531,15/06/2017 23:59,0.00304276
532,16/06/2017 23:59,0.00316275
533,17/06/2017 23:59,0.00332246
534,18/06/2017 23:59,0.00322982
535,19/06/2017 23:59,0.00314105
536,20/06/2017 23:59,0.00321813
537,21/06/2017 23:59,0.00312464
538,22/06/2017 23:59,0.00310377
539,23/06/2017 23:59,0.00314277
540,24/06/2017 23:59,0.00313528
541,25/06/2017 23:59,0.00296096
542,26/06/2017 23:59,0.00275014
543,27/06/2017 23:59,0.0026226
544,28/06/2017 23:59,0.00279303
545,29/06/2017 23:59,0.00265579
546,30/06/2017 23:59,0.00260168
547,01/07/2017 23:59,0.00264488
548,02/07/2017 23:59,0.00248057
549,03/07/2017 23:59,0.00253279
550,04/07/2017 23:59,0.00251822
551,05/07/2017 23:59,0.0027135
552,06/07/2017 23:59,0.00263617
553,07/07/2017 23:59,0.00239723
554,08/07/2017 23:59,0.00244039
555,09/07/2017 23:59,0.00233016
556,10/07/2017 23:59,0.00195244
557,11/07/2017 23:59,0.00177886
558,12/07/2017 23:59,0.0019381
559,13/07/2017 23:59,0.00182277
560,14/07/2017 23:59,0.00168127
561,15/07/2017 23:59,0.00148381
562,16/07/2017 23:59,0.00130721
563,17/07/2017 23:59,0.0015197
564,18/07/2017 23:59,0.00186367
565,19/07/2017 23:59,0.00168884
566,20/07/2017 23:59,0.00193452
567,21/07/2017 23:59,0.00193628
568,22/07/2017 23:59,0.00209465
569,23/07/2017 23:59,0.00197241
570,24/07/2017 23:59,0.00197971
571,25/07/2017 23:59,0.00177338
572,26/07/2017 23:59,0.00181014
573,27/07/2017 23:59,0.00185596
574,28/07/2017 23:59,0.0017819
575,29/07/2017 23:59,0.00176831
576,30/07/2017 23:59,0.001719
577,31/07/2017 23:59,0.0017184
578,01/08/2017 23:59,0.00179199
579,02/08/2017 23:59,0.00178833
580,03/08/2017 23:59,0.0017951
581,04/08/2017 23:59,0.00182037
582,05/08/2017 23:59,0.00208731
583,06/08/2017 23:59,0.00190935
584,07/08/2017 23:59,0.00194902
585,08/08/2017 23:59,0.0019611
586,09/08/2017 23:59,0.00193684
587,10/08/2017 23:59,0.00189581
588,11/08/2017 23:59,0.00188013
589,12/08/2017 23:59,0.00185561
590,13/08/2017 23:59,0.00180735
591,14/08/2017 23:59,0.00176245
592,15/08/2017 23:59,0.00173797
593,16/08/2017 23:59,0.00177439
594,17/08/2017 23:59,0.0017103
595,18/08/2017 23:59,0.00167807
596,19/08/2017 23:59,0.00167808
597,20/08/2017 23:59,0.00170717
598,21/08/2017 23:59,0.00171183
599,22/08/2017 23:59,0.00171605
600,23/08/2017 23:59,0.00173174
601,24/08/2017 23:59,0.00181637
602,25/08/2017 23:59,0.00178962
603,26/08/2017 23:59,0.00177784
604,27/08/2017 23:59,0.0017595
605,28/08/2017 23:59,0.00182468
606,29/08/2017 23:59,0.00186691
607,30/08/2017 23:59,0.00210522
608,31/08/2017 23:59,0.00206352
609,01/09/2017 23:59,0.00254337
610,02/09/2017 23:59,0.00222595
611,03/09/2017 23:59,0.00215254
612,04/09/2017 23:59,0.00178611
613,05/09/2017 23:59,0.00190754
614,06/09/2017 23:59,0.00201855
615,07/09/2017 23:59,0.0019275
616,08/09/2017 23:59,0.00159584
617,09/09/2017 23:59,0.00156777
618,10/09/2017 23:59,0.00139481
619,11/09/2017 23:59,0.00146318
620,12/09/2017 23:59,0.00143977
621,13/09/2017 23:59,0.00139819
622,14/09/2017 23:59,0.000853907
623,15/09/2017 23:59,0.000865367
624,16/09/2017 23:59,0.000866827
625,17/09/2017 23:59,0.000852793
626,18/09/2017 23:59,0.000947436
627,19/09/2017 23:59,0.000890381
628,20/09/2017 23:59,0.000862411
629,21/09/2017 23:59,0.000755163
630,22/09/2017 23:59,0.000772038
631,23/09/2017 23:59,0.000953918
632,24/09/2017 23:59,0.000891532
633,25/09/2017 23:59,0.00114061
634,26/09/2017 23:59,0.00115111
635,27/09/2017 23:59,0.00117286
636,28/09/2017 23:59,0.00107998
637,29/09/2017 23:59,0.0010823
638,30/09/2017 23:59,0.00114524
639,01/10/2017 23:59,0.00108362
640,02/10/2017 23:59,0.00108536
641,03/10/2017 23:59,0.00110839
642,04/10/2017 23:59,0.00102438
643,05/10/2017 23:59,0.00100133
644,06/10/2017 23:59,0.00105603
645,07/10/2017 23:59,0.0010661
646,08/10/2017 23:59,0.00105591
647,09/10/2017 23:59,0.000990717
648,10/10/2017 23:59,0.00103568
649,11/10/2017 23:59,0.00104613
650,12/10/2017 23:59,0.00106201
651,13/10/2017 23:59,0.0010658
652,14/10/2017 23:59,0.00110977
653,15/10/2017 23:59,0.00110624
654,16/10/2017 23:59,0.0011641
655,17/10/2017 23:59,0.00106735
656,18/10/2017 23:59,0.00104742
657,19/10/2017 23:59,0.00106352
658,20/10/2017 23:59,0.00105019
659,21/10/2017 23:59,0.00100678
660,22/10/2017 23:59,0.00102286
661,23/10/2017 23:59,0.00101556
662,24/10/2017 23:59,0.00109229
663,25/10/2017 23:59,0.00105571
664,26/10/2017 23:59,0.00105139
665,27/10/2017 23:59,0.00105226
666,28/10/2017 23:59,0.00103718
667,29/10/2017 23:59,0.00117317
668,30/10/2017 23:59,0.00115074
669,31/10/2017 23:59,0.00112424
670,01/11/2017 23:59,0.00113767
671,02/11/2017 23:59,0.00115138
672,03/11/2017 23:59,0.00112086
673,04/11/2017 23:59,0.00118873
674,05/11/2017 23:59,0.00118238
675,06/11/2017 23:59,0.0011536
676,07/11/2017 23:59,0.00117737
677,08/11/2017 23:59,0.00122179
678,09/11/2017 23:59,0.00141503
679,10/11/2017 23:59,0.00116264
680,11/11/2017 23:59,0.00120106
681,12/11/2017 23:59,0.00103801
682,13/11/2017 23:59,0.00121112
683,14/11/2017 23:59,0.0011843
684,15/11/2017 23:59,0.00133873
685,16/11/2017 23:59,0.00139029
686,17/11/2017 23:59,0.0013132
687,18/11/2017 23:59,0.00137289
688,19/11/2017 23:59,0.00137624
689,20/11/2017 23:59,0.00139356
690,21/11/2017 23:59,0.00138909
691,22/11/2017 23:59,0.001823
692,23/11/2017 23:59,0.00189084
693,24/11/2017 23:59,0.00190814
694,25/11/2017 23:59,0.00207169
695,26/11/2017 23:59,0.00202641
696,27/11/2017 23:59,0.00198799
697,28/11/2017 23:59,0.00236254
698,29/11/2017 23:59,0.00208044
699,30/11/2017 23:59,0.00207915
700,01/12/2017 23:59,0.00214804
701,02/12/2017 23:59,0.00214862
702,03/12/2017 23:59,0.00222306
703,04/12/2017 23:59,0.00246346
704,05/12/2017 23:59,0.00247949
705,06/12/2017 23:59,0.00266259
706,07/12/2017 23:59,0.00272014
707,08/12/2017 23:59,0.00277908
708,09/12/2017 23:59,0.00261688
709,10/12/2017 23:59,0.00254668
710,11/12/2017 23:59,0.00279765
711,12/12/2017 23:59,0.0033039
712,13/12/2017 23:59,0.00346082
713,14/12/2017 23:59,0.00370903
714,15/12/2017 23:59,0.00376193
715,16/12/2017 23:59,0.00593329
716,17/12/2017 23:59,0.00598381
717,18/12/2017 23:59,0.00643268
718,19/12/2017 23:59,0.00566597
719,20/12/2017 23:59,0.00666132
720,21/12/2017 23:59,0.00742457
721,22/12/2017 23:59,0.00605373
722,23/12/2017 23:59,0.00725921
723,24/12/2017 23:59,0.00858241
724,25/12/2017 23:59,0.00893078
725,26/12/2017 23:59,0.00941144
726,27/12/2017 23:59,0.00887206
727,28/12/2017 23:59,0.00848576
728,29/12/2017 23:59,0.0093909
729,30/12/2017 23:59,0.00786045
730,31/12/2017 23:59,0.00897159
731,01/01/2018 23:59,0.00890867
732,02/01/2018 23:59,0.00914509
733,03/01/2018 23:59,0.00931969
734,04/01/2018 23:59,0.00964394
735,05/01/2018 23:59,0.0121671
736,06/01/2018 23:59,0.0148629
737,07/01/2018 23:59,0.0170877
738,08/01/2018 23:59,0.015045
739,09/01/2018 23:59,0.0134201
740,10/01/2018 23:59,0.0131021
741,11/01/2018 23:59,0.0114693
742,12/01/2018 23:59,0.0130561
743,13/01/2018 23:59,0.0130234
744,14/01/2018 23:59,0.0116845
745,15/01/2018 23:59,0.00985702
746,16/01/2018 23:59,0.00682216
747,17/01/2018 23:59,0.00764791
748,18/01/2018 23:59,0.00796893
749,19/01/2018 23:59,0.0078706
750,20/01/2018 23:59,0.0084476
751,21/01/2018 23:59,0.00713115
752,22/01/2018 23:59,0.00673356
753,23/01/2018 23:59,0.00667335
754,24/01/2018 23:59,0.00708314
755,25/01/2018 23:59,0.00766664
756,26/01/2018 23:59,0.00723671
757,27/01/2018 23:59,0.00737272
758,28/01/2018 23:59,0.00746456
759,29/01/2018 23:59,0.00696695
760,30/01/2018 23:59,0.00602368
761,31/01/2018 23:59,0.00601021
762,01/02/2018 23:59,0.00502915
763,02/02/2018 23:59,0.00447468
764,03/02/2018 23:59,0.00516412
765,04/02/2018 23:59,0.004399
766,05/02/2018 23:59,0.0035332
767,06/02/2018 23:59,0.00436067
768,07/02/2018 23:59,0.00429693
769,08/02/2018 23:59,0.00456612
770,09/02/2018 23:59,0.00500015
771,10/02/2018 23:59,0.00498946
772,11/02/2018 23:59,0.00495638
773,12/02/2018 23:59,0.0054721
774,13/02/2018 23:59,0.00563752
775,14/02/2018 23:59,0.00673031
776,15/02/2018 23:59,0.00734731
777,16/02/2018 23:59,0.00703369
778,17/02/2018 23:59,0.00704943
779,18/02/2018 23:59,0.00642449
780,19/02/2018 23:59,0.00669667
781,20/02/2018 23:59,0.00709445
782,21/02/2018 23:59,0.00658094
783,22/02/2018 23:59,0.00625877
784,23/02/2018 23:59,0.00664789
785,24/02/2018 23:59,0.00632429
786,25/02/2018 23:59,0.00614236
787,26/02/2018 23:59,0.00633892
788,27/02/2018 23:59,0.00629111
789,28/02/2018 23:59,0.00601827
790,01/03/2018 23:59,0.00621498
791,02/03/2018 23:59,0.00548166
792,03/03/2018 23:59,0.00530079
793,04/03/2018 23:59,0.00550177
794,05/03/2018 23:59,0.00521754
795,06/03/2018 23:59,0.0046102
796,07/03/2018 23:59,0.00402424
797,08/03/2018 23:59,0.00402491
798,09/03/2018 23:59,0.00414573
799,10/03/2018 23:59,0.00397279
800,11/03/2018 23:59,0.00420956
801,12/03/2018 23:59,0.00403156
802,13/03/2018 23:59,0.0039602
803,14/03/2018 23:59,0.00352358
804,15/03/2018 23:59,0.00353589
805,16/03/2018 23:59,0.00351046
806,17/03/2018 23:59,0.00329869
807,18/03/2018 23:59,0.00319022
808,19/03/2018 23:59,0.00344003
809,20/03/2018 23:59,0.00365083
810,21/03/2018 23:59,0.00365858
811,22/03/2018 23:59,0.00352812
812,23/03/2018 23:59,0.00355964
813,24/03/2018 23:59,0.00359024
814,25/03/2018 23:59,0.0035052
815,26/03/2018 23:59,0.00328937
816,27/03/2018 23:59,0.00314489
817,28/03/2018 23:59,0.00314063
818,29/03/2018 23:59,0.00282662
819,30/03/2018 23:59,0.00276308
820,31/03/2018 23:59,0.00281939
821,01/04/2018 23:59,0.00271868
822,02/04/2018 23:59,0.00279722
823,03/04/2018 23:59,0.00297956
824,04/04/2018 23:59,0.00277028
825,05/04/2018 23:59,0.00271357
826,06/04/2018 23:59,0.00267001
827,07/04/2018 23:59,0.00280169
828,08/04/2018 23:59,0.00284274
829,09/04/2018 23:59,0.00276273
830,10/04/2018 23:59,0.00304257
831,11/04/2018 23:59,0.00339641
832,12/04/2018 23:59,0.00379816
833,13/04/2018 23:59,0.00399488
834,14/04/2018 23:59,0.00415049
835,15/04/2018 23:59,0.00457121
836,16/04/2018 23:59,0.00458453
837,17/04/2018 23:59,0.00474354
838,18/04/2018 23:59,0.00541207
839,19/04/2018 23:59,0.00582386
840,20/04/2018 23:59,0.00589264
841,21/04/2018 23:59,0.00541325
842,22/04/2018 23:59,0.00553874
843,23/04/2018 23:59,0.00548175
844,24/04/2018 23:59,0.00580015
845,25/04/2018 23:59,0.00509312
846,26/04/2018 23:59,0.00562661
847,27/04/2018 23:59,0.00542153
848,28/04/2018 23:59,0.00535724
849,29/04/2018 23:59,0.00545907
850,30/04/2018 23:59,0.00521043
851,01/05/2018 23:59,0.00514427
852,02/05/2018 23:59,0.00527289
853,03/05/2018 23:59,0.00564099
854,04/05/2018 23:59,0.00526854
855,05/05/2018 23:59,0.00518045
856,06/05/2018 23:59,0.00496956
857,07/05/2018 23:59,0.00481743
858,08/05/2018 23:59,0.00530308
859,09/05/2018 23:59,0.00509255
860,10/05/2018 23:59,0.0048699
861,11/05/2018 23:59,0.00436158
862,12/05/2018 23:59,0.00447346
863,13/05/2018 23:59,0.00432875
864,14/05/2018 23:59,0.00445996
865,15/05/2018 23:59,0.00451504
866,16/05/2018 23:59,0.00438535
867,17/05/2018 23:59,0.00418828
868,18/05/2018 23:59,0.00401709
869,19/05/2018 23:59,0.00428573
870,20/05/2018 23:59,0.00442274
871,21/05/2018 23:59,0.00427093
872,22/05/2018 23:59,0.00385106
873,23/05/2018 23:59,0.00359065
874,24/05/2018 23:59,0.00349918
875,25/05/2018 23:59,0.00351419
876,26/05/2018 23:59,0.00346258
877,27/05/2018 23:59,0.00342387
878,28/05/2018 23:59,0.00322557
879,29/05/2018 23:59,0.00343657
880,30/05/2018 23:59,0.00335353
881,31/05/2018 23:59,0.00339807
882,01/06/2018 23:59,0.00342321
883,02/06/2018 23:59,0.00355791
884,03/06/2018 23:59,0.0036903
885,04/06/2018 23:59,0.00353221
886,05/06/2018 23:59,0.00365393
887,06/06/2018 23:59,0.00378681
888,07/06/2018 23:59,0.0037318
889,08/06/2018 23:59,0.00365863
890,09/06/2018 23:59,0.00359336
891,10/06/2018 23:59,0.00318239
892,11/06/2018 23:59,0.00323423
893,12/06/2018 23:59,0.0030892
894,13/06/2018 23:59,0.00281681
895,14/06/2018 23:59,0.00294403
896,15/06/2018 23:59,0.00290099
897,16/06/2018 23:59,0.0028948
898,17/06/2018 23:59,0.00287259
899,18/06/2018 23:59,0.0030275
900,19/06/2018 23:59,0.00303335
901,20/06/2018 23:59,0.00302053
902,21/06/2018 23:59,0.00298777
903,22/06/2018 23:59,0.00266752
904,23/06/2018 23:59,0.00264083
905,24/06/2018 23:59,0.00250983
906,25/06/2018 23:59,0.00248536
907,26/06/2018 23:59,0.00247793
908,27/06/2018 23:59,0.0024373
909,28/06/2018 23:59,0.00235693
910,29/06/2018 23:59,0.00242718
911,30/06/2018 23:59,0.00249923
912,01/07/2018 23:59,0.00248919
913,02/07/2018 23:59,0.00270315
914,03/07/2018 23:59,0.00263802
915,04/07/2018 23:59,0.00268017
916,05/07/2018 23:59,0.00259902
917,06/07/2018 23:59,0.00259658
918,07/07/2018 23:59,0.00264463
919,08/07/2018 23:59,0.00261058
920,09/07/2018 23:59,0.00260345
921,10/07/2018 23:59,0.00241148
922,11/07/2018 23:59,0.00242506
923,12/07/2018 23:59,0.00230609
924,13/07/2018 23:59,0.0023325
925,14/07/2018 23:59,0.00236192
926,15/07/2018 23:59,0.00238017
927,16/07/2018 23:59,0.00285449
928,17/07/2018 23:59,0.00322786
929,18/07/2018 23:59,0.00371242
930,19/07/2018 23:59,0.00384387
931,20/07/2018 23:59,0.00341
932,21/07/2018 23:59,0.00327003
933,22/07/2018 23:59,0.00345813
934,23/07/2018 23:59,0.003431
935,24/07/2018 23:59,0.00361951
936,25/07/2018 23:59,0.00354272
937,26/07/2018 23:59,0.00339319
938,27/07/2018 23:59,0.00341764
939,28/07/2018 23:59,0.00339993
940,29/07/2018 23:59,0.0033072
941,30/07/2018 23:59,0.00327264
942,31/07/2018 23:59,0.00294472
943,01/08/2018 23:59,0.0031595
944,02/08/2018 23:59,0.00294594
945,03/08/2018 23:59,0.00291776
946,04/08/2018 23:59,0.00274521
947,05/08/2018 23:59,0.00283718
948,06/08/2018 23:59,0.00277911
949,07/08/2018 23:59,0.00267104
950,08/08/2018 23:59,0.00241452
951,09/08/2018 23:59,0.00255543
952,10/08/2018 23:59,0.00239205
953,11/08/2018 23:59,0.0024036
954,12/08/2018 23:59,0.00240418
955,13/08/2018 23:59,0.0023314
956,14/08/2018 23:59,0.00226024
957,15/08/2018 23:59,0.0023033
958,16/08/2018 23:59,0.00229167
959,17/08/2018 23:59,0.00245482
960,18/08/2018 23:59,0.00239422
961,19/08/2018 23:59,0.00247337
962,20/08/2018 23:59,0.00236862
963,21/08/2018 23:59,0.00242446
964,22/08/2018 23:59,0.00231455
965,23/08/2018 23:59,0.00238532
966,24/08/2018 23:59,0.00242611
967,25/08/2018 23:59,0.00237016
968,26/08/2018 23:59,0.00240447
969,27/08/2018 23:59,0.00246184
970,28/08/2018 23:59,0.00260682
971,29/08/2018 23:59,0.00260555
972,30/08/2018 23:59,0.00320647
973,31/08/2018 23:59,0.00479385
974,01/09/2018 23:59,0.00627772
975,02/09/2018 23:59,0.00499909
976,03/09/2018 23:59,0.00526648
977,04/09/2018 23:59,0.00526867
978,05/09/2018 23:59,0.00493072
979,06/09/2018 23:59,0.00500963
980,07/09/2018 23:59,0.00530727
981,08/09/2018 23:59,0.00569173
982,09/09/2018 23:59,0.00582892
983,10/09/2018 23:59,0.00689239
984,11/09/2018 23:59,0.00632889
985,12/09/2018 23:59,0.00645539
986,13/09/2018 23:59,0.0065544
987,14/09/2018 23:59,0.00617982
988,15/09/2018 23:59,0.00616527
989,16/09/2018 23:59,0.006531
990,17/09/2018 23:59,0.0062427
991,18/09/2018 23:59,0.00598073
992,19/09/2018 23:59,0.00560898
993,20/09/2018 23:59,0.00569495
994,21/09/2018 23:59,0.00568382
995,22/09/2018 23:59,0.00575805
996,23/09/2018 23:59,0.00590092
997,24/09/2018 23:59,0.00567737
998,25/09/2018 23:59,0.00568552
999,26/09/2018 23:59,0.0056946
1000,27/09/2018 23:59,0.00587883
1001,28/09/2018 23:59,0.00583053
1002,29/09/2018 23:59,0.00586455
1003,30/09/2018 23:59,0.00590575
1004,01/10/2018 23:59,0.00594179
1005,02/10/2018 23:59,0.00582375
1006,03/10/2018 23:59,0.00570408
1007,04/10/2018 23:59,0.00564533
1008,05/10/2018 23:59,0.00566891
1009,06/10/2018 23:59,0.00554499
1010,07/10/2018 23:59,0.00556225
1011,08/10/2018 23:59,0.00557827
1012,09/10/2018 23:59,0.00563504
1013,10/10/2018 23:59,0.00555174
1014,11/10/2018 23:59,0.00500047
1015,12/10/2018 23:59,0.00524696
1016,13/10/2018 23:59,0.00518179
1017,14/10/2018 23:59,0.00515825
1018,15/10/2018 23:59,0.00521787
1019,16/10/2018 23:59,0.00501733
1020,17/10/2018 23:59,0.00459894
1021,18/10/2018 23:59,0.00438605
1022,19/10/2018 23:59,0.0044702
1023,20/10/2018 23:59,0.00455143
1024,21/10/2018 23:59,0.00451735
1025,22/10/2018 23:59,0.00436553
1026,23/10/2018 23:59,0.00417165
1027,24/10/2018 23:59,0.00391134
1028,25/10/2018 23:59,0.00371707
1029,26/10/2018 23:59,0.00398446
1030,27/10/2018 23:59,0.00419472
1031,28/10/2018 23:59,0.00406299
1032,29/10/2018 23:59,0.0038474
1033,30/10/2018 23:59,0.00385037
1034,31/10/2018 23:59,0.00376395
1035,01/11/2018 23:59,0.00377677
1036,02/11/2018 23:59,0.00377341
1037,03/11/2018 23:59,0.00373344
1038,04/11/2018 23:59,0.00367579
1039,05/11/2018 23:59,0.00362222
1040,06/11/2018 23:59,0.00369623
1041,07/11/2018 23:59,0.00363745
1042,08/11/2018 23:59,0.00338379
1043,09/11/2018 23:59,0.00314006
1044,10/11/2018 23:59,0.00328455
1045,11/11/2018 23:59,0.00316168
1046,12/11/2018 23:59,0.00306442
1047,13/11/2018 23:59,0.00294538
1048,14/11/2018 23:59,0.00269543
1049,15/11/2018 23:59,0.00280036
1050,16/11/2018 23:59,0.00274601
1051,17/11/2018 23:59,0.00259499
1052,18/11/2018 23:59,0.00264321
1053,19/11/2018 23:59,0.00241767
1054,20/11/2018 23:59,0.00225447
1055,21/11/2018 23:59,0.00244797
1056,22/11/2018 23:59,0.00241199
1057,23/11/2018 23:59,0.00236068
1058,24/11/2018 23:59,0.00222408
1059,25/11/2018 23:59,0.00221991
1060,26/11/2018 23:59,0.0020985
1061,27/11/2018 23:59,0.00208684
1062,28/11/2018 23:59,0.00224621
1063,29/11/2018 23:59,0.00224096
1064,30/11/2018 23:59,0.002164732
1065,01/12/2018 23:59,0.002249974
1066,02/12/2018 23:59,0.002245741
1067,03/12/2018 23:59,0.002371316
1068,04/12/2018 23:59,0.002195827
1069,05/12/2018 23:59,0.002180246
1070,06/12/2018 23:59,0.002097142
1071,07/12/2018 23:59,0.002104043
1072,08/12/2018 23:59,0.002120157
1073,09/12/2018 23:59,0.002102099
1074,10/12/2018 23:59,0.002099965
1075,11/12/2018 23:59,0.002088297
1076,12/12/2018 23:59,0.002110977
1077,13/12/2018 23:59,0.002065276
1078,14/12/2018 23:59,0.002070136
1079,15/12/2018 23:59,0.00211345
1080,16/12/2018 23:59,0.002125406
1081,17/12/2018 23:59,0.002533344
1082,18/12/2018 23:59,0.002683647
1083,19/12/2018 23:59,0.002719619
1084,20/12/2018 23:59,0.002731313
1085,21/12/2018 23:59,0.002544659
1086,22/12/2018 23:59,0.002502022
1087,23/12/2018 23:59,0.002542286
1088,24/12/2018 23:59,0.002540217
1089,25/12/2018 23:59,0.002404128
1090,26/12/2018 23:59,0.00247399
1091,27/12/2018 23:59,0.002363812
1092,28/12/2018 23:59,0.002434053
1093,29/12/2018 23:59,0.002403306
1094,30/12/2018 23:59,0.002367419
1095,31/12/2018 23:59,0.002345532
1096,01/01/2019 23:59,0.002392124
1097,02/01/2019 23:59,0.002406537
1098,03/01/2019 23:59,0.002359584
1099,04/01/2019 23:59,0.00231525
1100,05/01/2019 23:59,0.002319239
1101,06/01/2019 23:59,0.002327971
1102,07/01/2019 23:59,0.002284903
1103,08/01/2019 23:59,0.002275795
1104,09/01/2019 23:59,0.00226599
1105,10/01/2019 23:59,0.00213199
1106,11/01/2019 23:59,0.002128776
1107,12/01/2019 23:59,0.00214828
1108,13/01/2019 23:59,0.002094143
1109,14/01/2019 23:59,0.002182836
1110,15/01/2019 23:59,0.002110505
1111,16/01/2019 23:59,0.002137504
1112,17/01/2019 23:59,0.00209371
1113,18/01/2019 23:59,0.002106239
1114,19/01/2019 23:59,0.002153473
1115,20/01/2019 23:59,0.00211879
1116,21/01/2019 23:59,0.00210068
1117,22/01/2019 23:59,0.002057152
1118,23/01/2019 23:59,0.002042895
1119,24/01/2019 23:59,0.002038996
1120,25/01/2019 23:59,0.002118068
1121,26/01/2019 23:59,0.002082593
1122,27/01/2019 23:59,0.002027472
1123,28/01/2019 23:59,0.00194356
1124,29/01/2019 23:59,0.001927119
1125,30/01/2019 23:59,0.001961194
1126,31/01/2019 23:59,0.001924973
1127,01/02/2019 23:59,0.001916488
1128,02/02/2019 23:59,0.001935763
1129,03/02/2019 23:59,0.001903684
1130,04/02/2019 23:59,0.001895806
1131,05/02/2019 23:59,0.001887686
1132,06/02/2019 23:59,0.001865502
1133,07/02/2019 23:59,0.001844901
1134,08/02/2019 23:59,0.001956328
1135,09/02/2019 23:59,0.001949337
1136,10/02/2019 23:59,0.00194565
1137,11/02/2019 23:59,0.00190551
1138,12/02/2019 23:59,0.001894033
1139,13/02/2019 23:59,0.001893444
1140,14/02/2019 23:59,0.001896793
1141,15/02/2019 23:59,0.001907527
1142,16/02/2019 23:59,0.001924013
1143,17/02/2019 23:59,0.001992439
1144,18/02/2019 23:59,0.002113689
1145,19/02/2019 23:59,0.002067297
1146,20/02/2019 23:59,0.002078962
1147,21/02/2019 23:59,0.002028275
1148,22/02/2019 23:59,0.002055924
1149,23/02/2019 23:59,0.002083464
1150,24/02/2019 23:59,0.001973565
1151,25/02/2019 23:59,0.002029873
1152,26/02/2019 23:59,0.002022785
1153,27/02/2019 23:59,0.002018705
1154,28/02/2019 23:59,0.001976109
1155,01/03/2019 23:59,0.00199449
1156,02/03/2019 23:59,0.00200268
1157,03/03/2019 23:59,0.001999317
1158,04/03/2019 23:59,0.001982248
1159,05/03/2019 23:59,0.001985271
1160,06/03/2019 23:59,0.001982953
1161,07/03/2019 23:59,0.001990891
1162,08/03/2019 23:59,0.001980281
1163,09/03/2019 23:59,0.001998116
1164,10/03/2019 23:59,0.001998967
1165,11/03/2019 23:59,0.001965716
1166,12/03/2019 23:59,0.002011705
1167,13/03/2019 23:59,0.002025127
1168,14/03/2019 23:59,0.002038851
1169,15/03/2019 23:59,0.002048304
1170,16/03/2019 23:59,0.002077495
1171,17/03/2019 23:59,0.002080812
1172,18/03/2019 23:59,0.002083029
1173,19/03/2019 23:59,0.002091069
1174,20/03/2019 23:59,0.002060782
1175,21/03/2019 23:59,0.002053635
1176,22/03/2019 23:59,0.002052297
1177,23/03/2019 23:59,0.002064184
1178,24/03/2019 23:59,0.00205367
1179,25/03/2019 23:59,0.002043394
1180,26/03/2019 23:59,0.002053978
1181,27/03/2019 23:59,0.002084979
1182,28/03/2019 23:59,0.002073671
1183,29/03/2019 23:59,0.002087465
1184,30/03/2019 23:59,0.002080473
1185,31/03/2019 23:59,0.002080471
1186,01/04/2019 23:59,0.002461133
1187,02/04/2019 23:59,0.002794824
1188,03/04/2019 23:59,0.003164354
1189,04/04/2019 23:59,0.003697016
1190,05/04/2019 23:59,0.003589633
1191,06/04/2019 23:59,0.003439002
1192,07/04/2019 23:59,0.00341757
1193,08/04/2019 23:59,0.003044549
1194,09/04/2019 23:59,0.002883921
1195,10/04/2019 23:59,0.003021499
1196,11/04/2019 23:59,0.002789188
1197,12/04/2019 23:59,0.002855556
1198,13/04/2019 23:59,0.002872341
1199,14/04/2019 23:59,0.002881953
1200,15/04/2019 23:59,0.002789931
1201,16/04/2019 23:59,0.002835008
1202,17/04/2019 23:59,0.002809786
1203,18/04/2019 23:59,0.002945788
1204,19/04/2019 23:59,0.002892813
1205,20/04/2019 23:59,0.002901858
1206,21/04/2019 23:59,0.002759581
1207,22/04/2019 23:59,0.002798097
1208,23/04/2019 23:59,0.002772467
1209,24/04/2019 23:59,0.002599104
1210,25/04/2019 23:59,0.002505726
1211,26/04/2019 23:59,0.002519433
1212,27/04/2019 23:59,0.002516163
1213,28/04/2019 23:59,0.002531296
1214,29/04/2019 23:59,0.00246641
1215,30/04/2019 23:59,0.002512727
1216,01/05/2019 23:59,0.002521208
1217,02/05/2019 23:59,0.002611397
1218,03/05/2019 23:59,0.002720728
1219,04/05/2019 23:59,0.0026796
1220,05/05/2019 23:59,0.002652885
1221,06/05/2019 23:59,0.002542117
1222,07/05/2019 23:59,0.002536462
1223,08/05/2019 23:59,0.002536867
1224,09/05/2019 23:59,0.002499691
1225,10/05/2019 23:59,0.002521581
1226,11/05/2019 23:59,0.002753905
1227,12/05/2019 23:59,0.002665323
1228,13/05/2019 23:59,0.002755881
1229,14/05/2019 23:59,0.003067849
1230,15/05/2019 23:59,0.003308009
1231,16/05/2019 23:59,0.00316822
1232,17/05/2019 23:59,0.002962228
1233,18/05/2019 23:59,0.003005426
1234,19/05/2019 23:59,0.003178443
1235,20/05/2019 23:59,0.003041208
1236,21/05/2019 23:59,0.003086417
1237,22/05/2019 23:59,0.002938646
1238,23/05/2019 23:59,0.002960888
1239,24/05/2019 23:59,0.002994594
1240,25/05/2019 23:59,0.002990728
1241,26/05/2019 23:59,0.003092492
1242,27/05/2019 23:59,0.003140939
1243,28/05/2019 23:59,0.003148245
1244,29/05/2019 23:59,0.003127027
1245,30/05/2019 23:59,0.003258309
1246,31/05/2019 23:59,0.003441123
1247,01/06/2019 23:59,0.0034189
1248,02/06/2019 23:59,0.003397616
1249,03/06/2019 23:59,0.003198058
1250,04/06/2019 23:59,0.003041545
1251,05/06/2019 23:59,0.003070357
1252,06/06/2019 23:59,0.003086919
1253,07/06/2019 23:59,0.003110406
1254,08/06/2019 23:59,0.003084025
1255,09/06/2019 23:59,0.003011825
1256,10/06/2019 23:59,0.003090856
1257,11/06/2019 23:59,0.003057733
1258,12/06/2019 23:59,0.003066921
1259,13/06/2019 23:59,0.003074462
1260,14/06/2019 23:59,0.003124335
1261,15/06/2019 23:59,0.003157242
1262,16/06/2019 23:59,0.003186286
1263,17/06/2019 23:59,0.003190308
1264,18/06/2019 23:59,0.003125074
1265,19/06/2019 23:59,0.0031296
1266,20/06/2019 23:59,0.003160552
1267,21/06/2019 23:59,0.0032227
1268,22/06/2019 23:59,0.003279224
1269,23/06/2019 23:59,0.00330447
1270,24/06/2019 23:59,0.003368128
1271,25/06/2019 23:59,0.00339245
1272,26/06/2019 23:59,0.003379237
1273,27/06/2019 23:59,0.003329161
1274,28/06/2019 23:59,0.003489547
1275,29/06/2019 23:59,0.003405002
1276,30/06/2019 23:59,0.003257794
1277,01/07/2019 23:59,0.003237828
1278,02/07/2019 23:59,0.003203602
1279,03/07/2019 23:59,0.003313087
1280,04/07/2019 23:59,0.003228523
1281,05/07/2019 23:59,0.003866596
1282,06/07/2019 23:59,0.003546624
1283,07/07/2019 23:59,0.003633287
1284,08/07/2019 23:59,0.003558725
1285,09/07/2019 23:59,0.003549051
1286,10/07/2019 23:59,0.003423821
1287,11/07/2019 23:59,0.003242823
1288,12/07/2019 23:59,0.003340073
1289,13/07/2019 23:59,0.003248725
1290,14/07/2019 23:59,0.003014007
1291,15/07/2019 23:59,0.003092053
1292,16/07/2019 23:59,0.002824908
1293,17/07/2019 23:59,0.003030224
1294,18/07/2019 23:59,0.003121291
1295,19/07/2019 23:59,0.003058811
1296,20/07/2019 23:59,0.003118035
1297,21/07/2019 23:59,0.003075687
1298,22/07/2019 23:59,0.00299675
1299,23/07/2019 23:59,0.002880321
1300,24/07/2019 23:59,0.002915478
1301,25/07/2019 23:59,0.00292124
1302,26/07/2019 23:59,0.00292068
1303,27/07/2019 23:59,0.002822755
1304,28/07/2019 23:59,0.002859395
1305,29/07/2019 23:59,0.002840236
1306,30/07/2019 23:59,0.00281747
1307,31/07/2019 23:59,0.002899415
1308,01/08/2019 23:59,0.002957387
1309,02/08/2019 23:59,0.002908864
1310,03/08/2019 23:59,0.00291222
1311,04/08/2019 23:59,0.002938475
1312,05/08/2019 23:59,0.003087282
1313,06/08/2019 23:59,0.002950302
1314,07/08/2019 23:59,0.00300593
1315,08/08/2019 23:59,0.00292822
1316,09/08/2019 23:59,0.002904363
1317,10/08/2019 23:59,0.002842325
1318,11/08/2019 23:59,0.002898048
1319,12/08/2019 23:59,0.00288002
1320,13/08/2019 23:59,0.002824822
1321,14/08/2019 23:59,0.002721674
1322,15/08/2019 23:59,0.00263975
1323,16/08/2019 23:59,0.002680611
1324,17/08/2019 23:59,0.00264584
1325,18/08/2019 23:59,0.002722534
1326,19/08/2019 23:59,0.002797211
1327,20/08/2019 23:59,0.002763389
1328,21/08/2019 23:59,0.002674615
1329,22/08/2019 23:59,0.002700257
1330,23/08/2019 23:59,0.002713455
1331,24/08/2019 23:59,0.002661332
1332,25/08/2019 23:59,0.002662139
1333,26/08/2019 23:59,0.002679492
1334,27/08/2019 23:59,0.002620192
1335,28/08/2019 23:59,0.002523663
1336,29/08/2019 23:59,0.002449575
1337,30/08/2019 23:59,0.002481694
1338,31/08/2019 23:59,0.002511363
1339,01/09/2019 23:59,0.002491646
1340,02/09/2019 23:59,0.002595687
1341,03/09/2019 23:59,0.002595299
1342,04/09/2019 23:59,0.00268967
1343,05/09/2019 23:59,0.002531192
1344,06/09/2019 23:59,0.002509403
1345,07/09/2019 23:59,0.002515364
1346,08/09/2019 23:59,0.002501413
1347,09/09/2019 23:59,0.002461195
1348,10/09/2019 23:59,0.002436889
1349,11/09/2019 23:59,0.002398682
1350,12/09/2019 23:59,0.00242502
1351,13/09/2019 23:59,0.002425617
1352,14/09/2019 23:59,0.002440514
1353,15/09/2019 23:59,0.002460421
1354,16/09/2019 23:59,0.0024552
1355,17/09/2019 23:59,0.002608043
1356,18/09/2019 23:59,0.002718554
1357,19/09/2019 23:59,0.002709277
1358,20/09/2019 23:59,0.002672465
1359,21/09/2019 23:59,0.002586048
1360,22/09/2019 23:59,0.002592257
1361,23/09/2019 23:59,0.002485967
1362,24/09/2019 23:59,0.002227518
1363,25/09/2019 23:59,0.002196848
1364,26/09/2019 23:59,0.002155092
1365,27/09/2019 23:59,0.0022206
1366,28/09/2019 23:59,0.002234104
1367,29/09/2019 23:59,0.002223251
1368,30/09/2019 23:59,0.002387322
1369,01/10/2019 23:59,0.002388082
1370,02/10/2019 23:59,0.002351437
1371,03/10/2019 23:59,0.002324658
1372,04/10/2019 23:59,0.002359905
1373,05/10/2019 23:59,0.00232235
1374,06/10/2019 23:59,0.002346417
1375,07/10/2019 23:59,0.002390458
1376,08/10/2019 23:59,0.002345913
1377,09/10/2019 23:59,0.002387871
1378,10/10/2019 23:59,0.002331865
1379,11/10/2019 23:59,0.002344927
1380,12/10/2019 23:59,0.002339942
1381,13/10/2019 23:59,0.002447499
1382,14/10/2019 23:59,0.002545436
1383,15/10/2019 23:59,0.002509572
1384,16/10/2019 23:59,0.002607458
1385,17/10/2019 23:59,0.002754888
1386,18/10/2019 23:59,0.002705999
1387,19/10/2019 23:59,0.002742668
1388,20/10/2019 23:59,0.002730484
1389,21/10/2019 23:59,0.002774292
1390,22/10/2019 23:59,0.002565497
1391,23/10/2019 23:59,0.002494879
1392,24/10/2019 23:59,0.002538342
1393,25/10/2019 23:59,0.002683616
1394,26/10/2019 23:59,0.002621564
1395,27/10/2019 23:59,0.002653813
1396,28/10/2019 23:59,0.002646243
1397,29/10/2019 23:59,0.002654718
1398,30/10/2019 23:59,0.00261642
1399,31/10/2019 23:59,0.002615458
1400,01/11/2019 23:59,0.002630308
1401,02/11/2019 23:59,0.002627019
1402,03/11/2019 23:59,0.002636502
1403,04/11/2019 23:59,0.002613606
1404,05/11/2019 23:59,0.002623717
1405,06/11/2019 23:59,0.002628042
1406,07/11/2019 23:59,0.002725448
1407,08/11/2019 23:59,0.002652908
1408,09/11/2019 23:59,0.002712865
1409,10/11/2019 23:59,0.002774986
1410,11/11/2019 23:59,0.002714828
1411,12/11/2019 23:59,0.002725011
1412,13/11/2019 23:59,0.002697541
1413,14/11/2019 23:59,0.002680236
1414,15/11/2019 23:59,0.002656632
1415,16/11/2019 23:59,0.002669302
1416,17/11/2019 23:59,0.002647939
1417,18/11/2019 23:59,0.002576238
1418,19/11/2019 23:59,0.002548042
1419,20/11/2019 23:59,0.002556332
1420,21/11/2019 23:59,0.002425991
1421,22/11/2019 23:59,0.002362113
1422,23/11/2019 23:59,0.002504641
1423,24/11/2019 23:59,0.002365494
1424,25/11/2019 23:59,0.002286089
1425,26/11/2019 23:59,0.002291157
1426,27/11/2019 23:59,0.002338855
1427,28/11/2019 23:59,0.002312993
1428,29/11/2019 23:59,0.002456176
1429,30/11/2019 23:59,0.00231969
1430,01/12/2019 23:59,0.002291853
1431,02/12/2019 23:59,0.002234858
1432,03/12/2019 23:59,0.002217087
1433,04/12/2019 23:59,0.002208216
1434,05/12/2019 23:59,0.002222959
1435,06/12/2019 23:59,0.002226017
1436,07/12/2019 23:59,0.002230334
1437,08/12/2019 23:59,0.002237696
1438,09/12/2019 23:59,0.002207982
1439,10/12/2019 23:59,0.002203739
1440,11/12/2019 23:59,0.002184637
1441,12/12/2019 23:59,0.002187959
1442,13/12/2019 23:59,0.002174952
1443,14/12/2019 23:59,0.002169691
1444,15/12/2019 23:59,0.002153769
1445,16/12/2019 23:59,0.002120576
1446,17/12/2019 23:59,0.002017735
1447,18/12/2019 23:59,0.002182939
1448,19/12/2019 23:59,0.002123308
1449,20/12/2019 23:59,0.002074712
1450,21/12/2019 23:59,0.0020837
1451,22/12/2019 23:59,0.002115183
1452,23/12/2019 23:59,0.00207284
1453,24/12/2019 23:59,0.002072777
1454,25/12/2019 23:59,0.002088424
1455,26/12/2019 23:59,0.002057631
1456,27/12/2019 23:59,0.002052555
1457,28/12/2019 23:59,0.002064249
1458,29/12/2019 23:59,0.002068242
1459,30/12/2019 23:59,0.00205447
1460,31/12/2019 23:59,0.002028363
1461,01/01/2020 23:59,0.002032614
1462,02/01/2020 23:59,0.002008643
1463,03/01/2020 23:59,0.002145376
1464,04/01/2020 23:59,0.002241144
1465,05/01/2020 23:59,0.002419075
1466,06/01/2020 23:59,0.002462966
1467,07/01/2020 23:59,0.002432763
1468,08/01/2020 23:59,0.002292894
1469,09/01/2020 23:59,0.002256095
1470,10/01/2020 23:59,0.002355722
1471,11/01/2020 23:59,0.002313559
1472,12/01/2020 23:59,0.002380681
1473,13/01/2020 23:59,0.002357752
1474,14/01/2020 23:59,0.002470019
1475,15/01/2020 23:59,0.002368673
1476,16/01/2020 23:59,0.002344843
1477,17/01/2020 23:59,0.002489898
1478,18/01/2020 23:59,0.002507053
1479,19/01/2020 23:59,0.002405036
1480,20/01/2020 23:59,0.002374056
1481,21/01/2020 23:59,0.00237643
1482,22/01/2020 23:59,0.002323446
1483,23/01/2020 23:59,0.002267636
1484,24/01/2020 23:59,0.002275864
1485,25/01/2020 23:59,0.002257336
1486,26/01/2020 23:59,0.002304631
1487,27/01/2020 23:59,0.002367672
1488,28/01/2020 23:59,0.002449574
1489,29/01/2020 23:59,0.002389703
1490,30/01/2020 23:59,0.002440406
1491,31/01/2020 23:59,0.002393568
1492,01/02/2020 23:59,0.00242204
1493,02/02/2020 23:59,0.002468476
1494,03/02/2020 23:59,0.002439852
1495,04/02/2020 23:59,0.002503301
1496,05/02/2020 23:59,0.002581992
1497,06/02/2020 23:59,0.002653085
1498,07/02/2020 23:59,0.002768733
1499,08/02/2020 23:59,0.003158599
1500,09/02/2020 23:59,0.003232262
1501,10/02/2020 23:59,0.002986307
1502,11/02/2020 23:59,0.003040721
1503,12/02/2020 23:59,0.003092775
1504,13/02/2020 23:59,0.003025894
1505,14/02/2020 23:59,0.003129847
1506,15/02/2020 23:59,0.00291957
1507,16/02/2020 23:59,0.002774344
1508,17/02/2020 23:59,0.002712306
1509,18/02/2020 23:59,0.002839305
1510,19/02/2020 23:59,0.002624076
1511,20/02/2020 23:59,0.002658767
1512,21/02/2020 23:59,0.002648282
1513,22/02/2020 23:59,0.002601417
1514,23/02/2020 23:59,0.002680245
1515,24/02/2020 23:59,0.002589575
1516,25/02/2020 23:59,0.002476182
1517,26/02/2020 23:59,0.002339206
1518,27/02/2020 23:59,0.002323815
1519,28/02/2020 23:59,0.002288663
1520,29/02/2020 23:59,0.002234765
1521,01/03/2020 23:59,0.002274739
1522,02/03/2020 23:59,0.002348606
1523,03/03/2020 23:59,0.00249926
1524,04/03/2020 23:59,0.002398018
1525,05/03/2020 23:59,0.002505808
1526,06/03/2020 23:59,0.002495689
1527,07/03/2020 23:59,0.002404551
1528,08/03/2020 23:59,0.002186929
1529,09/03/2020 23:59,0.002214386
1530,10/03/2020 23:59,0.00220657
1531,11/03/2020 23:59,0.00218362
1532,12/03/2020 23:59,0.001537197
1533,13/03/2020 23:59,0.001737828
1534,14/03/2020 23:59,0.001665741
1535,15/03/2020 23:59,0.001685257
1536,16/03/2020 23:59,0.001587194
1537,17/03/2020 23:59,0.001587378
1538,18/03/2020 23:59,0.001565583
1539,19/03/2020 23:59,0.001773246
1540,20/03/2020 23:59,0.001772574
1541,21/03/2020 23:59,0.001784542
1542,22/03/2020 23:59,0.001730896
1543,23/03/2020 23:59,0.001804578
1544,24/03/2020 23:59,0.001850777
1545,25/03/2020 23:59,0.001833944
1546,26/03/2020 23:59,0.001841567
1547,27/03/2020 23:59,0.001807071
1548,28/03/2020 23:59,0.001777816
1549,29/03/2020 23:59,0.001723252
1550,30/03/2020 23:59,0.001831039
1551,31/03/2020 23:59,0.001810937
1552,01/04/2020 23:59,0.001866659
1553,02/04/2020 23:59,0.00188209
1554,03/04/2020 23:59,0.001853061
1555,04/04/2020 23:59,0.001880419
1556,05/04/2020 23:59,0.001865086
1557,06/04/2020 23:59,0.001980099
1558,07/04/2020 23:59,0.001997306
1559,08/04/2020 23:59,0.0020118
1560,09/04/2020 23:59,0.002021473
1561,10/04/2020 23:59,0.001968189
1562,11/04/2020 23:59,0.001989686
1563,12/04/2020 23:59,0.001990097
1564,13/04/2020 23:59,0.001958876
1565,14/04/2020 23:59,0.001964467
1566,15/04/2020 23:59,0.001940491
1567,16/04/2020 23:59,0.002027667
1568,17/04/2020 23:59,0.002013174
1569,18/04/2020 23:59,0.002060898
1570,19/04/2020 23:59,0.002058282
1571,20/04/2020 23:59,0.001982187
1572,21/04/2020 23:59,0.001971493
1573,22/04/2020 23:59,0.002010761
1574,23/04/2020 23:59,0.002047119
1575,24/04/2020 23:59,0.00210275
1576,25/04/2020 23:59,0.00214152
1577,26/04/2020 23:59,0.002409088
1578,27/04/2020 23:59,0.002354876
1579,28/04/2020 23:59,0.002338884
1580,29/04/2020 23:59,0.00251711
1581,30/04/2020 23:59,0.002442857
1582,01/05/2020 23:59,0.002493909
1583,02/05/2020 23:59,0.002549353
1584,03/05/2020 23:59,0.002510334
1585,04/05/2020 23:59,0.002481123
1586,05/05/2020 23:59,0.002484344
1587,06/05/2020 23:59,0.002529206
1588,07/05/2020 23:59,0.002663812
1589,08/05/2020 23:59,0.002625072
1590,09/05/2020 23:59,0.00261327
1591,10/05/2020 23:59,0.002459432
1592,11/05/2020 23:59,0.002412809
1593,12/05/2020 23:59,0.002462935
1594,13/05/2020 23:59,0.002521013
1595,14/05/2020 23:59,0.002574186
1596,15/05/2020 23:59,0.002505799
1597,16/05/2020 23:59,0.002512559
1598,17/05/2020 23:59,0.002538118
1599,18/05/2020 23:59,0.002543403
1600,19/05/2020 23:59,0.002538296
1601,20/05/2020 23:59,0.002507886
1602,21/05/2020 23:59,0.002485169
1603,22/05/2020 23:59,0.002533057
1604,23/05/2020 23:59,0.002543928
1605,24/05/2020 23:59,0.002457832
1606,25/05/2020 23:59,0.002540116
1607,26/05/2020 23:59,0.002486398
1608,27/05/2020 23:59,0.002510132
1609,28/05/2020 23:59,0.002523576
1610,29/05/2020 23:59,0.002532307
1611,30/05/2020 23:59,0.002615175
1612,31/05/2020 23:59,0.002554573
1613,01/06/2020 23:59,0.002646716
1614,02/06/2020 23:59,0.002561239
1615,03/06/2020 23:59,0.002582592
1616,04/06/2020 23:59,0.002630605
1617,05/06/2020 23:59,0.002595721
1618,06/06/2020 23:59,0.002587172
1619,07/06/2020 23:59,0.002606078
1620,08/06/2020 23:59,0.002584205
1621,09/06/2020 23:59,0.002568591
1622,10/06/2020 23:59,0.002584192
1623,11/06/2020 23:59,0.002452253
1624,12/06/2020 23:59,0.002520163
1625,13/06/2020 23:59,0.002533076
1626,14/06/2020 23:59,0.002510551
1627,15/06/2020 23:59,0.002479359
1628,16/06/2020 23:59,0.002486804
1629,17/06/2020 23:59,0.002484932
1630,18/06/2020 23:59,0.002471628
1631,19/06/2020 23:59,0.002434795
1632,20/06/2020 23:59,0.002446724
1633,21/06/2020 23:59,0.002446611
1634,22/06/2020 23:59,0.002473655
1635,23/06/2020 23:59,0.00248423
1636,24/06/2020 23:59,0.002429678
1637,25/06/2020 23:59,0.002417315
1638,26/06/2020 23:59,0.002358781
1639,27/06/2020 23:59,0.002312919
1640,28/06/2020 23:59,0.002325524
1641,29/06/2020 23:59,0.002312854
1642,30/06/2020 23:59,0.00231955
1643,01/07/2020 23:59,0.002353646
1644,02/07/2020 23:59,0.002361377
1645,03/07/2020 23:59,0.002315613
1646,04/07/2020 23:59,0.002309379
1647,05/07/2020 23:59,0.002308978
1648,06/07/2020 23:59,0.00261556
1649,07/07/2020 23:59,0.003089512
1650,08/07/2020 23:59,0.004749833
1651,09/07/2020 23:59,0.00439683
1652,10/07/2020 23:59,0.003514874
1653,11/07/2020 23:59,0.00381096
1654,12/07/2020 23:59,0.003629614
1655,13/07/2020 23:59,0.003177542
1656,14/07/2020 23:59,0.003294369
1657,15/07/2020 23:59,0.003085182
1658,16/07/2020 23:59,0.00299487
1659,17/07/2020 23:59,0.003060711
1660,18/07/2020 23:59,0.003472588
1661,19/07/2020 23:59,0.00338186
1662,20/07/2020 23:59,0.003239293
1663,21/07/2020 23:59,0.003304616
1664,22/07/2020 23:59,0.003285216
1665,23/07/2020 23:59,0.003294708
1666,24/07/2020 23:59,0.00321959
1667,25/07/2020 23:59,0.003234015
1668,26/07/2020 23:59,0.003234597
1669,27/07/2020 23:59,0.003153323
1670,28/07/2020 23:59,0.003197395
1671,29/07/2020 23:59,0.003192399
1672,30/07/2020 23:59,0.003231117
1673,31/07/2020 23:59,0.003225361
1674,01/08/2020 23:59,0.003688638
1675,02/08/2020 23:59,0.003336063
1676,03/08/2020 23:59,0.003388859
1677,04/08/2020 23:59,0.003534677
1678,05/08/2020 23:59,0.003512739
1679,06/08/2020 23:59,0.003559998
1680,07/08/2020 23:59,0.003532791
1681,08/08/2020 23:59,0.003509704
1682,09/08/2020 23:59,0.00346312
1683,10/08/2020 23:59,0.003499479
1684,11/08/2020 23:59,0.003394373
1685,12/08/2020 23:59,0.00348444
1686,13/08/2020 23:59,0.003516517
1687,14/08/2020 23:59,0.003560813
1688,15/08/2020 23:59,0.003539428
1689,16/08/2020 23:59,0.003523562
1690,17/08/2020 23:59,0.00359109
1691,18/08/2020 23:59,0.003514
1692,19/08/2020 23:59,0.003423925
1693,20/08/2020 23:59,0.003459208
1694,21/08/2020 23:59,0.003393093
1695,22/08/2020 23:59,0.003441999
1696,23/08/2020 23:59,0.003414201
1697,24/08/2020 23:59,0.003417941
1698,25/08/2020 23:59,0.0033046
1699,26/08/2020 23:59,0.003303347
1700,27/08/2020 23:59,0.003202705
1701,28/08/2020 23:59,0.003268459
1702,29/08/2020 23:59,0.003282098
1703,30/08/2020 23:59,0.003300054
1704,31/08/2020 23:59,0.003220588
1705,01/09/2020 23:59,0.003255985
1706,02/09/2020 23:59,0.003122464
1707,03/09/2020 23:59,0.002802429
1708,04/09/2020 23:59,0.002898618
1709,05/09/2020 23:59,0.002758261
1710,06/09/2020 23:59,0.002786926
1711,07/09/2020 23:59,0.002811462
1712,08/09/2020 23:59,0.002755596
1713,09/09/2020 23:59,0.002779059
1714,10/09/2020 23:59,0.002805225
1715,11/09/2020 23:59,0.002806183
1716,12/09/2020 23:59,0.002818839
1717,13/09/2020 23:59,0.002776135
1718,14/09/2020 23:59,0.002802618
1719,15/09/2020 23:59,0.002831752
1720,16/09/2020 23:59,0.002825804
1721,17/09/2020 23:59,0.002813512
1722,18/09/2020 23:59,0.002804181
1723,19/09/2020 23:59,0.002793719
1724,20/09/2020 23:59,0.002777971
1725,21/09/2020 23:59,0.002630322
1726,22/09/2020 23:59,0.002656021
1727,23/09/2020 23:59,0.00256045
1728,24/09/2020 23:59,0.00262828
1729,25/09/2020 23:59,0.00269849
1730,26/09/2020 23:59,0.00271612
1731,27/09/2020 23:59,0.00269206
1732,28/09/2020 23:59,0.00265201
1733,29/09/2020 23:59,0.00268541
1734,30/09/2020 23:59,0.00263015
1735,01/10/2020 23:59,0.00261584
1736,02/10/2020 23:59,0.0025834
1737,03/10/2020 23:59,0.00259883
1738,04/10/2020 23:59,0.00263489
1739,05/10/2020 23:59,0.00261238
1740,06/10/2020 23:59,0.00261147
1741,07/10/2020 23:59,0.00259518
1742,08/10/2020 23:59,0.00259556
1743,09/10/2020 23:59,0.00265253
1744,10/10/2020 23:59,0.00265453
1745,11/10/2020 23:59,0.00267363
1746,12/10/2020 23:59,0.00267315
1747,13/10/2020 23:59,0.0026351
1748,14/10/2020 23:59,0.00263711
1749,15/10/2020 23:59,0.00259265
1750,16/10/2020 23:59,0.00261207
1751,17/10/2020 23:59,0.00258111
1752,18/10/2020 23:59,0.00258649
1753,19/10/2020 23:59,0.00258976
1754,20/10/2020 23:59,0.00260093
1755,21/10/2020 23:59,0.00263032
1756,22/10/2020 23:59,0.00265502
1757,23/10/2020 23:59,0.0026469
1758,24/10/2020 23:59,0.0026455
1759,25/10/2020 23:59,0.00265314
1760,26/10/2020 23:59,0.00267853
1761,27/10/2020 23:59,0.00267665
1762,28/10/2020 23:59,0.00259499
1763,29/10/2020 23:59,0.00258066
1764,30/10/2020 23:59,0.00259836
1765,31/10/2020 23:59,0.00257594
1766,01/11/2020 23:59,0.00258175
1767,02/11/2020 23:59,0.00251712
1768,03/11/2020 23:59,0.00252762
1769,04/11/2020 23:59,0.00253328
1770,05/11/2020 23:59,0.00261685
1771,06/11/2020 23:59,0.00275989
1772,07/11/2020 23:59,0.00267068
1773,08/11/2020 23:59,0.00271064
1774,09/11/2020 23:59,0.00266953
1775,10/11/2020 23:59,0.00275341
1776,11/11/2020 23:59,0.00276896
1777,12/11/2020 23:59,0.00277901
1778,13/11/2020 23:59,0.00282145
1779,14/11/2020 23:59,0.002773
1780,15/11/2020 23:59,0.00277541
1781,16/11/2020 23:59,0.00288579
1782,17/11/2020 23:59,0.00293588
1783,18/11/2020 23:59,0.00290902
1784,19/11/2020 23:59,0.00291104
1785,20/11/2020 23:59,0.00298434
1786,21/11/2020 23:59,0.00350659
1787,22/11/2020 23:59,0.0033293
1788,23/11/2020 23:59,0.00364797
1789,24/11/2020 23:59,0.00420366
1790,25/11/2020 23:59,0.00372672
1791,26/11/2020 23:59,0.00324982
1792,27/11/2020 23:59,0.00327521
1793,28/11/2020 23:59,0.00340487
1794,29/11/2020 23:59,0.00344778
1795,30/11/2020 23:59,0.00355089
1796,01/12/2020 23:59,0.0033347
1797,02/12/2020 23:59,0.00337436
1798,03/12/2020 23:59,0.00342761
1799,04/12/2020 23:59,0.00329811
1800,05/12/2020 23:59,0.00339687
1801,06/12/2020 23:59,0.0033884
1802,07/12/2020 23:59,0.00334233
1803,08/12/2020 23:59,0.00317934
1804,09/12/2020 23:59,0.00315811
1805,10/12/2020 23:59,0.0031046
1806,11/12/2020 23:59,0.0030788
1807,12/12/2020 23:59,0.00316309
1808,13/12/2020 23:59,0.00325587
1809,14/12/2020 23:59,0.00323079
1810,15/12/2020 23:59,0.00320577
1811,16/12/2020 23:59,0.00341629
1812,17/12/2020 23:59,0.0037298
1813,18/12/2020 23:59,0.00385822
1814,19/12/2020 23:59,0.00392675
1815,20/12/2020 23:59,0.00462466
1816,21/12/2020 23:59,0.00478746
1817,22/12/2020 23:59,0.00450782
1818,23/12/2020 23:59,0.00376766
1819,24/12/2020 23:59,0.00457046
1820,25/12/2020 23:59,0.00458201
1821,26/12/2020 23:59,0.00449367
1822,27/12/2020 23:59,0.00454771
1823,28/12/2020 23:59,0.00459177
1824,29/12/2020 23:59,0.00448647
1825,30/12/2020 23:59,0.00463551
1826,31/12/2020 23:59,0.00468225
1827,01/01/2021 23:59,0.00568496
1828,02/01/2021 23:59,0.01061451
1829,03/01/2021 23:59,0.00977052
1830,04/01/2021 23:59,0.00976719
1831,05/01/2021 23:59,0.0099204
1832,06/01/2021 23:59,0.01046514
1833,07/01/2021 23:59,0.00974244
1834,08/01/2021 23:59,0.00984637
1835,09/01/2021 23:59,0.01019416
1836,10/01/2021 23:59,0.00985959
1837,11/01/2021 23:59,0.00883453
1838,12/01/2021 23:59,0.00806287
1839,13/01/2021 23:59,0.00861635
1840,14/01/2021 23:59,0.00939673
1841,15/01/2021 23:59,0.00936903
1842,16/01/2021 23:59,0.00926465
1843,17/01/2021 23:59,0.00906651
1844,18/01/2021 23:59,0.0091711
1845,19/01/2021 23:59,0.0090982
1846,20/01/2021 23:59,0.00906009
1847,21/01/2021 23:59,0.00816632
1848,22/01/2021 23:59,0.0085235
1849,23/01/2021 23:59,0.00857912
1850,24/01/2021 23:59,0.00872708
1851,25/01/2021 23:59,0.00838293
1852,26/01/2021 23:59,0.00825458
1853,27/01/2021 23:59,0.0074815
1854,28/01/2021 23:59,0.03408356
1855,29/01/2021 23:59,0.04716157
1856,30/01/2021 23:59,0.02817592
1857,31/01/2021 23:59,0.03719621
1858,01/02/2021 23:59,0.03487468
1859,02/02/2021 23:59,0.03152025
1860,03/02/2021 23:59,0.03712003
1861,04/02/2021 23:59,0.05328933
1862,05/02/2021 23:59,0.04693473
1863,06/02/2021 23:59,0.05759472
1864,07/02/2021 23:59,0.07878179
1865,08/02/2021 23:59,0.07882511
1866,09/02/2021 23:59,0.07006957
1867,10/02/2021 23:59,0.07289631
1868,11/02/2021 23:59,0.06967585
1869,12/02/2021 23:59,0.07006853
1870,13/02/2021 23:59,0.06644953
1871,14/02/2021 23:59,0.06253697
1872,15/02/2021 23:59,0.05659087
1873,16/02/2021 23:59,0.05352025
1874,17/02/2021 23:59,0.04937563
1875,18/02/2021 23:59,0.05954129
1876,19/02/2021 23:59,0.05513934
1877,20/02/2021 23:59,0.05438446
1878,21/02/2021 23:59,0.05597983
1879,22/02/2021 23:59,0.05372515
1880,23/02/2021 23:59,0.04739205
1881,24/02/2021 23:59,0.05655541
1882,25/02/2021 23:59,0.05016734
1883,26/02/2021 23:59,0.05047986
1884,27/02/2021 23:59,0.0500829
1885,28/02/2021 23:59,0.04805151
1886,01/03/2021 23:59,0.05059866
1887,02/03/2021 23:59,0.05026221
1888,03/03/2021 23:59,0.05059207
1889,04/03/2021 23:59,0.05004843
1890,05/03/2021 23:59,0.04960851
1891,06/03/2021 23:59,0.05098429
1892,07/03/2021 23:59,0.05212174
1893,08/03/2021 23:59,0.06194928
1894,09/03/2021 23:59,0.05799823
1895,10/03/2021 23:59,0.05600395
1896,11/03/2021 23:59,0.05591786
1897,12/03/2021 23:59,0.05534893
1898,13/03/2021 23:59,0.06243198
1899,14/03/2021 23:59,0.0585919
1900,15/03/2021 23:59,0.05708768
1901,16/03/2021 23:59,0.0586074
1902,17/03/2021 23:59,0.05765313
1903,18/03/2021 23:59,0.05738277
1904,19/03/2021 23:59,0.05832836
1905,20/03/2021 23:59,0.05896063
1906,21/03/2021 23:59,0.05723426
1907,22/03/2021 23:59,0.0549616
1908,23/03/2021 23:59,0.05355558
1909,24/03/2021 23:59,0.05170175
1910,25/03/2021 23:59,0.05144848
1911,26/03/2021 23:59,0.05395158
1912,27/03/2021 23:59,0.05437709
1913,28/03/2021 23:59,0.05369841
1914,29/03/2021 23:59,0.05405164
1915,30/03/2021 23:59,0.05390039
1916,31/03/2021 23:59,0.05365728
1917,01/04/2021 23:59,0.06198606
1918,02/04/2021 23:59,0.05766378
1919,03/04/2021 23:59,0.0558036
1920,04/04/2021 23:59,0.0574037
1921,05/04/2021 23:59,0.05969593
1922,06/04/2021 23:59,0.06445823
1923,07/04/2021 23:59,0.05902847
1924,08/04/2021 23:59,0.06146385
1925,09/04/2021 23:59,0.06168375
1926,10/04/2021 23:59,0.06384492
1927,11/04/2021 23:59,0.07464893
1928,12/04/2021 23:59,0.07076687
1929,13/04/2021 23:59,0.09344469
1930,14/04/2021 23:59,0.12151736
1931,15/04/2021 23:59,0.18220744
1932,16/04/2021 23:59,0.36587002
1933,17/04/2021 23:59,0.28417344
1934,18/04/2021 23:59,0.32047533
1935,19/04/2021 23:59,0.40731778
1936,20/04/2021 23:59,0.31949967
1937,21/04/2021 23:59,0.30692451
1938,22/04/2021 23:59,0.26096732
1939,23/04/2021 23:59,0.24850933
1940,24/04/2021 23:59,0.27021226
1941,25/04/2021 23:59,0.25111084
1942,26/04/2021 23:59,0.27067449
1943,27/04/2021 23:59,0.2721883
1944,28/04/2021 23:59,0.32368163
1945,29/04/2021 23:59,0.30516938
1946,30/04/2021 23:59,0.33756111
1947,01/05/2021 23:59,0.39298743
1948,02/05/2021 23:59,0.3760461
1949,03/05/2021 23:59,0.44170671
1950,04/05/2021 23:59,0.54133438
1951,05/05/2021 23:59,0.65763288
1952,06/05/2021 23:59,0.58080387
1953,07/05/2021 23:59,0.68477698
1954,08/05/2021 23:59,0.63643918
1955,09/05/2021 23:59,0.57007049
1956,10/05/2021 23:59,0.44996367
1957,11/05/2021 23:59,0.49523086
1958,12/05/2021 23:59,0.38537602
1959,13/05/2021 23:59,0.49037394
1960,14/05/2021 23:59,0.55960438
1961,15/05/2021 23:59,0.50797205
1962,16/05/2021 23:59,0.51489521
1963,17/05/2021 23:59,0.48789165
1964,18/05/2021 23:59,0.47611501
1965,19/05/2021 23:59,0.33312345
1966,20/05/2021 23:59,0.40019368
1967,21/05/2021 23:59,0.35938192
1968,22/05/2021 23:59,0.34237123
1969,23/05/2021 23:59,0.30807063
1970,24/05/2021 23:59,0.36616223
1971,25/05/2021 23:59,0.34630195
1972,26/05/2021 23:59,0.35369307
1973,27/05/2021 23:59,0.33294531
1974,28/05/2021 23:59,0.31120487
1975,29/05/2021 23:59,0.30310971
1976,30/05/2021 23:59,0.30222359
1977,31/05/2021 23:59,0.32581045
1978,01/06/2021 23:59,0.37007655
1979,02/06/2021 23:59,0.42337353
1980,03/06/2021 23:59,0.39996289
1981,04/06/2021 23:59,0.37632255
1982,05/06/2021 23:59,0.3721774
1983,06/06/2021 23:59,0.37180708
1984,07/06/2021 23:59,0.33104994
1985,08/06/2021 23:59,0.32768651
1986,09/06/2021 23:59,0.34333093
1987,10/06/2021 23:59,0.3263507
1988,11/06/2021 23:59,0.31935918
1989,12/06/2021 23:59,0.31208361
1990,13/06/2021 23:59,0.32438177
1991,14/06/2021 23:59,0.33208479
1992,15/06/2021 23:59,0.32838122
1993,16/06/2021 23:59,0.30776119
1994,17/06/2021 23:59,0.30649565
1995,18/06/2021 23:59,0.29347221
1996,19/06/2021 23:59,0.28735578
1997,20/06/2021 23:59,0.28090031
1998,21/06/2021 23:59,0.17869117
1999,22/06/2021 23:59,0.19103065
2000,23/06/2021 23:59,0.23217351
2001,24/06/2021 23:59,0.26278229
2002,25/06/2021 23:59,0.23915293
2003,26/06/2021 23:59,0.2447839
2004,27/06/2021 23:59,0.26444968
2005,28/06/2021 23:59,0.2568567
2006,29/06/2021 23:59,0.26276884
2007,30/06/2021 23:59,0.25421537
2008,01/07/2021 23:59,0.24454948
2009,02/07/2021 23:59,0.24526382
2010,03/07/2021 23:59,0.24641099
2011,04/07/2021 23:59,0.24648301
2012,05/07/2021 23:59,0.23161442
2013,06/07/2021 23:59,0.23442176
2014,07/07/2021 23:59,0.651575
2015,08/07/2021 23:59,0.623058
2016,09/07/2021 23:59,0.636804
2017,10/07/2021 23:59,0.625463
2018,11/07/2021 23:59,0.635935
2019,12/07/2021 23:59,0.630178
2020,13/07/2021 23:59,0.619523
2021,14/07/2021 23:59,0.620324
2022,15/07/2021 23:59,0.596941
2023,16/07/2021 23:59,0.590774
2024,17/07/2021 23:59,0.582428
2025,18/07/2021 23:59,0.587922
2026,19/07/2021 23:59,0.557556
2027,20/07/2021 23:59,0.529336
2028,21/07/2021 23:59,0.569998
2029,22/07/2021 23:59,0.592206
2030,23/07/2021 23:59,0.609224
2031,24/07/2021 23:59,0.609827
2032,25/07/2021 23:59,0.606357
2033,26/07/2021 23:59,0.625618
2034,27/07/2021 23:59,0.644604
2035,28/07/2021 23:59,0.725445
2036,29/07/2021 23:59,0.748017
2037,30/07/2021 23:59,0.752119
2038,31/07/2021 23:59,0.747786
2039,01/08/2021 23:59,0.725922
2040,02/08/2021 23:59,0.73922
2041,03/08/2021 23:59,0.712729
2042,04/08/2021 23:59,0.730488
2043,05/08/2021 23:59,0.733151
2044,06/08/2021 23:59,0.746513
2045,07/08/2021 23:59,0.816281
2046,08/08/2021 23:59,0.778739
2047,09/08/2021 23:59,0.818553
2048,10/08/2021 23:59,0.851247
2049,11/08/2021 23:59,1.012524
2050,12/08/2021 23:59,0.964549
2051,13/08/2021 23:59,1.08996
2052,14/08/2021 23:59,1.280412
2053,15/08/2021 23:59,1.28816
2054,16/08/2021 23:59,1.190993
2055,17/08/2021 23:59,1.098199
2056,18/08/2021 23:59,1.146097
2057,19/08/2021 23:59,1.232842
2058,20/08/2021 23:59,1.263222
2059,21/08/2021 23:59,1.216473
2060,22/08/2021 23:59,1.227722
2061,23/08/2021 23:59,1.24727
2062,24/08/2021 23:59,1.137352
2063,25/08/2021 23:59,1.172529
2064,26/08/2021 23:59,1.075266
2065,27/08/2021 23:59,1.188473
2066,28/08/2021 23:59,1.145505
2067,29/08/2021 23:59,1.140832
2068,30/08/2021 23:59,1.101435
2069,31/08/2021 23:59,1.187593
2070,01/09/2021 23:59,1.234889
2071,02/09/2021 23:59,1.256324
2072,03/09/2021 23:59,1.291435
2073,04/09/2021 23:59,1.255779
2074,05/09/2021 23:59,1.305498
2075,06/09/2021 23:59,1.389413
2076,07/09/2021 23:59,1.125099
2077,08/09/2021 23:59,1.10072
2078,09/09/2021 23:59,1.089401
2079,10/09/2021 23:59,1.057267
2080,11/09/2021 23:59,1.079906
2081,12/09/2021 23:59,1.119636
2082,13/09/2021 23:59,1.064678
2083,14/09/2021 23:59,1.096574
2084,15/09/2021 23:59,1.121353
2085,16/09/2021 23:59,1.091498
2086,17/09/2021 23:59,1.065598
2087,18/09/2021 23:59,1.075668
2088,19/09/2021 23:59,1.048428
2089,20/09/2021 23:59,0.917152
2090,21/09/2021 23:59,0.876329
2091,22/09/2021 23:59,1.004076
2092,23/09/2021 23:59,1.00204
2093,24/09/2021 23:59,0.945924
2094,25/09/2021 23:59,0.941342
2095,26/09/2021 23:59,0.944721
2096,27/09/2021 23:59,0.923685
2097,28/09/2021 23:59,0.893689
2098,29/09/2021 23:59,0.928349
2099,30/09/2021 23:59,0.952636
2100,01/10/2021 23:59,1.042624
2101,02/10/2021 23:59,1.038675
2102,03/10/2021 23:59,1.05517
2103,04/10/2021 23:59,1.043004
2104,05/10/2021 23:59,1.085503
2105,06/10/2021 23:59,1.077656
2106,07/10/2021 23:59,1.068026
2107,08/10/2021 23:59,1.062891
2108,09/10/2021 23:59,1.159926
2109,10/10/2021 23:59,1.138453
2110,11/10/2021 23:59,1.137888
2111,12/10/2021 23:59,1.101859
2112,13/10/2021 23:59,1.128392
2113,14/10/2021 23:59,1.132316
2114,15/10/2021 23:59,1.14055
2115,16/10/2021 23:59,1.135096
2116,17/10/2021 23:59,1.093468
2117,18/10/2021 23:59,1.083842
2118,19/10/2021 23:59,1.09208
2119,20/10/2021 23:59,1.142328
2120,21/10/2021 23:59,1.089315
2121,22/10/2021 23:59,1.088374
2122,23/10/2021 23:59,1.094497
2123,24/10/2021 23:59,1.084283
2124,25/10/2021 23:59,1.095158
2125,26/10/2021 23:59,1.108093
2126,27/10/2021 23:59,0.995452
2127,28/10/2021 23:59,1.05882
2128,29/10/2021 23:59,1.081503
2129,30/10/2021 23:59,1.083949
2130,31/10/2021 23:59,1.113247
2131,01/11/2021 23:59,1.092867
2132,02/11/2021 23:59,1.136196
2133,03/11/2021 23:59,1.208796
2134,04/11/2021 23:59,1.202003
2135,05/11/2021 23:59,1.161533
2136,06/11/2021 23:59,1.152454
2137,07/11/2021 23:59,1.217534
2138,08/11/2021 23:59,1.282377
2139,09/11/2021 23:59,1.25893
2140,10/11/2021 23:59,1.193373
2141,11/11/2021 23:59,1.218364
2142,12/11/2021 23:59,1.189355
2143,13/11/2021 23:59,1.191938
2144,14/11/2021 23:59,1.188597
2145,15/11/2021 23:59,1.171371
2146,16/11/2021 23:59,1.090934
2147,17/11/2021 23:59,1.096291
2148,18/11/2021 23:59,1.041954
2149,19/11/2021 23:59,1.091492
2150,20/11/2021 23:59,1.097646
2151,21/11/2021 23:59,1.060173
2152,22/11/2021 23:59,1.036622
2153,23/11/2021 23:59,1.067057
2154,24/11/2021 23:59,1.042075
2155,25/11/2021 23:59,1.031888
2156,26/11/2021 23:59,0.93635
2157,27/11/2021 23:59,0.947158
2158,28/11/2021 23:59,0.968751
2159,29/11/2021 23:59,0.991961
2160,30/11/2021 23:59,0.998754
2161,01/12/2021 23:59,0.99093
2162,02/12/2021 23:59,0.972312
2163,03/12/2021 23:59,0.922244
2164,04/12/2021 23:59,0.847029
2165,05/12/2021 23:59,0.805595
2166,06/12/2021 23:59,0.828288
2167,07/12/2021 23:59,0.818588
2168,08/12/2021 23:59,0.863307
2169,09/12/2021 23:59,0.861272
2170,10/12/2021 23:59,0.801097
2171,11/12/2021 23:59,0.839313
2172,12/12/2021 23:59,0.841324
2173,13/12/2021 23:59,0.782894
2174,14/12/2021 23:59,0.796249
2175,15/12/2021 23:59,0.827431
2176,16/12/2021 23:59,0.80623
2177,17/12/2021 23:59,0.799291
2178,18/12/2021 23:59,0.827379
2179,19/12/2021 23:59,0.835033
2180,20/12/2021 23:59,0.879828
2181,21/12/2021 23:59,0.947646
2182,22/12/2021 23:59,0.954699
2183,23/12/2021 23:59,0.993285
2184,24/12/2021 23:59,0.912047
2185,25/12/2021 23:59,0.924819
2186,26/12/2021 23:59,0.92118
2187,27/12/2021 23:59,0.926184
2188,28/12/2021 23:59,0.85296
2189,29/12/2021 23:59,0.816714
2190,30/12/2021 23:59,0.839649
2191,31/12/2021 23:59,0.831163
