,date,eth_p
0,2016-01-01,0.94885
1,2016-01-02,0.92037
2,2016-01-03,0.95
3,2016-01-04,0.96
4,2016-01-05,0.0
5,2016-01-06,0.9426
6,2016-01-07,0.95
7,2016-01-08,0.94
8,2016-01-09,0.985
9,2016-01-10,0.985
10,2016-01-11,1.0
11,2016-01-12,1.07
12,2016-01-13,1.2249
13,2016-01-14,1.13741
14,2016-01-15,1.17
15,2016-01-16,1.29891
16,2016-01-17,0.0
17,2016-01-18,1.32
18,2016-01-19,1.46624
19,2016-01-20,1.35506
20,2016-01-21,1.40261
21,2016-01-22,1.49593
22,2016-01-23,1.51999
23,2016-01-24,2.0
24,2016-01-25,2.1
25,2016-01-26,2.59554
26,2016-01-27,2.32771
27,2016-01-28,2.4
28,2016-01-29,2.54645
29,2016-01-30,2.49874
30,2016-01-31,2.44067
31,2016-02-01,0.0
32,2016-02-02,2.16537
33,2016-02-03,2.44653
34,2016-02-04,2.53
35,2016-02-05,2.55007
36,2016-02-06,2.56453
37,2016-02-07,2.54902
38,2016-02-08,2.89791
39,2016-02-09,3.18997
40,2016-02-10,4.0
41,2016-02-11,4.35017
42,2016-02-12,5.99986
43,2016-02-13,5.4999
44,2016-02-14,5.33018
45,2016-02-15,5.2
46,2016-02-16,5.15216
47,2016-02-17,4.25011
48,2016-02-18,3.7909
49,2016-02-19,4.4891
50,2016-02-20,4.72
51,2016-02-21,4.37354
52,2016-02-22,4.63
53,2016-02-23,5.598
54,2016-02-24,5.55
55,2016-02-25,6.23427
56,2016-02-26,6.09999
57,2016-02-27,5.87016
58,2016-02-28,6.31101
59,2016-02-29,6.49862
60,2016-03-01,6.34758
61,2016-03-02,7.55
62,2016-03-03,8.41
63,2016-03-04,9.111
64,2016-03-05,10.03
65,2016-03-06,10.88907
66,2016-03-07,11.18745
67,2016-03-08,9.487
68,2016-03-09,9.76
69,2016-03-10,11.55
70,2016-03-11,11.19
71,2016-03-12,11.05
72,2016-03-13,13.45
73,2016-03-14,14.39791
74,2016-03-15,12.59969
75,2016-03-16,13.13707
76,2016-03-17,12.54
77,2016-03-18,10.94
78,2016-03-19,10.98
79,2016-03-20,10.54672
80,2016-03-21,10.3428
81,2016-03-22,11.89489
82,2016-03-23,11.44996
83,2016-03-24,12.42
84,2016-03-25,11.1306
85,2016-03-26,10.6115
86,2016-03-27,10.9909
87,2016-03-28,10.4348
88,2016-03-29,11.5621
89,2016-03-30,11.635
90,2016-03-31,11.85
91,2016-04-01,11.37
92,2016-04-02,11.6343
93,2016-04-03,11.5757
94,2016-04-04,11.61
95,2016-04-05,11.1405
96,2016-04-06,10.45824
97,2016-04-07,10.7
98,2016-04-08,10.0687
99,2016-04-09,9.69
100,2016-04-10,9.01031
101,2016-04-11,8.95092
102,2016-04-12,8.6926
103,2016-04-13,7.4785
104,2016-04-14,8.0
105,2016-04-15,8.4578
106,2016-04-16,8.1949
107,2016-04-17,8.57
108,2016-04-18,9.3205
109,2016-04-19,9.0
110,2016-04-20,8.6876
111,2016-04-21,8.4701
112,2016-04-22,8.11
113,2016-04-23,7.84002
114,2016-04-24,8.31517
115,2016-04-25,7.95
116,2016-04-26,7.56491
117,2016-04-27,7.43
118,2016-04-28,7.76876
119,2016-04-29,7.2218
120,2016-04-30,7.49446
121,2016-05-01,8.85
122,2016-05-02,8.79
123,2016-05-03,10.14775
124,2016-05-04,9.38359
125,2016-05-05,9.46589
126,2016-05-06,9.8
127,2016-05-07,9.3088
128,2016-05-08,9.3199
129,2016-05-09,9.535
130,2016-05-10,9.351
131,2016-05-11,9.41
132,2016-05-12,9.98
133,2016-05-13,10.13
134,2016-05-14,10.6465
135,2016-05-15,10.12592
136,2016-05-16,9.93
137,2016-05-17,11.13
138,2016-05-18,12.14288
139,2016-05-19,13.499
140,2016-05-20,14.45
141,2016-05-21,13.5
142,2016-05-22,13.88784
143,2016-05-23,14.2
144,2016-05-24,13.35
145,2016-05-25,12.7
146,2016-05-26,12.5
147,2016-05-27,12.301
148,2016-05-28,11.29649
149,2016-05-29,11.56001
150,2016-05-30,12.07017
151,2016-05-31,12.63097
152,2016-06-01,14.06591
153,2016-06-02,13.9625
154,2016-06-03,13.72
155,2016-06-04,13.82
156,2016-06-05,13.65
157,2016-06-06,13.95997
158,2016-06-07,13.94782
159,2016-06-08,14.509
160,2016-06-09,14.3879
161,2016-06-10,14.45
162,2016-06-11,13.96857
163,2016-06-12,14.18995
164,2016-06-13,15.66
165,2016-06-14,17.65865
166,2016-06-15,18.86699
167,2016-06-16,18.45
168,2016-06-17,20.48967
169,2016-06-18,15.35
170,2016-06-19,11.2
171,2016-06-20,12.23579
172,2016-06-21,11.7606
173,2016-06-22,13.21691
174,2016-06-23,13.39
175,2016-06-24,13.6405
176,2016-06-25,14.41
177,2016-06-26,14.44
178,2016-06-27,13.97
179,2016-06-28,14.09
180,2016-06-29,12.122
181,2016-06-30,12.6
182,2016-07-01,12.4545
183,2016-07-02,12.17899
184,2016-07-03,12.14377
185,2016-07-04,11.74531
186,2016-07-05,11.39999
187,2016-07-06,10.54
188,2016-07-07,10.45771
189,2016-07-08,10.15897
190,2016-07-09,11.53202
191,2016-07-10,10.98
192,2016-07-11,11.06043
193,2016-07-12,10.5
194,2016-07-13,10.58
195,2016-07-14,10.421
196,2016-07-15,11.6
197,2016-07-16,12.02993
198,2016-07-17,11.7
199,2016-07-18,11.24449
200,2016-07-19,11.06836
201,2016-07-20,11.719
202,2016-07-21,12.499
203,2016-07-22,12.679
204,2016-07-23,14.6695
205,2016-07-24,14.29999
206,2016-07-25,12.78798
207,2016-07-26,13.815
208,2016-07-27,11.84952
209,2016-07-28,13.03996
210,2016-07-29,12.89129
211,2016-07-30,12.8
212,2016-07-31,12.49
213,2016-08-01,11.87998
214,2016-08-02,10.89968
215,2016-08-03,8.6
216,2016-08-04,10.37108
217,2016-08-05,11.18176
218,2016-08-06,10.90505
219,2016-08-07,10.94
220,2016-08-08,10.9762
221,2016-08-09,11.23323
222,2016-08-10,12.23823
223,2016-08-11,12.22799
224,2016-08-12,11.7128
225,2016-08-13,11.68583
226,2016-08-14,11.5381
227,2016-08-15,11.1389
228,2016-08-16,11.18251
229,2016-08-17,11.21
230,2016-08-18,10.777
231,2016-08-19,10.799
232,2016-08-20,10.66023
233,2016-08-21,11.30194
234,2016-08-22,11.17001
235,2016-08-23,11.041
236,2016-08-24,11.0768
237,2016-08-25,11.09
238,2016-08-26,11.337
239,2016-08-27,11.2666
240,2016-08-28,11.16
241,2016-08-29,11.02
242,2016-08-30,10.9505
243,2016-08-31,11.2999
244,2016-09-01,11.61012
245,2016-09-02,12.0
246,2016-09-03,12.13441
247,2016-09-04,11.8929
248,2016-09-05,11.60411
249,2016-09-06,0.0
250,2016-09-07,11.66401
251,2016-09-08,11.58
252,2016-09-09,11.40003
253,2016-09-10,11.6999
254,2016-09-11,12.24
255,2016-09-12,11.75498
256,2016-09-13,11.95849
257,2016-09-14,11.96181
258,2016-09-15,11.96201
259,2016-09-16,12.08291
260,2016-09-17,12.55131
261,2016-09-18,12.8075
262,2016-09-19,12.49792
263,2016-09-20,13.2
264,2016-09-21,14.43979
265,2016-09-22,13.7895
266,2016-09-23,13.25
267,2016-09-24,13.3115
268,2016-09-25,12.9
269,2016-09-26,13.05
270,2016-09-27,12.82151
271,2016-09-28,13.05083
272,2016-09-29,0.0
273,2016-09-30,13.09
274,2016-10-01,13.26576
275,2016-10-02,0.0
276,2016-10-03,13.15611
277,2016-10-04,13.44396
278,2016-10-05,13.26172
279,2016-10-06,13.02
280,2016-10-07,12.8757
281,2016-10-08,12.73078
282,2016-10-09,12.25
283,2016-10-10,12.06597
284,2016-10-11,11.76999
285,2016-10-12,11.8169
286,2016-10-13,11.85631
287,2016-10-14,11.91
288,2016-10-15,11.93
289,2016-10-16,11.9945
290,2016-10-17,11.97899
291,2016-10-18,12.01911
292,2016-10-19,12.568
293,2016-10-20,12.03679
294,2016-10-21,12.04775
295,2016-10-22,12.16
296,2016-10-23,12.211
297,2016-10-24,12.02002
298,2016-10-25,11.975
299,2016-10-26,11.35
300,2016-10-27,11.51
301,2016-10-28,11.5022
302,2016-10-29,11.10812
303,2016-10-30,10.42966
304,2016-10-31,11.26309
305,2016-11-01,10.90001
306,2016-11-02,10.7724
307,2016-11-03,10.84707
308,2016-11-04,10.91529
309,2016-11-05,11.13347
310,2016-11-06,11.0775
311,2016-11-07,10.951
312,2016-11-08,10.88468
313,2016-11-09,10.8826
314,2016-11-10,10.6929
315,2016-11-11,10.50006
316,2016-11-12,10.26489
317,2016-11-13,9.75
318,2016-11-14,10.12356
319,2016-11-15,10.03473
320,2016-11-16,10.15551
321,2016-11-17,10.04
322,2016-11-18,9.92045
323,2016-11-19,9.48026
324,2016-11-20,9.7377
325,2016-11-21,9.5
326,2016-11-22,9.64298
327,2016-11-23,9.88088
328,2016-11-24,9.80434
329,2016-11-25,9.20754
330,2016-11-26,9.41057
331,2016-11-27,9.2902
332,2016-11-28,8.99205
333,2016-11-29,8.67695
334,2016-11-30,8.12767
335,2016-12-01,8.55385
336,2016-12-02,8.40341
337,2016-12-03,7.64391
338,2016-12-04,7.82738
339,2016-12-05,7.36101
340,2016-12-06,6.7756
341,2016-12-07,7.75812
342,2016-12-08,8.3242
343,2016-12-09,8.19899
344,2016-12-10,8.35578
345,2016-12-11,8.15
346,2016-12-12,8.22716
347,2016-12-13,8.52
348,2016-12-14,8.3943
349,2016-12-15,8.21262
350,2016-12-16,7.75679
351,2016-12-17,7.81734
352,2016-12-18,7.88
353,2016-12-19,7.8803
354,2016-12-20,7.61649
355,2016-12-21,7.65411
356,2016-12-22,7.82815
357,2016-12-23,7.57488
358,2016-12-24,7.13321
359,2016-12-25,7.26
360,2016-12-26,7.1544
361,2016-12-27,7.25649
362,2016-12-28,7.20999
363,2016-12-29,7.5484
364,2016-12-30,8.3
365,2016-12-31,8.20027
366,2017-01-01,8.06999
367,2017-01-02,8.1995
368,2017-01-03,8.3965
369,2017-01-04,9.5669
370,2017-01-05,11.02
371,2017-01-06,10.31859
372,2017-01-07,10.1587
373,2017-01-08,9.871
374,2017-01-09,10.27581
375,2017-01-10,10.4
376,2017-01-11,10.51713
377,2017-01-12,9.79979
378,2017-01-13,9.75
379,2017-01-14,9.7978
380,2017-01-15,9.60165
381,2017-01-16,9.79079
382,2017-01-17,9.6081
383,2017-01-18,10.23208
384,2017-01-19,10.35
385,2017-01-20,10.44988
386,2017-01-21,10.62001
387,2017-01-22,10.92204
388,2017-01-23,10.78807
389,2017-01-24,10.80851
390,2017-01-25,10.5
391,2017-01-26,10.50829
392,2017-01-27,10.54
393,2017-01-28,10.58636
394,2017-01-29,10.5254
395,2017-01-30,10.43361
396,2017-01-31,10.43576
397,2017-02-01,10.66911
398,2017-02-02,10.6655
399,2017-02-03,10.7705
400,2017-02-04,10.98073
401,2017-02-05,11.34979
402,2017-02-06,11.25399
403,2017-02-07,11.3
404,2017-02-08,11.43001
405,2017-02-09,11.39262
406,2017-02-10,10.93949
407,2017-02-11,11.3495
408,2017-02-12,11.41999
409,2017-02-13,11.3649
410,2017-02-14,11.31341
411,2017-02-15,13.1847
412,2017-02-16,12.99848
413,2017-02-17,12.9
414,2017-02-18,12.70031
415,2017-02-19,12.8
416,2017-02-20,12.80999
417,2017-02-21,12.47
418,2017-02-22,12.78238
419,2017-02-23,12.69549
420,2017-02-24,13.09401
421,2017-02-25,13.03808
422,2017-02-26,13.5717
423,2017-02-27,14.43998
424,2017-02-28,15.37071
425,2017-03-01,15.63
426,2017-03-02,17.3
427,2017-03-03,18.9871
428,2017-03-04,19.1931
429,2017-03-05,18.58567
430,2017-03-06,19.03258
431,2017-03-07,19.5
432,2017-03-08,18.82279
433,2017-03-09,16.45
434,2017-03-10,17.59999
435,2017-03-11,19.25
436,2017-03-12,21.28997
437,2017-03-13,23.30013
438,2017-03-14,28.19957
439,2017-03-15,28.37048
440,2017-03-16,34.75
441,2017-03-17,44.88999
442,2017-03-18,42.52909
443,2017-03-19,33.202
444,2017-03-20,42.36041
445,2017-03-21,41.89001
446,2017-03-22,42.48308
447,2017-03-23,41.24972
448,2017-03-24,42.70261
449,2017-03-25,51.99
450,2017-03-26,50.0
451,2017-03-27,49.99999
452,2017-03-28,48.71658
453,2017-03-29,50.23677
454,2017-03-30,53.01498
455,2017-03-31,51.89999
456,2017-04-01,49.6975
457,2017-04-02,50.63979
458,2017-04-03,48.4995
459,2017-04-04,44.1153
460,2017-04-05,44.74849
461,2017-04-06,45.283
462,2017-04-07,43.4099
463,2017-04-08,42.24
464,2017-04-09,44.33113
465,2017-04-10,43.93521
466,2017-04-11,43.7
467,2017-04-12,43.95189
468,2017-04-13,46.5019
469,2017-04-14,50.0923
470,2017-04-15,47.33002
471,2017-04-16,49.3289
472,2017-04-17,48.55612
473,2017-04-18,47.8
474,2017-04-19,49.90852
475,2017-04-20,48.00001
476,2017-04-21,49.31016
477,2017-04-22,48.20003
478,2017-04-23,48.20001
479,2017-04-24,48.50386
480,2017-04-25,49.56142
481,2017-04-26,49.89999
482,2017-04-27,53.24
483,2017-04-28,62.59071
484,2017-04-29,71.3
485,2017-04-30,68.81906
486,2017-05-01,78.367
487,2017-05-02,74.39977
488,2017-05-03,76.541
489,2017-05-04,80.39984
490,2017-05-05,94.39965
491,2017-05-06,89.8994
492,2017-05-07,92.80645
493,2017-05-08,87.4
494,2017-05-09,87.07999
495,2017-05-10,86.97999
496,2017-05-11,88.0
497,2017-05-12,88.07932
498,2017-05-13,84.8832
499,2017-05-14,88.0995
500,2017-05-15,88.33819
501,2017-05-16,90.87
502,2017-05-17,88.031
503,2017-05-18,87.70025
504,2017-05-19,96.08999
505,2017-05-20,123.08481
506,2017-05-21,122.21001
507,2017-05-22,145.25
508,2017-05-23,155.6
509,2017-05-24,166.94998
510,2017-05-25,185.2399
511,2017-05-26,168.00014
512,2017-05-27,158.49995
513,2017-05-28,151.61111
514,2017-05-29,168.28644
515,2017-05-30,193.30206
516,2017-05-31,226.0
517,2017-06-01,228.45
518,2017-06-02,219.00151
519,2017-06-03,221.5376
520,2017-06-04,224.23315
521,2017-06-05,245.351
522,2017-06-06,247.6
523,2017-06-07,263.6
524,2017-06-08,255.81184
525,2017-06-09,260.2379
526,2017-06-10,279.85016
527,2017-06-11,326.0
528,2017-06-12,333.09998
529,2017-06-13,384.99002
530,2017-06-14,386.12766
531,2017-06-15,347.23587
532,2017-06-16,345.987
533,2017-06-17,354.1678
534,2017-06-18,368.9527
535,2017-06-19,349.49
536,2017-06-20,356.4797
537,2017-06-21,348.49997
538,2017-06-22,324.47995
539,2017-06-23,321.60077
540,2017-06-24,325.49643
541,2017-06-25,302.15002
542,2017-06-26,277.00018
543,2017-06-27,252.23907
544,2017-06-28,283.66
545,2017-06-29,316.2
546,2017-06-30,292.99945
547,2017-07-01,280.0
548,2017-07-02,256.0
549,2017-07-03,284.0
550,2017-07-04,276.1
551,2017-07-05,268.4
552,2017-07-06,266.3
553,2017-07-07,266.49
554,2017-07-08,240.98
555,2017-07-09,244.99998
556,2017-07-10,236.4
557,2017-07-11,210.0
558,2017-07-12,190.98997
559,2017-07-13,223.0
560,2017-07-14,204.79752
561,2017-07-15,197.0
562,2017-07-16,168.6
563,2017-07-17,155.2
564,2017-07-18,188.72
565,2017-07-19,228.0
566,2017-07-20,193.99
567,2017-07-21,227.5
568,2017-07-22,216.0
569,2017-07-23,230.13475
570,2017-07-24,229.85
571,2017-07-25,225.8
572,2017-07-26,204.0
573,2017-07-27,202.21011
574,2017-07-28,203.09795
575,2017-07-29,191.5451
576,2017-07-30,207.14458
577,2017-07-31,198.4549
578,2017-08-01,201.7777
579,2017-08-02,226.25
580,2017-08-03,218.48999
581,2017-08-04,225.39984
582,2017-08-05,222.50356
583,2017-08-06,253.59998
584,2017-08-07,265.67
585,2017-08-08,269.8
586,2017-08-09,296.98
587,2017-08-10,297.783
588,2017-08-11,300.2
589,2017-08-12,311.5
590,2017-08-13,309.50018
591,2017-08-14,298.0
592,2017-08-15,302.703
593,2017-08-16,286.65015
594,2017-08-17,302.258
595,2017-08-18,300.79
596,2017-08-19,290.6237
597,2017-08-20,294.6295
598,2017-08-21,299.44998
599,2017-08-22,321.99783
600,2017-08-23,314.87537
601,2017-08-24,317.315
602,2017-08-25,326.30374
603,2017-08-26,331.20508
604,2017-08-27,332.65
605,2017-08-28,347.5999
606,2017-08-29,347.54
607,2017-08-30,371.99
608,2017-08-31,383.5
609,2017-09-01,388.649
610,2017-09-02,390.006
611,2017-09-03,354.888
612,2017-09-04,354.261
613,2017-09-05,307.939
614,2017-09-06,322.98
615,2017-09-07,341.84
616,2017-09-08,337.94
617,2017-09-09,310.27
618,2017-09-10,304.74
619,2017-09-11,301.54
620,2017-09-12,297.64
621,2017-09-13,294.0
622,2017-09-14,276.21
623,2017-09-15,223.85
624,2017-09-16,259.4
625,2017-09-17,254.81
626,2017-09-18,259.11
627,2017-09-19,297.98
628,2017-09-20,282.61
629,2017-09-21,282.36
630,2017-09-22,258.8
631,2017-09-23,262.92
632,2017-09-24,285.99
633,2017-09-25,282.95
634,2017-09-26,295.0
635,2017-09-27,287.9
636,2017-09-28,310.32
637,2017-09-29,302.73
638,2017-09-30,292.4
639,2017-10-01,302.2
640,2017-10-02,303.5
641,2017-10-03,296.66
642,2017-10-04,291.17
643,2017-10-05,291.99
644,2017-10-06,294.77
645,2017-10-07,308.7
646,2017-10-08,310.57
647,2017-10-09,308.59
648,2017-10-10,296.9
649,2017-10-11,298.02
650,2017-10-12,303.0
651,2017-10-13,302.12
652,2017-10-14,336.98
653,2017-10-15,337.14
654,2017-10-16,335.71
655,2017-10-17,333.42
656,2017-10-18,316.83
657,2017-10-19,314.36
658,2017-10-20,307.87
659,2017-10-21,302.57
660,2017-10-22,300.11
661,2017-10-23,294.8
662,2017-10-24,285.17
663,2017-10-25,298.4
664,2017-10-26,296.87
665,2017-10-27,295.56
666,2017-10-28,297.06
667,2017-10-29,295.14
668,2017-10-30,303.92
669,2017-10-31,306.2
670,2017-11-01,304.12
671,2017-11-02,290.1
672,2017-11-03,283.3
673,2017-11-04,304.17
674,2017-11-05,299.41
675,2017-11-06,294.65
676,2017-11-07,298.5
677,2017-11-08,292.07
678,2017-11-09,308.38
679,2017-11-10,319.01
680,2017-11-11,298.0
681,2017-11-12,313.65
682,2017-11-13,305.13
683,2017-11-14,314.83
684,2017-11-15,335.0
685,2017-11-16,330.15
686,2017-11-17,325.98
687,2017-11-18,331.0
688,2017-11-19,345.21
689,2017-11-20,351.11
690,2017-11-21,366.52
691,2017-11-22,361.01
692,2017-11-23,379.16
693,2017-11-24,408.75
694,2017-11-25,466.99
695,2017-11-26,460.5
696,2017-11-27,464.19
697,2017-11-28,469.4
698,2017-11-29,461.56
699,2017-11-30,424.01
700,2017-12-01,439.25
701,2017-12-02,462.0
702,2017-12-03,456.58
703,2017-12-04,463.09
704,2017-12-05,467.0
705,2017-12-06,456.0
706,2017-12-07,417.01
707,2017-12-08,408.54
708,2017-12-09,445.31
709,2017-12-10,461.98
710,2017-12-11,431.28
711,2017-12-12,500.0
712,2017-12-13,626.2
713,2017-12-14,680.0
714,2017-12-15,685.0
715,2017-12-16,676.87
716,2017-12-17,689.0
717,2017-12-18,708.0
718,2017-12-19,782.53
719,2017-12-20,808.0
720,2017-12-21,784.55
721,2017-12-22,767.75
722,2017-12-23,670.85
723,2017-12-24,696.66
724,2017-12-25,666.56
725,2017-12-26,720.82
726,2017-12-27,749.08
727,2017-12-28,741.26
728,2017-12-29,722.01
729,2017-12-30,738.0
730,2017-12-31,700.0
731,2018-01-01,745.98
732,2018-01-02,757.01
733,2018-01-03,864.0
734,2018-01-04,938.0
735,2018-01-05,942.04
736,2018-01-06,958.0
737,2018-01-07,998.7
738,2018-01-08,1098.0
739,2018-01-09,1137.5
740,2018-01-10,1284.98
741,2018-01-11,1245.02
742,2018-01-12,1193.0
743,2018-01-14,1398.99
744,2018-01-15,1358.82
745,2018-01-16,1272.88
746,2018-01-17,1063.0
747,2018-01-18,1019.97
748,2018-01-19,1023.43
749,2018-01-20,1048.0
750,2018-01-21,1157.78
751,2018-01-22,1050.0
752,2018-01-23,1000.5
753,2018-01-24,985.96
754,2018-01-25,1063.77
755,2018-01-26,1048.0
756,2018-01-27,1050.0
757,2018-01-28,1105.5
758,2018-01-29,1221.94
759,2018-01-30,1166.0
760,2018-01-31,1055.14
761,2018-02-01,1105.22
762,2018-02-02,1021.7
763,2018-02-03,910.0
764,2018-02-04,965.53
765,2018-02-05,822.79
766,2018-02-06,687.15
767,2018-02-07,783.2
768,2018-02-08,748.54
769,2018-02-09,813.0
770,2018-02-10,878.6
771,2018-02-11,850.0
772,2018-02-12,809.1
773,2018-02-13,864.53
774,2018-02-14,839.52
775,2018-02-15,920.55
776,2018-02-16,929.03
777,2018-02-17,940.98
778,2018-02-18,975.75
779,2018-02-19,916.0
780,2018-02-20,940.64
781,2018-02-21,882.61
782,2018-02-22,840.35
783,2018-02-23,804.27
784,2018-02-24,854.35
785,2018-02-25,832.98
786,2018-02-26,840.0
787,2018-02-27,865.37
788,2018-02-28,871.14
789,2018-03-01,850.1
790,2018-03-02,869.75
791,2018-03-03,855.19
792,2018-03-04,853.4
793,2018-03-05,864.9
794,2018-03-06,849.01
795,2018-03-07,815.81
796,2018-03-08,750.0
797,2018-03-09,698.8
798,2018-03-10,726.0
799,2018-03-11,680.7
800,2018-03-12,719.11
801,2018-03-13,694.72
802,2018-03-14,687.3
803,2018-03-15,610.89
804,2018-03-16,609.0
805,2018-03-17,600.35
806,2018-03-18,548.02
807,2018-03-19,535.19
808,2018-03-20,554.98
809,2018-03-21,557.5
810,2018-03-22,559.74
811,2018-03-23,539.94
812,2018-03-24,544.29
813,2018-03-25,519.53
814,2018-03-26,522.75
815,2018-03-27,485.66
816,2018-03-28,447.4
817,2018-03-29,445.61
818,2018-03-30,383.56
819,2018-03-31,392.49
820,2018-04-01,392.4
821,2018-04-02,378.48
822,2018-04-03,384.26
823,2018-04-04,415.84
824,2018-04-05,377.95
825,2018-04-06,380.69
826,2018-04-07,369.4
827,2018-04-08,384.93
828,2018-04-09,399.99
829,2018-04-10,398.44
830,2018-04-11,415.58
831,2018-04-12,430.13
832,2018-04-13,494.03
833,2018-04-14,493.32
834,2018-04-15,502.76
835,2018-04-16,535.0
836,2018-04-17,511.63
837,2018-04-18,502.24
838,2018-04-19,525.76
839,2018-04-20,566.37
840,2018-04-21,618.39
841,2018-04-22,606.0
842,2018-04-23,622.06
843,2018-04-24,646.3
844,2018-04-25,704.0
845,2018-04-26,616.98
846,2018-04-27,662.82
847,2018-04-28,642.0
848,2018-04-29,682.87
849,2018-04-30,689.49
850,2018-05-01,669.9
851,2018-05-02,670.69
852,2018-05-03,687.02
853,2018-05-04,776.79
854,2018-05-05,783.44
855,2018-05-06,812.5
856,2018-05-07,788.51
857,2018-05-08,754.02
858,2018-05-09,748.38
859,2018-05-10,750.1
860,2018-05-11,724.0
861,2018-05-12,676.91
862,2018-05-13,681.31
863,2018-05-14,729.79
864,2018-05-15,727.39
865,2018-05-16,704.6
866,2018-05-17,706.01
867,2018-05-18,667.3
868,2018-05-19,692.33
869,2018-05-20,695.68
870,2018-05-21,715.65
871,2018-05-22,696.68
872,2018-05-23,641.47
873,2018-05-24,577.15
874,2018-05-25,601.87
875,2018-05-26,585.69
876,2018-05-27,585.61
877,2018-05-28,569.49
878,2018-05-29,511.88
879,2018-05-30,566.5
880,2018-05-31,556.38
881,2018-06-01,577.54
882,2018-06-02,578.42
883,2018-06-03,590.6
884,2018-06-04,619.0
885,2018-06-05,591.18
886,2018-06-06,608.05
887,2018-06-07,605.61
888,2018-06-08,602.99
889,2018-06-09,599.0
890,2018-06-10,592.92
891,2018-06-11,525.0
892,2018-06-12,530.59
893,2018-06-13,495.0
894,2018-06-14,475.87
895,2018-06-15,519.46
896,2018-06-16,487.14
897,2018-06-17,497.01
898,2018-06-18,495.03
899,2018-06-19,517.45
900,2018-06-20,537.95
901,2018-06-21,535.99
902,2018-06-22,525.37
903,2018-06-23,462.28
904,2018-06-24,474.03
905,2018-06-25,454.74
906,2018-06-26,458.82
907,2018-06-27,430.2
908,2018-06-28,441.53
909,2018-06-29,419.5
910,2018-06-30,435.0
911,2018-07-01,453.05
912,2018-07-02,451.86
913,2018-07-03,476.52
914,2018-07-04,462.01
915,2018-07-05,466.59
916,2018-07-06,467.35
917,2018-07-07,468.93
918,2018-07-08,484.48
919,2018-07-09,486.7
920,2018-07-10,471.65
921,2018-07-11,432.82
922,2018-07-12,444.67
923,2018-07-13,430.45
924,2018-07-14,432.11
925,2018-07-15,433.34
926,2018-07-16,448.66
927,2018-07-17,478.28
928,2018-07-18,499.3
929,2018-07-19,479.34
930,2018-07-20,468.45
931,2018-07-21,447.95
932,2018-07-22,460.88
933,2018-07-23,457.34
934,2018-07-24,449.38
935,2018-07-25,480.32
936,2018-07-26,471.3
937,2018-07-27,462.11
938,2018-07-28,469.01
939,2018-07-29,468.41
940,2018-07-30,466.68
941,2018-07-31,456.29
942,2018-08-01,431.59
943,2018-08-02,419.82
944,2018-08-03,410.64
945,2018-08-04,417.5
946,2018-08-05,406.54
947,2018-08-06,408.68
948,2018-08-07,405.01
949,2018-08-08,377.85
950,2018-08-09,355.18
951,2018-08-10,362.88
952,2018-08-11,331.57
953,2018-08-12,317.8
954,2018-08-13,318.12
955,2018-08-14,283.88
956,2018-08-15,278.2
957,2018-08-16,281.25
958,2018-08-17,286.68
959,2018-08-18,317.93
960,2018-08-19,294.76
961,2018-08-20,299.47
962,2018-08-21,270.59
963,2018-08-22,280.48
964,2018-08-23,269.9
965,2018-08-24,275.72
966,2018-08-25,281.56
967,2018-08-26,278.01
968,2018-08-27,274.16
969,2018-08-28,288.26
970,2018-08-29,295.91
971,2018-08-30,288.07
972,2018-08-31,283.94
973,2018-09-01,281.6
974,2018-09-02,295.21
975,2018-09-03,294.99
976,2018-09-04,288.63
977,2018-09-05,285.0
978,2018-09-06,227.92
979,2018-09-07,229.01
980,2018-09-08,214.69
981,2018-09-09,196.13
982,2018-09-10,195.52
983,2018-09-11,197.0
984,2018-09-12,185.1
985,2018-09-13,183.0
986,2018-09-14,211.78
987,2018-09-15,208.52
988,2018-09-16,221.76
989,2018-09-17,219.79
990,2018-09-18,195.76
991,2018-09-19,208.22
992,2018-09-20,209.83
993,2018-09-21,223.9
994,2018-09-22,247.4
995,2018-09-23,240.48
996,2018-09-24,244.61
997,2018-09-25,228.05
998,2018-09-26,219.1
999,2018-09-27,213.9
1000,2018-09-28,229.07
1001,2018-09-29,221.34
1002,2018-09-30,230.82
1003,2018-10-01,231.95
1004,2018-10-02,230.0
1005,2018-10-03,224.59
1006,2018-10-04,219.02
1007,2018-10-05,221.0
1008,2018-10-06,226.66
1009,2018-10-07,223.75
1010,2018-10-08,224.54
1011,2018-10-09,227.92
1012,2018-10-10,226.31
1013,2018-10-11,223.33
1014,2018-10-12,188.19
1015,2018-10-13,193.79
1016,2018-10-14,196.71
1017,2018-10-15,191.83
1018,2018-10-16,204.73
1019,2018-10-17,205.71
1020,2018-10-18,203.56
1021,2018-10-19,199.09
1022,2018-10-20,200.25
1023,2018-10-21,202.59
1024,2018-10-22,202.11
1025,2018-10-23,201.15
1026,2018-10-24,201.12
1027,2018-10-25,200.8
1028,2018-10-26,199.6
1029,2018-10-27,200.71
1030,2018-10-28,201.43
1031,2018-10-29,202.42
1032,2018-10-30,194.39
1033,2018-10-31,195.29
1034,2018-11-01,196.88
1035,2018-11-02,197.78
1036,2018-11-03,199.6
1037,2018-11-04,198.41
1038,2018-11-05,210.13
1039,2018-11-06,208.7
1040,2018-11-07,218.43
1041,2018-11-08,216.95
1042,2018-11-09,210.1
1043,2018-11-10,207.97
1044,2018-11-11,210.21
1045,2018-11-12,209.79
1046,2018-11-13,208.64
1047,2018-11-14,203.25
1048,2018-11-15,177.8
1049,2018-11-16,178.38
1050,2018-11-17,172.4
1051,2018-11-18,172.25
1052,2018-11-19,175.78
1053,2018-11-20,145.5
1054,2018-11-21,127.72
1055,2018-11-22,134.6
1056,2018-11-23,123.29
1057,2018-11-24,121.19
1058,2018-11-25,110.71
1059,2018-11-26,114.47
1060,2018-11-27,106.74
1061,2018-11-28,108.63
1062,2018-11-29,121.73
1063,2018-11-30,116.26
1064,2018-12-01,111.64
1065,2018-12-02,116.95
1066,2018-12-03,114.67
1067,2018-12-04,107.11
1068,2018-12-05,108.68
1069,2018-12-06,100.5
1070,2018-12-07,89.02
1071,2018-12-08,92.51
1072,2018-12-09,89.82
1073,2018-12-10,92.8
1074,2018-12-11,89.22
1075,2018-12-12,86.8
1076,2018-12-13,89.14
1077,2018-12-14,85.19
1078,2018-12-15,82.84
1079,2018-12-16,82.82
1080,2018-12-17,83.68
1081,2018-12-18,93.75
1082,2018-12-19,100.99
1083,2018-12-20,99.4
1084,2018-12-21,114.62
1085,2018-12-22,107.68
1086,2018-12-23,116.17
1087,2018-12-24,129.32
1088,2018-12-25,139.4
1089,2018-12-26,129.12
1090,2018-12-27,130.34
1091,2018-12-28,114.41
1092,2018-12-29,137.16
1093,2018-12-30,133.87
1094,2018-12-31,138.72
1095,2019-01-01,130.86
1096,2019-01-02,139.91
1097,2019-01-03,153.51
1098,2019-01-04,146.98
1099,2019-01-05,153.48
1100,2019-01-06,153.93
1101,2019-01-07,155.83
1102,2019-01-08,150.52
1103,2019-01-09,148.88
1104,2019-01-10,149.29
1105,2019-01-11,126.4
1106,2019-01-12,125.92
1107,2019-01-13,124.45
1108,2019-01-14,115.32
1109,2019-01-15,128.31
1110,2019-01-16,119.92
1111,2019-01-17,122.14
1112,2019-01-18,122.45
1113,2019-01-19,119.78
1114,2019-01-20,123.3
1115,2019-01-21,117.34
1116,2019-01-22,115.81
1117,2019-01-23,117.91
1118,2019-01-24,116.59
1119,2019-01-25,116.39
1120,2019-01-26,115.06
1121,2019-01-27,114.94
1122,2019-01-28,111.46
1123,2019-01-29,105.43
1124,2019-01-30,103.83
1125,2019-01-31,107.5
1126,2019-02-01,105.74
1127,2019-02-02,105.88
1128,2019-02-03,109.41
1129,2019-02-04,106.0
1130,2019-02-05,106.03
1131,2019-02-06,106.14
1132,2019-02-07,103.26
1133,2019-02-08,103.3
1134,2019-02-09,118.07
1135,2019-02-10,117.98
1136,2019-02-11,123.98
1137,2019-02-12,119.52
1138,2019-02-13,121.08
1139,2019-02-14,120.58
1140,2019-02-15,119.37
1141,2019-02-16,120.48
1142,2019-02-17,121.54
1143,2019-02-18,132.32
1144,2019-02-19,144.71
1145,2019-02-20,142.62
1146,2019-02-21,147.29
1147,2019-02-22,144.17
1148,2019-02-23,146.57
1149,2019-02-24,157.5
1150,2019-02-25,131.75
1151,2019-02-26,137.54
1152,2019-02-27,135.71
1153,2019-02-28,134.11
1154,2019-03-01,134.52
1155,2019-03-02,134.79
1156,2019-03-03,132.23
1157,2019-03-04,129.81
1158,2019-03-05,125.18
1159,2019-03-06,136.49
1160,2019-03-07,136.92
1161,2019-03-08,136.19
1162,2019-03-09,132.74
1163,2019-03-10,136.41
1164,2019-03-11,134.67
1165,2019-03-12,131.8
1166,2019-03-13,132.91
1167,2019-03-14,131.26
1168,2019-03-15,131.36
1169,2019-03-16,135.89
1170,2019-03-17,140.4
1171,2019-03-18,138.02
1172,2019-03-19,136.85
1173,2019-03-20,137.96
1174,2019-03-21,138.78
1175,2019-03-22,134.3
1176,2019-03-23,135.73
1177,2019-03-24,136.67
1178,2019-03-25,135.25
1179,2019-03-26,132.94
1180,2019-03-27,133.29
1181,2019-03-28,139.1
1182,2019-03-29,137.35
1183,2019-03-30,142.75
1184,2019-03-31,142.08
1185,2019-04-01,141.29
1186,2019-04-02,141.03
1187,2019-04-03,164.62
1188,2019-04-04,161.3
1189,2019-04-05,157.62
1190,2019-04-06,165.87
1191,2019-04-07,165.2
1192,2019-04-08,174.71
1193,2019-04-09,180.64
1194,2019-04-10,175.9
1195,2019-04-11,177.54
1196,2019-04-12,164.89
1197,2019-04-13,164.18
1198,2019-04-14,163.7
1199,2019-04-15,167.98
1200,2019-04-16,160.19
1201,2019-04-17,166.37
1202,2019-04-18,166.57
1203,2019-04-19,174.04
1204,2019-04-20,173.52
1205,2019-04-21,173.75
1206,2019-04-22,169.9
1207,2019-04-23,171.56
1208,2019-04-24,170.37
1209,2019-04-25,165.6
1210,2019-04-26,152.1
1211,2019-04-27,153.07
1212,2019-04-28,155.73
1213,2019-04-29,153.2
1214,2019-04-30,152.29
1215,2019-05-01,160.36
1216,2019-05-02,158.36
1217,2019-05-03,158.81
1218,2019-05-04,164.8
1219,2019-05-05,161.95
1220,2019-05-06,161.34
1221,2019-05-07,171.2
1222,2019-05-08,166.23
1223,2019-05-09,169.21
1224,2019-05-10,170.0
1225,2019-05-11,171.87
1226,2019-05-12,192.3
1227,2019-05-13,187.94
1228,2019-05-14,196.0
1229,2019-05-15,217.0
1230,2019-05-16,249.13
1231,2019-05-17,264.7
1232,2019-05-18,244.35
1233,2019-05-19,234.01
1234,2019-05-20,261.28
1235,2019-05-21,252.2
1236,2019-05-22,255.0
1237,2019-05-23,243.2
1238,2019-05-24,245.67
1239,2019-05-25,249.6
1240,2019-05-26,252.05
1241,2019-05-27,268.35
1242,2019-05-28,271.37
1243,2019-05-29,271.27
1244,2019-05-30,269.5
1245,2019-05-31,254.49
1246,2019-06-01,267.56
1247,2019-06-02,264.86
1248,2019-06-03,269.27
1249,2019-06-04,249.83
1250,2019-06-05,241.13
1251,2019-06-06,245.88
1252,2019-06-07,249.29
1253,2019-06-08,249.5
1254,2019-06-09,244.48
1255,2019-06-10,231.25
1256,2019-06-11,247.82
1257,2019-06-12,245.17
1258,2019-06-13,262.5
1259,2019-06-14,255.15
1260,2019-06-15,263.83
1261,2019-06-16,269.44
1262,2019-06-17,268.58
1263,2019-06-18,273.74
1264,2019-06-19,264.65
1265,2019-06-20,268.91
1266,2019-06-21,271.99
1267,2019-06-22,296.08
1268,2019-06-23,308.54
1269,2019-06-24,305.99
1270,2019-06-25,310.44
1271,2019-06-26,316.88
1272,2019-06-27,334.51
1273,2019-06-28,293.68
1274,2019-06-29,309.79
1275,2019-06-30,317.0
1276,2019-07-01,289.5
1277,2019-07-02,293.51
1278,2019-07-03,291.24
1279,2019-07-04,302.1
1280,2019-07-05,282.57
1281,2019-07-06,287.6
1282,2019-07-07,287.65
1283,2019-07-08,306.47
1284,2019-07-09,313.67
1285,2019-07-10,307.95
1286,2019-07-11,288.46
1287,2019-07-12,268.49
1288,2019-07-13,275.48
1289,2019-07-14,269.18
1290,2019-07-15,237.11
1291,2019-07-16,228.13
1292,2019-07-17,198.67
1293,2019-07-18,211.5
1294,2019-07-19,226.3
1295,2019-07-20,221.45
1296,2019-07-21,228.87
1297,2019-07-22,225.47
1298,2019-07-23,217.27
1299,2019-07-24,212.05
1300,2019-07-25,216.51
1301,2019-07-26,219.16
1302,2019-07-27,219.24
1303,2019-07-28,207.11
1304,2019-07-29,211.07
1305,2019-07-30,210.69
1306,2019-07-31,209.8
1307,2019-08-01,218.68
1308,2019-08-02,217.38
1309,2019-08-03,217.8
1310,2019-08-04,221.82
1311,2019-08-05,222.9
1312,2019-08-06,233.0
1313,2019-08-07,226.1
1314,2019-08-08,225.97
1315,2019-08-09,220.85
1316,2019-08-10,210.3
1317,2019-08-11,206.05
1318,2019-08-12,216.28
1319,2019-08-13,211.2
1320,2019-08-14,208.6
1321,2019-08-15,186.2
1322,2019-08-16,188.06
1323,2019-08-17,185.5
1324,2019-08-18,185.63
1325,2019-08-19,194.57
1326,2019-08-20,202.27
1327,2019-08-21,196.44
1328,2019-08-22,187.27
1329,2019-08-23,190.45
1330,2019-08-24,194.36
1331,2019-08-25,190.96
1332,2019-08-26,186.72
1333,2019-08-27,188.35
1334,2019-08-28,187.07
1335,2019-08-29,172.81
1336,2019-08-30,168.82
1337,2019-08-31,168.25
1338,2019-09-01,171.92
1339,2019-09-02,171.38
1340,2019-09-03,178.84
1341,2019-09-04,179.12
1342,2019-09-05,175.02
1343,2019-09-06,174.0
1344,2019-09-07,169.15
1345,2019-09-08,178.25
1346,2019-09-09,181.61
1347,2019-09-10,180.89
1348,2019-09-11,180.06
1349,2019-09-12,178.47
1350,2019-09-13,180.99
1351,2019-09-14,181.25
1352,2019-09-15,188.68
1353,2019-09-16,189.45
1354,2019-09-17,197.72
1355,2019-09-18,207.88
1356,2019-09-19,210.23
1357,2019-09-20,220.79
1358,2019-09-21,218.1
1359,2019-09-22,214.94
1360,2019-09-23,211.07
1361,2019-09-24,200.77
1362,2019-09-25,166.28
1363,2019-09-26,169.92
1364,2019-09-27,165.88
1365,2019-09-28,174.46
1366,2019-09-29,173.96
1367,2019-09-30,169.36
1368,2019-10-01,181.53
1369,2019-10-02,176.49
1370,2019-10-03,180.88
1371,2019-10-04,174.79
1372,2019-10-05,175.82
1373,2019-10-06,176.58
1374,2019-10-07,170.33
1375,2019-10-08,180.42
1376,2019-10-09,181.0
1377,2019-10-10,193.5
1378,2019-10-11,191.56
1379,2019-10-12,180.83
1380,2019-10-13,179.93
1381,2019-10-14,181.09
1382,2019-10-15,186.78
1383,2019-10-16,180.52
1384,2019-10-17,174.39
1385,2019-10-18,177.42
1386,2019-10-19,173.0
1387,2019-10-20,171.83
1388,2019-10-21,175.55
1389,2019-10-22,174.48
1390,2019-10-23,171.29
1391,2019-10-24,162.37
1392,2019-10-25,160.87
1393,2019-10-26,181.83
1394,2019-10-27,180.22
1395,2019-10-28,184.0
1396,2019-10-29,182.0
1397,2019-10-30,191.13
1398,2019-10-31,183.54
1399,2019-11-01,182.45
1400,2019-11-02,183.23
1401,2019-11-03,183.0
1402,2019-11-04,181.56
1403,2019-11-05,186.19
1404,2019-11-06,188.7
1405,2019-11-07,191.06
1406,2019-11-08,186.34
1407,2019-11-09,183.64
1408,2019-11-10,184.85
1409,2019-11-11,188.9
1410,2019-11-12,184.68
1411,2019-11-13,186.93
1412,2019-11-14,187.75
1413,2019-11-15,184.5
1414,2019-11-16,179.86
1415,2019-11-17,182.16
1416,2019-11-18,183.77
1417,2019-11-19,177.9
1418,2019-11-20,175.64
1419,2019-11-21,174.26
1420,2019-11-22,161.01
1421,2019-11-23,149.79
1422,2019-11-24,151.97
1423,2019-11-25,140.12
1424,2019-11-26,146.35
1425,2019-11-27,147.75
1426,2019-11-28,152.85
1427,2019-11-29,151.23
1428,2019-11-30,154.78
1429,2019-12-01,151.74
1430,2019-12-02,150.76
1431,2019-12-03,148.85
1432,2019-12-04,147.37
1433,2019-12-05,145.3
1434,2019-12-06,147.99
1435,2019-12-07,148.9
1436,2019-12-08,147.37
1437,2019-12-09,150.72
1438,2019-12-10,147.45
1439,2019-12-11,145.58
1440,2019-12-12,143.19
1441,2019-12-13,144.79
1442,2019-12-14,144.49
1443,2019-12-15,141.77
1444,2019-12-16,142.28
1445,2019-12-17,132.47
1446,2019-12-18,121.75
1447,2019-12-19,132.88
1448,2019-12-20,128.12
1449,2019-12-21,128.26
1450,2019-12-22,127.02
1451,2019-12-23,132.41
1452,2019-12-24,128.0
1453,2019-12-25,127.74
1454,2019-12-26,124.87
1455,2019-12-27,125.51
1456,2019-12-28,126.25
1457,2019-12-29,127.83
1458,2019-12-30,134.31
1459,2019-12-31,131.1
1460,2020-01-01,128.59
1461,2020-01-02,130.33
1462,2020-01-03,126.72
1463,2020-01-04,134.0
1464,2020-01-05,134.14
1465,2020-01-06,135.27
1466,2020-01-07,144.34
1467,2020-01-08,143.2
1468,2020-01-09,140.7
1469,2020-01-10,137.91
1470,2020-01-11,144.92
1471,2020-01-12,142.62
1472,2020-01-13,146.5
1473,2020-01-14,143.58
1474,2020-01-15,166.19
1475,2020-01-16,166.31
1476,2020-01-17,164.17
1477,2020-01-18,169.59
1478,2020-01-19,174.03
1479,2020-01-20,166.84
1480,2020-01-21,166.61
1481,2020-01-22,169.3
1482,2020-01-23,167.66
1483,2020-01-24,162.5
1484,2020-01-25,162.32
1485,2020-01-26,160.12
1486,2020-01-27,167.4
1487,2020-01-28,169.88
1488,2020-01-29,176.41
1489,2020-01-30,173.48
1490,2020-01-31,184.34
1491,2020-02-01,179.68
1492,2020-02-02,183.41
1493,2020-02-03,188.25
1494,2020-02-04,189.78
1495,2020-02-05,188.35
1496,2020-02-06,203.76
1497,2020-02-07,212.92
1498,2020-02-08,222.91
1499,2020-02-09,223.27
1500,2020-02-10,228.64
1501,2020-02-11,223.0
1502,2020-02-12,237.83
1503,2020-02-13,266.4
1504,2020-02-14,268.64
1505,2020-02-15,285.96
1506,2020-02-16,264.92
1507,2020-02-17,258.82
1508,2020-02-18,268.22
1509,2020-02-19,282.82
1510,2020-02-20,258.85
1511,2020-02-21,257.96
1512,2020-02-22,265.58
1513,2020-02-23,262.48
1514,2020-02-24,275.73
1515,2020-02-25,265.81
1516,2020-02-26,246.7
1517,2020-02-27,223.71
1518,2020-02-28,227.5
1519,2020-02-29,227.09
1520,2020-03-01,217.78
1521,2020-03-02,217.5
1522,2020-03-03,232.0
1523,2020-03-04,223.53
1524,2020-03-05,224.48
1525,2020-03-06,228.66
1526,2020-03-07,245.74
1527,2020-03-08,237.6
1528,2020-03-09,199.89
1529,2020-03-10,203.38
1530,2020-03-11,200.15
1531,2020-03-12,194.81
1532,2020-03-13,108.78
1533,2020-03-14,135.45
1534,2020-03-15,122.28
1535,2020-03-16,123.24
1536,2020-03-17,110.97
1537,2020-03-18,116.11
1538,2020-03-19,118.61
1539,2020-03-20,136.75
1540,2020-03-21,133.5
1541,2020-03-22,132.64
1542,2020-03-23,122.38
1543,2020-03-24,136.58
1544,2020-03-25,139.22
1545,2020-03-26,136.35
1546,2020-03-27,139.01
1547,2020-03-28,131.59
1548,2020-03-29,131.38
1549,2020-03-30,124.36
1550,2020-03-31,132.28
1551,2020-04-01,133.1
1552,2020-04-02,135.88
1553,2020-04-03,141.48
1554,2020-04-04,141.32
1555,2020-04-05,144.4
1556,2020-04-06,142.88
1557,2020-04-07,171.64
1558,2020-04-08,164.6
1559,2020-04-09,173.78
1560,2020-04-10,169.92
1561,2020-04-11,158.17
1562,2020-04-12,158.58
1563,2020-04-13,158.72
1564,2020-04-14,156.77
1565,2020-04-15,158.59
1566,2020-04-16,152.62
1567,2020-04-17,172.73
1568,2020-04-18,170.92
1569,2020-04-19,187.65
1570,2020-04-20,180.22
1571,2020-04-21,170.49
1572,2020-04-22,170.99
1573,2020-04-23,183.16
1574,2020-04-24,185.68
1575,2020-04-25,187.72
1576,2020-04-26,194.52
1577,2020-04-27,197.83
1578,2020-04-28,196.84
1579,2020-04-29,196.71
1580,2020-04-30,215.45
1581,2020-05-01,206.2
1582,2020-05-02,211.88
1583,2020-05-03,214.11
1584,2020-05-04,209.9
1585,2020-05-05,206.99
1586,2020-05-06,205.62
1587,2020-05-07,199.48
1588,2020-05-08,212.34
1589,2020-05-09,211.62
1590,2020-05-10,210.03
1591,2020-05-11,188.02
1592,2020-05-12,185.89
1593,2020-05-13,189.72
1594,2020-05-14,200.07
1595,2020-05-15,203.43
1596,2020-05-16,194.76
1597,2020-05-17,200.5
1598,2020-05-18,206.94
1599,2020-05-19,214.91
1600,2020-05-20,214.76
1601,2020-05-21,209.87
1602,2020-05-22,198.35
1603,2020-05-23,207.23
1604,2020-05-24,206.71
1605,2020-05-25,199.53
1606,2020-05-26,204.11
1607,2020-05-27,200.85
1608,2020-05-28,208.28
1609,2020-05-29,220.26
1610,2020-05-30,220.65
1611,2020-05-31,243.7
1612,2020-06-01,231.76
1613,2020-06-02,248.45
1614,2020-06-03,237.55
1615,2020-06-04,244.54
1616,2020-06-05,243.4
1617,2020-06-06,240.03
1618,2020-06-07,242.01
1619,2020-06-08,244.9
1620,2020-06-09,246.62
1621,2020-06-10,244.0
1622,2020-06-11,247.96
1623,2020-06-12,230.11
1624,2020-06-13,237.57
1625,2020-06-14,237.92
1626,2020-06-15,231.68
1627,2020-06-16,230.97
1628,2020-06-17,235.33
1629,2020-06-18,233.61
1630,2020-06-19,231.38
1631,2020-06-20,228.62
1632,2020-06-21,228.78
1633,2020-06-22,227.85
1634,2020-06-23,243.22
1635,2020-06-24,243.03
1636,2020-06-25,234.54
1637,2020-06-26,232.32
1638,2020-06-27,229.36
1639,2020-06-28,220.63
1640,2020-06-29,224.99
1641,2020-06-30,227.8
1642,2020-07-01,225.68
1643,2020-07-02,231.11
1644,2020-07-03,226.41
1645,2020-07-04,225.01
1646,2020-07-05,229.25
1647,2020-07-06,227.96
1648,2020-07-07,241.84
1649,2020-07-08,239.34
1650,2020-07-09,246.97
1651,2020-07-10,241.89
1652,2020-07-11,241.12
1653,2020-07-12,239.24
1654,2020-07-13,243.0
1655,2020-07-14,239.42
1656,2020-07-15,240.35
1657,2020-07-16,238.37
1658,2020-07-17,233.73
1659,2020-07-18,232.79
1660,2020-07-19,235.8
1661,2020-07-20,239.25
1662,2020-07-21,236.19
1663,2020-07-22,246.01
1664,2020-07-23,264.53
1665,2020-07-24,275.59
1666,2020-07-25,279.42
1667,2020-07-26,305.89
1668,2020-07-27,311.52
1669,2020-07-28,322.44
1670,2020-07-29,317.43
1671,2020-07-30,318.18
1672,2020-07-31,335.25
1673,2020-08-01,347.0
1674,2020-08-02,387.57
1675,2020-08-03,372.17
1676,2020-08-04,386.21
1677,2020-08-05,389.91
1678,2020-08-06,401.25
1679,2020-08-07,395.17
1680,2020-08-08,379.67
1681,2020-08-09,397.4
1682,2020-08-10,390.33
1683,2020-08-11,395.9
1684,2020-08-12,378.97
1685,2020-08-13,387.15
1686,2020-08-14,424.87
1687,2020-08-15,438.68
1688,2020-08-16,432.39
1689,2020-08-17,433.67
1690,2020-08-18,431.35
1691,2020-08-19,422.62
1692,2020-08-20,407.57
1693,2020-08-21,416.2
1694,2020-08-22,387.83
1695,2020-08-23,395.52
1696,2020-08-24,390.64
1697,2020-08-25,407.92
1698,2020-08-26,383.01
1699,2020-08-27,385.71
1700,2020-08-28,383.16
1701,2020-08-29,395.56
1702,2020-08-30,398.69
1703,2020-08-31,428.72
1704,2020-09-01,433.98
1705,2020-09-02,475.81
1706,2020-09-03,439.81
1707,2020-09-04,382.43
1708,2020-09-05,385.82
1709,2020-09-06,335.38
1710,2020-09-07,352.51
1711,2020-09-08,353.39
1712,2020-09-09,337.25
1713,2020-09-10,351.29
1714,2020-09-11,368.23
1715,2020-09-12,373.88
1716,2020-09-13,387.91
1717,2020-09-14,366.41
1718,2020-09-15,377.14
1719,2020-09-16,364.09
1720,2020-09-17,364.99
1721,2020-09-18,389.39
1722,2020-09-19,384.45
1723,2020-09-20,385.11
1724,2020-09-21,371.0
1725,2020-09-22,339.87
1726,2020-09-23,344.18
1727,2020-09-24,320.12
1728,2020-09-25,349.22
1729,2020-09-26,351.9
1730,2020-09-27,354.17
1731,2020-09-28,357.3
1732,2020-09-29,353.85
1733,2020-09-30,359.94
1734,2020-10-01,359.69
1735,2020-10-02,353.0
1736,2020-10-03,345.68
1737,2020-10-04,346.18
1738,2020-10-05,352.54
1739,2020-10-06,353.77
1740,2020-10-07,340.79
1741,2020-10-08,341.8
1742,2020-10-09,351.05
1743,2020-10-10,365.6
1744,2020-10-11,371.12
1745,2020-10-12,374.61
1746,2020-10-13,387.0
1747,2020-10-14,381.48
1748,2020-10-15,379.08
1749,2020-10-16,377.79
1750,2020-10-17,365.39
1751,2020-10-18,368.4
1752,2020-10-19,378.45
1753,2020-10-20,379.5
1754,2020-10-21,368.81
1755,2020-10-22,391.51
1756,2020-10-23,414.44
1757,2020-10-24,409.92
1758,2020-10-25,412.38
1759,2020-10-26,406.35
1760,2020-10-27,393.48
1761,2020-10-28,403.65
1762,2020-10-29,388.63
1763,2020-10-30,387.67
1764,2020-10-31,382.83
1765,2020-11-01,386.81
1766,2020-11-02,396.8
1767,2020-11-03,383.78
1768,2020-11-04,388.01
1769,2020-11-05,402.68
1770,2020-11-06,417.04
1771,2020-11-07,456.43
1772,2020-11-08,435.81
1773,2020-11-09,454.6
1774,2020-11-10,444.33
1775,2020-11-11,451.35
1776,2020-11-12,464.39
1777,2020-11-13,462.86
1778,2020-11-14,477.06
1779,2020-11-15,461.18
1780,2020-11-16,448.49
1781,2020-11-17,460.3
1782,2020-11-18,482.89
1783,2020-11-19,479.11
1784,2020-11-20,471.97
1785,2020-11-21,510.38
1786,2020-11-22,552.55
1787,2020-11-23,561.48
1788,2020-11-24,609.09
1789,2020-11-25,605.28
1790,2020-11-26,569.52
1791,2020-11-27,520.0
1792,2020-11-28,518.8
1793,2020-11-29,538.27
1794,2020-11-30,576.22
1795,2020-12-01,616.65
1796,2020-12-02,586.38
1797,2020-12-03,597.74
1798,2020-12-04,616.57
1799,2020-12-05,567.79
1800,2020-12-06,597.0
1801,2020-12-07,602.64
1802,2020-12-08,591.26
1803,2020-12-09,554.65
1804,2020-12-10,573.21
1805,2020-12-11,558.33
1806,2020-12-12,544.24
1807,2020-12-13,568.09
1808,2020-12-14,590.35
1809,2020-12-15,586.27
1810,2020-12-16,589.41
1811,2020-12-17,638.28
1812,2020-12-18,643.43
1813,2020-12-19,654.67
1814,2020-12-20,658.83
1815,2020-12-21,638.28
1816,2020-12-22,608.01
1817,2020-12-23,637.46
1818,2020-12-24,585.5
1819,2020-12-25,612.49
1820,2020-12-26,626.83
1821,2020-12-27,635.95
1822,2020-12-28,683.03
1823,2020-12-29,729.12
1824,2020-12-30,731.84
1825,2020-12-31,752.5
1826,2021-01-01,737.45
1827,2021-01-02,730.85
1828,2021-01-03,775.01
1829,2021-01-04,979.86
1830,2021-01-05,1042.52
1831,2021-01-06,1103.41
1832,2021-01-07,1211.85
1833,2021-01-08,1226.18
1834,2021-01-09,1217.33
1835,2021-01-10,1280.43
1836,2021-01-11,1255.15
1837,2021-01-12,1088.94
1838,2021-01-13,1049.98
1839,2021-01-14,1129.9
1840,2021-01-15,1231.08
1841,2021-01-16,1168.24
1842,2021-01-17,1228.89
1843,2021-01-18,1233.24
1844,2021-01-19,1258.27
1845,2021-01-20,1367.94
1846,2021-01-21,1378.0
1847,2021-01-22,1111.76
1848,2021-01-23,1234.03
1849,2021-01-24,1233.89
1850,2021-01-25,1392.01
1851,2021-01-26,1318.69
1852,2021-01-27,1367.15
1853,2021-01-28,1240.68
1854,2021-01-29,1332.12
1855,2021-01-30,1379.38
1856,2021-01-31,1377.99
1857,2021-02-01,1313.7
1858,2021-02-02,1374.05
1859,2021-02-03,1513.12
1860,2021-02-04,1667.78
1861,2021-02-05,1598.23
1862,2021-02-06,1722.0
1863,2021-02-07,1678.92
1864,2021-02-08,1615.99
1865,2021-02-09,1752.18
1866,2021-02-10,1771.14
1867,2021-02-11,1743.48
1868,2021-02-12,1786.31
1869,2021-02-13,1845.31
1870,2021-02-14,1818.01
1871,2021-02-15,1804.34
1872,2021-02-16,1778.99
1873,2021-02-17,1781.69
1874,2021-02-18,1850.95
1875,2021-02-19,1939.57
1876,2021-02-20,1957.68
1877,2021-02-21,1916.01
1878,2021-02-22,1935.44
1879,2021-02-23,1778.82
1880,2021-02-24,1579.16
1881,2021-02-25,1625.01
1882,2021-02-26,1481.68
1883,2021-02-27,1445.33
1884,2021-02-28,1460.13
1885,2021-03-01,1422.7
1886,2021-03-02,1570.99
1887,2021-03-03,1489.22
1888,2021-03-04,1566.41
1889,2021-03-05,1537.52
1890,2021-03-06,1528.76
1891,2021-03-07,1650.56
1892,2021-03-08,1727.49
1893,2021-03-09,1833.68
1894,2021-03-10,1872.34
1895,2021-03-11,1795.79
1896,2021-03-12,1826.87
1897,2021-03-13,1767.06
1898,2021-03-14,1920.17
1899,2021-03-15,1847.8
1900,2021-03-16,1793.23
1901,2021-03-17,1805.14
1902,2021-03-18,1823.76
1903,2021-03-19,1776.57
1904,2021-03-20,1810.38
1905,2021-03-21,1805.0
1906,2021-03-22,1784.29
1907,2021-03-23,1681.63
1908,2021-03-24,1668.4
1909,2021-03-25,1582.0
1910,2021-03-26,1586.77
1911,2021-03-27,1699.89
1912,2021-03-28,1713.31
1913,2021-03-29,1685.98
1914,2021-03-30,1816.31
1915,2021-03-31,1841.69
1916,2021-04-01,1918.89
1917,2021-04-02,1968.04
1918,2021-04-03,2134.29
1919,2021-04-04,2010.78
1920,2021-04-05,2076.53
1921,2021-04-06,2107.51
1922,2021-04-07,2112.59
1923,2021-04-08,1961.94
1924,2021-04-09,2081.15
1925,2021-04-10,2066.36
1926,2021-04-11,2134.14
1927,2021-04-12,2148.99
1928,2021-04-13,2137.61
1929,2021-04-14,2299.66
1930,2021-04-15,2432.04
1931,2021-04-16,2517.58
1932,2021-04-17,2426.14
1933,2021-04-18,2318.27
1934,2021-04-19,2242.17
1935,2021-04-20,2162.94
1936,2021-04-21,2332.15
1937,2021-04-22,2358.01
1938,2021-04-23,2401.22
1939,2021-04-24,2369.08
1940,2021-04-25,2217.04
1941,2021-04-26,2321.78
1942,2021-04-27,2536.12
1943,2021-04-28,2669.15
1944,2021-04-29,2749.19
1945,2021-04-30,2758.17
1946,2021-05-01,2776.47
1947,2021-05-02,2947.07
1948,2021-05-03,2951.66
1949,2021-05-04,3431.59
1950,2021-05-05,3242.02
1951,2021-05-06,3527.69
1952,2021-05-07,3490.92
1953,2021-05-08,3482.94
1954,2021-05-09,3914.12
1955,2021-05-10,3927.0
1956,2021-05-11,3950.3
1957,2021-05-12,4176.0
1958,2021-05-13,3858.37
1959,2021-05-14,3717.06
1960,2021-05-15,4081.01
1961,2021-05-16,3647.75
1962,2021-05-17,3586.04
1963,2021-05-18,3285.06
1964,2021-05-19,3377.58
1965,2021-05-20,2443.62
1966,2021-05-21,2770.82
1967,2021-05-22,2433.68
1968,2021-05-23,2297.09
1969,2021-05-24,2097.48
1970,2021-05-25,2649.28
1971,2021-05-26,2709.86
1972,2021-05-27,2889.61
1973,2021-05-28,2742.84
1974,2021-05-29,2408.96
1975,2021-05-30,2278.45
1976,2021-05-31,2387.52
1977,2021-06-01,2705.69
1978,2021-06-02,2634.34
1979,2021-06-03,2705.05
1980,2021-06-04,2854.24
1981,2021-06-05,2692.49
1982,2021-06-06,2627.81
1983,2021-06-07,2712.03
1984,2021-06-08,2593.69
1985,2021-06-09,2509.56
1986,2021-06-10,2608.1
1987,2021-06-11,2470.57
1988,2021-06-12,2356.79
1989,2021-06-13,2367.75
1990,2021-06-14,2509.91
1991,2021-06-15,2582.57
1992,2021-06-16,2543.03
1993,2021-06-17,2367.47
1994,2021-06-18,2371.99
1995,2021-06-19,2232.9
1996,2021-06-20,2166.27
1997,2021-06-21,2243.1
1998,2021-06-22,1886.83
1999,2021-06-23,1879.95
2000,2021-06-24,1967.62
2001,2021-06-25,1988.19
2002,2021-06-26,1810.18
2003,2021-06-27,1830.01
2004,2021-06-28,1983.32
2005,2021-06-29,2083.45
2006,2021-06-30,2166.12
2007,2021-07-01,2276.66
2008,2021-07-02,2109.25
2009,2021-07-03,2154.67
2010,2021-07-04,2227.0
2011,2021-07-05,2323.6
2012,2021-07-06,2196.96
2013,2021-07-07,2322.37
2014,2021-07-08,2318.11
2015,2021-07-09,2114.87
2016,2021-07-10,2146.91
2017,2021-07-11,2111.03
2018,2021-07-12,2140.08
2019,2021-07-13,2033.39
2020,2021-07-14,1939.07
2021,2021-07-15,1993.71
2022,2021-07-16,1917.46
2023,2021-07-17,1875.39
2024,2021-07-18,1898.77
2025,2021-07-19,1892.04
2026,2021-07-20,1817.31
2027,2021-07-21,1785.01
2028,2021-07-22,1995.0
2029,2021-07-23,2018.2
2030,2021-07-24,2124.03
2031,2021-07-25,2187.0
2032,2021-07-26,2192.33
2033,2021-07-27,2229.46
2034,2021-07-28,2301.73
2035,2021-07-29,2300.1
2036,2021-07-30,2381.58
2037,2021-07-31,2463.82
2038,2021-08-01,2530.53
2039,2021-08-02,2557.45
2040,2021-08-03,2609.6
2041,2021-08-04,2507.34
2042,2021-08-05,2724.91
2043,2021-08-06,2828.88
2044,2021-08-07,2892.33
2045,2021-08-08,3162.58
2046,2021-08-09,3012.95
2047,2021-08-10,3164.5
2048,2021-08-11,3141.69
2049,2021-08-12,3164.5
2050,2021-08-13,3048.8
2051,2021-08-14,3324.02
2052,2021-08-15,3266.38
2053,2021-08-16,3311.34
2054,2021-08-17,3147.34
2055,2021-08-18,3011.71
2056,2021-08-19,3014.36
2057,2021-08-20,3184.67
2058,2021-08-21,3286.67
2059,2021-08-22,3226.33
2060,2021-08-23,3240.9
2061,2021-08-24,3322.69
2062,2021-08-25,3173.55
2063,2021-08-26,3228.54
2064,2021-08-27,3092.74
2065,2021-08-28,3275.92
2066,2021-08-29,3247.71
2067,2021-08-30,3225.21
2068,2021-08-31,3229.03
2069,2021-09-01,3431.05
2070,2021-09-02,3829.08
2071,2021-09-03,3787.22
2072,2021-09-04,3938.28
2073,2021-09-05,3887.32
2074,2021-09-06,3954.01
2075,2021-09-07,3928.66
2076,2021-09-08,3432.33
2077,2021-09-09,3500.0
2078,2021-09-10,3423.99
2079,2021-09-11,3206.93
2080,2021-09-12,3265.83
2081,2021-09-13,3408.02
2082,2021-09-14,3285.01
2083,2021-09-15,3435.07
2084,2021-09-16,3614.81
2085,2021-09-17,3569.94
2086,2021-09-18,3398.2
2087,2021-09-19,3437.49
2088,2021-09-20,3328.34
2089,2021-09-21,2976.91
2090,2021-09-22,2764.81
2091,2021-09-23,3077.49
2092,2021-09-24,3154.84
2093,2021-09-25,2929.85
2094,2021-09-26,2927.52
2095,2021-09-27,3060.96
2096,2021-09-28,2927.68
2097,2021-09-29,2807.88
2098,2021-09-30,2850.86
2099,2021-10-01,3000.22
2100,2021-10-02,3309.35
2101,2021-10-03,3390.15
2102,2021-10-04,3418.85
2103,2021-10-05,3386.27
2104,2021-10-06,3517.6
2105,2021-10-07,3575.26
2106,2021-10-08,3587.98
2107,2021-10-09,3561.07
2108,2021-10-10,3574.13
2109,2021-10-11,3415.68
2110,2021-10-12,3543.07
2111,2021-10-13,3489.61
2112,2021-10-14,3605.87
2113,2021-10-15,3791.11
2114,2021-10-16,3866.99
2115,2021-10-17,3826.11
2116,2021-10-18,3845.48
2117,2021-10-19,3747.53
2118,2021-10-20,3877.75
2119,2021-10-21,4160.0
2120,2021-10-22,4055.48
2121,2021-10-23,3971.33
2122,2021-10-24,4168.93
2123,2021-10-25,4082.37
2124,2021-10-26,4219.2
2125,2021-10-27,4129.85
2126,2021-10-28,3922.39
2127,2021-10-29,4287.21
2128,2021-10-30,4416.36
2129,2021-10-31,4319.78
2130,2021-11-01,4289.99
2131,2021-11-02,4323.36
2132,2021-11-03,4588.54
2133,2021-11-04,4607.01
2134,2021-11-05,4537.51
2135,2021-11-06,4482.93
2136,2021-11-07,4522.0
2137,2021-11-08,4617.14
2138,2021-11-09,4811.61
2139,2021-11-10,4732.07
2140,2021-11-11,4634.94
2141,2021-11-12,4722.92
2142,2021-11-13,4669.33
2143,2021-11-14,4650.47
2144,2021-11-15,4627.21
2145,2021-11-16,4564.19
2146,2021-11-17,4211.75
2147,2021-11-18,4292.75
2148,2021-11-19,3998.42
2149,2021-11-20,4297.67
2150,2021-11-21,4414.54
2151,2021-11-22,4263.51
2152,2021-11-23,4088.39
2153,2021-11-24,4341.69
2154,2021-11-25,4271.01
2155,2021-11-26,4525.47
2156,2021-11-27,4043.06
2157,2021-11-28,4099.95
2158,2021-11-29,4298.81
2159,2021-11-30,4448.0
2160,2021-12-01,4630.31
2161,2021-12-02,4588.4
2162,2021-12-03,4514.99
2163,2021-12-04,4223.49
2164,2021-12-05,4124.3
2165,2021-12-06,4200.98
2166,2021-12-07,4354.92
2167,2021-12-08,4308.35
2168,2021-12-09,4439.83
2169,2021-12-10,4106.45
2170,2021-12-11,3901.9
2171,2021-12-12,4088.8
2172,2021-12-13,4133.54
2173,2021-12-14,3783.38
2174,2021-12-15,3861.96
2175,2021-12-16,4019.8
2176,2021-12-17,3959.04
2177,2021-12-18,3877.5
2178,2021-12-19,3961.35
2179,2021-12-20,3924.37
2180,2021-12-21,3941.82
2181,2021-12-22,4018.2
2182,2021-12-23,3980.44
2183,2021-12-24,4111.86
2184,2021-12-25,4050.88
2185,2021-12-26,4098.0
2186,2021-12-27,4064.33
2187,2021-12-28,4038.76
2188,2021-12-29,3792.09
2189,2021-12-30,3628.29
2190,2021-12-31,3710.0
