,date,ltc_p
0,2016-01-01,3.4801
1,2016-01-02,3.485
2,2016-01-03,3.5
3,2016-01-04,3.493
4,2016-01-05,3.43589
5,2016-01-06,3.479
6,2016-01-07,3.44
7,2016-01-08,3.58399
8,2016-01-09,3.54
9,2016-01-10,3.63373
10,2016-01-11,3.52817
11,2016-01-12,3.59492
12,2016-01-13,3.522
13,2016-01-14,3.49
14,2016-01-15,3.48
15,2016-01-16,3.025
16,2016-01-17,3.13
17,2016-01-18,3.03522
18,2016-01-19,3.07283
19,2016-01-20,2.975
20,2016-01-21,3.41683
21,2016-01-22,3.222
22,2016-01-23,3.05926
23,2016-01-24,3.09818
24,2016-01-25,3.13808
25,2016-01-26,3.06401
26,2016-01-27,3.13027
27,2016-01-28,3.35501
28,2016-01-29,3.12411
29,2016-01-30,3.12251
30,2016-01-31,3.07
31,2016-02-01,3.03255
32,2016-02-02,3.04003
33,2016-02-03,3.00316
34,2016-02-04,3.02
35,2016-02-05,3.10443
36,2016-02-06,3.11
37,2016-02-07,3.1184
38,2016-02-08,3.03
39,2016-02-09,2.98943
40,2016-02-10,3.05
41,2016-02-11,3.06
42,2016-02-12,2.92586
43,2016-02-13,3.02501
44,2016-02-14,3.04433
45,2016-02-15,3.14
46,2016-02-16,3.04434
47,2016-02-17,3.13609
48,2016-02-18,3.17947
49,2016-02-19,3.19
50,2016-02-20,3.201
51,2016-02-21,3.41555
52,2016-02-22,3.42
53,2016-02-23,3.39
54,2016-02-24,3.41042
55,2016-02-25,3.30226
56,2016-02-26,3.37213
57,2016-02-27,3.39065
58,2016-02-28,3.37
59,2016-02-29,3.38838
60,2016-03-01,3.37701
61,2016-03-02,3.34515
62,2016-03-03,3.25417
63,2016-03-04,3.21
64,2016-03-05,3.23703
65,2016-03-06,3.11255
66,2016-03-07,3.17857
67,2016-03-08,3.24997
68,2016-03-09,3.25205
69,2016-03-10,3.24532
70,2016-03-11,3.22005
71,2016-03-12,3.30419
72,2016-03-13,3.19561
73,2016-03-14,3.27333
74,2016-03-15,3.25
75,2016-03-16,3.29
76,2016-03-17,3.29
77,2016-03-18,3.26422
78,2016-03-19,3.14133
79,2016-03-20,3.16
80,2016-03-21,3.16214
81,2016-03-22,3.16013
82,2016-03-23,3.18301
83,2016-03-24,3.18764
84,2016-03-25,3.02613
85,2016-03-26,3.16
86,2016-03-27,3.23999
87,2016-03-28,3.27648
88,2016-03-29,3.23001
89,2016-03-30,3.2317
90,2016-03-31,3.16109
91,2016-04-01,3.29989
92,2016-04-02,3.26752
93,2016-04-03,3.25591
94,2016-04-04,3.24118
95,2016-04-05,3.24
96,2016-04-06,3.24
97,2016-04-07,3.23001
98,2016-04-08,3.24
99,2016-04-09,3.24
100,2016-04-10,3.21803
101,2016-04-11,3.19009
102,2016-04-12,3.22001
103,2016-04-13,3.27129
104,2016-04-14,3.21633
105,2016-04-15,3.21
106,2016-04-16,3.29607
107,2016-04-17,3.28
108,2016-04-18,3.24001
109,2016-04-19,3.24191
110,2016-04-20,3.24783
111,2016-04-21,3.22516
112,2016-04-22,3.35
113,2016-04-23,3.34191
114,2016-04-24,3.26053
115,2016-04-25,3.64863
116,2016-04-26,3.81457
117,2016-04-27,4.12315
118,2016-04-28,3.87399
119,2016-04-29,3.8
120,2016-04-30,3.83853
121,2016-05-01,3.69254
122,2016-05-02,3.67215
123,2016-05-03,3.6944
124,2016-05-04,3.75
125,2016-05-05,3.73
126,2016-05-06,3.74534
127,2016-05-07,3.82774
128,2016-05-08,3.93453
129,2016-05-09,3.9264
130,2016-05-10,4.03778
131,2016-05-11,3.79712
132,2016-05-12,3.86099
133,2016-05-13,3.87678
134,2016-05-14,3.92548
135,2016-05-15,3.98954
136,2016-05-16,4.1
137,2016-05-17,4.01163
138,2016-05-18,3.99571
139,2016-05-19,4.00677
140,2016-05-20,3.80978
141,2016-05-21,3.82371
142,2016-05-22,3.83908
143,2016-05-23,3.86145
144,2016-05-24,3.95068
145,2016-05-25,3.95357
146,2016-05-26,3.93109
147,2016-05-27,3.99898
148,2016-05-28,4.41961
149,2016-05-29,4.54663
150,2016-05-30,4.47025
151,2016-05-31,4.47715
152,2016-06-01,4.5568
153,2016-06-02,4.65148
154,2016-06-03,4.69049
155,2016-06-04,4.88618
156,2016-06-05,4.83228
157,2016-06-06,4.89413
158,2016-06-07,4.99629
159,2016-06-08,4.7673
160,2016-06-09,4.8
161,2016-06-10,4.75447
162,2016-06-11,4.86445
163,2016-06-12,5.0
164,2016-06-13,5.28101
165,2016-06-14,5.25872
166,2016-06-15,5.1661
167,2016-06-16,5.20637
168,2016-06-17,5.71709
169,2016-06-18,5.89187
170,2016-06-19,5.58396
171,2016-06-20,5.5304
172,2016-06-21,5.33883
173,2016-06-22,4.87
174,2016-06-23,4.07154
175,2016-06-24,4.07699
176,2016-06-25,4.32834
177,2016-06-26,4.27775
178,2016-06-27,4.03
179,2016-06-28,4.24816
180,2016-06-29,4.08491
181,2016-06-30,4.06146
182,2016-07-01,4.16053
183,2016-07-02,4.18752
184,2016-07-03,4.5241
185,2016-07-04,4.28375
186,2016-07-05,4.46024
187,2016-07-06,4.54996
188,2016-07-07,4.39337
189,2016-07-08,4.00351
190,2016-07-09,4.25
191,2016-07-10,4.15
192,2016-07-11,4.12997
193,2016-07-12,4.20323
194,2016-07-13,4.2
195,2016-07-14,4.17853
196,2016-07-15,4.17491
197,2016-07-16,4.175
198,2016-07-17,4.10239
199,2016-07-18,4.13161
200,2016-07-19,4.18051
201,2016-07-20,4.18098
202,2016-07-21,4.14282
203,2016-07-22,4.11099
204,2016-07-23,4.09995
205,2016-07-24,3.9517
206,2016-07-25,4.06187
207,2016-07-26,4.04
208,2016-07-27,3.97287
209,2016-07-28,3.94306
210,2016-07-29,3.95623
211,2016-07-30,4.1132
212,2016-07-31,4.04868
213,2016-08-01,3.94
214,2016-08-02,3.84
215,2016-08-03,3.59459
216,2016-08-04,3.73
217,2016-08-05,3.77644
218,2016-08-06,3.61783
219,2016-08-07,3.8
220,2016-08-08,3.73319
221,2016-08-09,3.60152
222,2016-08-10,3.68706
223,2016-08-11,3.76567
224,2016-08-12,3.78506
225,2016-08-13,3.67438
226,2016-08-14,3.668
227,2016-08-15,3.60656
228,2016-08-16,3.55202
229,2016-08-17,3.6399
230,2016-08-18,3.62985
231,2016-08-19,3.58214
232,2016-08-20,3.60365
233,2016-08-21,3.62751
234,2016-08-22,3.61525
235,2016-08-23,3.67618
236,2016-08-24,0.0
237,2016-08-25,0.0
238,2016-08-26,0.0
239,2016-08-27,3.79555
240,2016-08-28,0.0
241,2016-08-29,3.72171
242,2016-08-30,3.81881
243,2016-08-31,3.79
244,2016-09-01,3.6523
245,2016-09-02,0.0
246,2016-09-03,3.856
247,2016-09-04,3.89999
248,2016-09-05,3.98
249,2016-09-06,0.0
250,2016-09-07,3.97807
251,2016-09-08,4.0413
252,2016-09-09,4.03844
253,2016-09-10,0.0
254,2016-09-11,0.0
255,2016-09-12,3.93158
256,2016-09-13,0.0
257,2016-09-14,3.85124
258,2016-09-15,3.85707
259,2016-09-16,3.87113
260,2016-09-17,3.81511
261,2016-09-18,3.85564
262,2016-09-19,3.86699
263,2016-09-20,3.82635
264,2016-09-21,3.7594
265,2016-09-22,0.0
266,2016-09-23,3.76235
267,2016-09-24,0.0
268,2016-09-25,0.0
269,2016-09-26,3.73282
270,2016-09-27,0.0
271,2016-09-28,3.841
272,2016-09-29,0.0
273,2016-09-30,3.88157
274,2016-10-01,3.83373
275,2016-10-02,0.0
276,2016-10-03,0.0
277,2016-10-04,3.83947
278,2016-10-05,3.83365
279,2016-10-06,3.86532
280,2016-10-07,3.83662
281,2016-10-08,0.0
282,2016-10-09,3.85829
283,2016-10-10,3.81841
284,2016-10-11,3.78278
285,2016-10-12,3.8254
286,2016-10-13,3.80419
287,2016-10-14,3.91363
288,2016-10-15,3.90503
289,2016-10-16,3.84944
290,2016-10-17,3.92236
291,2016-10-18,3.84934
292,2016-10-19,3.81174
293,2016-10-20,3.8093
294,2016-10-21,3.77001
295,2016-10-22,3.8074
296,2016-10-23,3.9
297,2016-10-24,3.9
298,2016-10-25,3.84115
299,2016-10-26,3.86074
300,2016-10-27,3.95921
301,2016-10-28,3.94638
302,2016-10-29,3.94001
303,2016-10-30,4.02563
304,2016-10-31,4.04822
305,2016-11-01,4.03078
306,2016-11-02,4.07164
307,2016-11-03,4.11579
308,2016-11-04,3.91627
309,2016-11-05,3.82218
310,2016-11-06,3.91481
311,2016-11-07,3.9
312,2016-11-08,3.90339
313,2016-11-09,3.83236
314,2016-11-10,3.8256
315,2016-11-11,3.80248
316,2016-11-12,3.80001
317,2016-11-13,3.73667
318,2016-11-14,3.86329
319,2016-11-15,3.85466
320,2016-11-16,3.9091
321,2016-11-17,3.90765
322,2016-11-18,3.91457
323,2016-11-19,3.88268
324,2016-11-20,3.95
325,2016-11-21,3.83
326,2016-11-22,3.94959
327,2016-11-23,3.94885
328,2016-11-24,3.92124
329,2016-11-25,3.86821
330,2016-11-26,3.8472
331,2016-11-27,3.89229
332,2016-11-28,3.89175
333,2016-11-29,3.8988
334,2016-11-30,3.8548
335,2016-12-01,3.83729
336,2016-12-02,3.90463
337,2016-12-03,3.93515
338,2016-12-04,3.92
339,2016-12-05,3.9073
340,2016-12-06,3.55351
341,2016-12-07,3.49076
342,2016-12-08,3.65
343,2016-12-09,3.69703
344,2016-12-10,3.6639
345,2016-12-11,3.69866
346,2016-12-12,3.65843
347,2016-12-13,3.67072
348,2016-12-14,3.67018
349,2016-12-15,3.59731
350,2016-12-16,3.67356
351,2016-12-17,3.62352
352,2016-12-18,3.72322
353,2016-12-19,3.71673
354,2016-12-20,3.62656
355,2016-12-21,3.66615
356,2016-12-22,3.62212
357,2016-12-23,3.64677
358,2016-12-24,4.61229
359,2016-12-25,4.44289
360,2016-12-26,4.22365
361,2016-12-27,4.1906
362,2016-12-28,4.35
363,2016-12-29,4.56609
364,2016-12-30,4.42463
365,2016-12-31,4.44044
366,2017-01-01,4.37736
367,2017-01-02,4.53473
368,2017-01-03,4.55675
369,2017-01-04,4.57124
370,2017-01-05,4.58009
371,2017-01-06,4.25
372,2017-01-07,3.81007
373,2017-01-08,3.975
374,2017-01-09,4.03995
375,2017-01-10,4.47632
376,2017-01-11,4.67767
377,2017-01-12,3.945
378,2017-01-13,4.03001
379,2017-01-14,3.94073
380,2017-01-15,3.89579
381,2017-01-16,3.88552
382,2017-01-17,3.88106
383,2017-01-18,3.99982
384,2017-01-19,3.9
385,2017-01-20,3.9
386,2017-01-21,3.88685
387,2017-01-22,3.93752
388,2017-01-23,3.82689
389,2017-01-24,3.82748
390,2017-01-25,3.72
391,2017-01-26,3.71801
392,2017-01-27,3.89417
393,2017-01-28,3.85816
394,2017-01-29,3.89844
395,2017-01-30,3.89
396,2017-01-31,4.1421
397,2017-02-01,4.12475
398,2017-02-02,4.07618
399,2017-02-03,4.05572
400,2017-02-04,4.00288
401,2017-02-05,4.0
402,2017-02-06,3.94289
403,2017-02-07,3.95043
404,2017-02-08,3.96041
405,2017-02-09,3.99
406,2017-02-10,3.76972
407,2017-02-11,3.80934
408,2017-02-12,3.85589
409,2017-02-13,3.79486
410,2017-02-14,3.78359
411,2017-02-15,3.84348
412,2017-02-16,3.90418
413,2017-02-17,3.84123
414,2017-02-18,3.82873
415,2017-02-19,3.8
416,2017-02-20,3.77276
417,2017-02-21,3.80757
418,2017-02-22,3.81157
419,2017-02-23,3.912
420,2017-02-24,3.88249
421,2017-02-25,3.94999
422,2017-02-26,3.85892
423,2017-02-27,3.89328
424,2017-02-28,3.83075
425,2017-03-01,3.77
426,2017-03-02,3.86
427,2017-03-03,4.05855
428,2017-03-04,4.01097
429,2017-03-05,3.95341
430,2017-03-06,4.01867
431,2017-03-07,4.05
432,2017-03-08,3.95
433,2017-03-09,3.8
434,2017-03-10,3.90011
435,2017-03-11,3.81437
436,2017-03-12,3.75009
437,2017-03-13,3.85081
438,2017-03-14,4.32674
439,2017-03-15,4.21874
440,2017-03-16,4.35835
441,2017-03-17,4.34534
442,2017-03-18,4.0
443,2017-03-19,3.90012
444,2017-03-20,3.80261
445,2017-03-21,4.04161
446,2017-03-22,4.07064
447,2017-03-23,3.86127
448,2017-03-24,3.91886
449,2017-03-25,4.07015
450,2017-03-26,4.0517
451,2017-03-27,4.04057
452,2017-03-28,4.05974
453,2017-03-29,4.19326
454,2017-03-30,4.2816
455,2017-03-31,7.49488
456,2017-04-01,7.07063
457,2017-04-02,7.50165
458,2017-04-03,8.3907
459,2017-04-04,8.58428
460,2017-04-05,9.04635
461,2017-04-06,12.5
462,2017-04-07,10.91921
463,2017-04-08,10.0
464,2017-04-09,10.65513
465,2017-04-10,9.27334
466,2017-04-11,9.92532
467,2017-04-12,9.53286
468,2017-04-13,11.80772
469,2017-04-14,10.97542
470,2017-04-15,11.75
471,2017-04-16,11.79793
472,2017-04-17,11.68288
473,2017-04-18,11.22997
474,2017-04-19,11.03446
475,2017-04-20,10.10044
476,2017-04-21,11.0
477,2017-04-22,12.06421
478,2017-04-23,14.18999
479,2017-04-24,15.15856
480,2017-04-25,15.0
481,2017-04-26,15.53488
482,2017-04-27,15.01087
483,2017-04-28,14.84996
484,2017-04-29,14.50019
485,2017-04-30,15.89998
486,2017-05-01,15.65775
487,2017-05-02,15.80934
488,2017-05-03,15.8803
489,2017-05-04,21.49806
490,2017-05-05,23.40128
491,2017-05-06,25.799
492,2017-05-07,27.5501
493,2017-05-08,28.89992
494,2017-05-09,28.40103
495,2017-05-10,33.5
496,2017-05-11,31.78647
497,2017-05-12,30.73097
498,2017-05-13,27.06706
499,2017-05-14,28.93988
500,2017-05-15,28.45155
501,2017-05-16,25.34005
502,2017-05-17,23.59999
503,2017-05-18,25.65995
504,2017-05-19,28.49319
505,2017-05-20,27.32826
506,2017-05-21,26.97611
507,2017-05-22,25.31202
508,2017-05-23,23.67368
509,2017-05-24,30.75689
510,2017-05-25,33.80884
511,2017-05-26,26.99999
512,2017-05-27,24.96146
513,2017-05-28,22.15887
514,2017-05-29,23.51315
515,2017-05-30,25.43966
516,2017-05-31,23.57136
517,2017-06-01,25.78003
518,2017-06-02,27.32096
519,2017-06-03,27.99972
520,2017-06-04,27.32443
521,2017-06-05,27.8
522,2017-06-06,30.67559
523,2017-06-07,30.27535
524,2017-06-08,28.4819
525,2017-06-09,30.39897
526,2017-06-10,29.66394
527,2017-06-11,28.77335
528,2017-06-12,33.12001
529,2017-06-13,28.39001
530,2017-06-14,30.3
531,2017-06-15,29.05
532,2017-06-16,29.26995
533,2017-06-17,33.679
534,2017-06-18,46.00616
535,2017-06-19,43.42496
536,2017-06-20,47.02074
537,2017-06-21,45.09778
538,2017-06-22,43.73207
539,2017-06-23,46.0653
540,2017-06-24,45.17501
541,2017-06-25,42.39493
542,2017-06-26,40.34004
543,2017-06-27,37.9
544,2017-06-28,39.325
545,2017-06-29,41.90211
546,2017-06-30,40.064
547,2017-07-01,39.04784
548,2017-07-02,37.93099
549,2017-07-03,41.49999
550,2017-07-04,45.44074
551,2017-07-05,55.0
552,2017-07-06,53.19887
553,2017-07-07,51.01003
554,2017-07-08,46.194
555,2017-07-09,51.11292
556,2017-07-10,48.95577
557,2017-07-11,44.25018
558,2017-07-12,43.80525
559,2017-07-13,46.78
560,2017-07-14,45.4588
561,2017-07-15,42.68258
562,2017-07-16,38.3
563,2017-07-17,40.53231
564,2017-07-18,42.24799
565,2017-07-19,43.47451
566,2017-07-20,39.909
567,2017-07-21,44.75301
568,2017-07-22,45.25
569,2017-07-23,46.69893
570,2017-07-24,45.28583
571,2017-07-25,44.686
572,2017-07-26,42.09
573,2017-07-27,41.84999
574,2017-07-28,41.62096
575,2017-07-29,40.55
576,2017-07-30,41.19992
577,2017-07-31,40.712
578,2017-08-01,42.3501
579,2017-08-02,43.0
580,2017-08-03,41.85878
581,2017-08-04,42.76589
582,2017-08-05,43.48991
583,2017-08-06,46.22
584,2017-08-07,45.30269
585,2017-08-08,45.8391
586,2017-08-09,49.10311
587,2017-08-10,48.2
588,2017-08-11,47.46014
589,2017-08-12,47.15213
590,2017-08-13,46.11642
591,2017-08-14,45.30001
592,2017-08-15,45.9941
593,2017-08-16,42.9999
594,2017-08-17,44.05
595,2017-08-18,43.94
596,2017-08-19,46.42
597,2017-08-20,45.34
598,2017-08-21,46.15
599,2017-08-22,48.49997
600,2017-08-23,46.51001
601,2017-08-24,53.99794
602,2017-08-25,50.555
603,2017-08-26,51.7
604,2017-08-27,51.68
605,2017-08-28,61.0
606,2017-08-29,62.1589
607,2017-08-30,62.865
608,2017-08-31,65.8
609,2017-09-01,73.3708
610,2017-09-02,87.45
611,2017-09-03,79.479
612,2017-09-04,80.03
613,2017-09-05,70.1002
614,2017-09-06,74.6
615,2017-09-07,82.41
616,2017-09-08,81.07
617,2017-09-09,74.1
618,2017-09-10,71.99
619,2017-09-11,67.84
620,2017-09-12,68.46
621,2017-09-13,66.43
622,2017-09-14,61.89
623,2017-09-15,45.49
624,2017-09-16,52.16
625,2017-09-17,52.29
626,2017-09-18,51.21
627,2017-09-19,56.12
628,2017-09-20,53.09
629,2017-09-21,51.25
630,2017-09-22,46.71
631,2017-09-23,47.82
632,2017-09-24,49.46
633,2017-09-25,47.69
634,2017-09-26,52.37
635,2017-09-27,52.04
636,2017-09-28,57.0
637,2017-09-29,55.11
638,2017-09-30,52.92
639,2017-10-01,55.65
640,2017-10-02,54.68
641,2017-10-03,53.2
642,2017-10-04,52.14
643,2017-10-05,51.01
644,2017-10-06,51.66
645,2017-10-07,52.08
646,2017-10-08,52.52
647,2017-10-09,53.14
648,2017-10-10,50.06
649,2017-10-11,50.62
650,2017-10-12,50.75
651,2017-10-13,59.39
652,2017-10-14,58.8
653,2017-10-15,63.8
654,2017-10-16,65.31
655,2017-10-17,64.6
656,2017-10-18,59.37
657,2017-10-19,60.89
658,2017-10-20,59.8
659,2017-10-21,60.04
660,2017-10-22,58.11
661,2017-10-23,56.69
662,2017-10-24,54.66
663,2017-10-25,55.99
664,2017-10-26,56.39
665,2017-10-27,55.56
666,2017-10-28,55.17
667,2017-10-29,54.22
668,2017-10-30,56.75
669,2017-10-31,56.29
670,2017-11-01,55.47
671,2017-11-02,53.46
672,2017-11-03,54.19
673,2017-11-04,55.98
674,2017-11-05,54.89
675,2017-11-06,54.42
676,2017-11-07,54.64
677,2017-11-08,60.56
678,2017-11-09,62.16
679,2017-11-10,64.22
680,2017-11-11,58.8
681,2017-11-12,61.88
682,2017-11-13,58.1
683,2017-11-14,61.03
684,2017-11-15,63.22
685,2017-11-16,63.24
686,2017-11-17,70.0
687,2017-11-18,67.7
688,2017-11-19,69.58
689,2017-11-20,71.08
690,2017-11-21,72.0
691,2017-11-22,69.76
692,2017-11-23,71.88
693,2017-11-24,73.01
694,2017-11-25,75.99
695,2017-11-26,87.16
696,2017-11-27,84.01
697,2017-11-28,89.84
698,2017-11-29,92.87
699,2017-11-30,83.65
700,2017-12-01,87.59
701,2017-12-02,97.43
702,2017-12-03,98.76
703,2017-12-04,100.43
704,2017-12-05,103.1
705,2017-12-06,101.0
706,2017-12-07,97.87
707,2017-12-08,92.98
708,2017-12-09,119.84
709,2017-12-10,148.51
710,2017-12-11,144.39
711,2017-12-12,210.69
712,2017-12-13,290.54
713,2017-12-14,294.61
714,2017-12-15,271.94
715,2017-12-16,299.0
716,2017-12-17,296.17
717,2017-12-18,312.78
718,2017-12-19,353.65
719,2017-12-20,341.64
720,2017-12-21,298.75
721,2017-12-22,297.14
722,2017-12-23,258.63
723,2017-12-24,276.72
724,2017-12-25,264.89
725,2017-12-26,265.89
726,2017-12-27,279.81
727,2017-12-28,264.87
728,2017-12-29,249.45
729,2017-12-30,240.08
730,2017-12-31,212.12
731,2018-01-01,230.0
732,2018-01-02,225.63
733,2018-01-03,254.6
734,2018-01-04,245.1
735,2018-01-05,240.0
736,2018-01-06,241.0
737,2018-01-07,280.53
738,2018-01-08,266.55
739,2018-01-09,254.96
740,2018-01-10,246.05
741,2018-01-11,251.83
742,2018-01-12,230.7
743,2018-01-14,261.85
744,2018-01-15,238.95
745,2018-01-16,231.55
746,2018-01-17,190.73
747,2018-01-18,187.5
748,2018-01-19,192.67
749,2018-01-20,194.41
750,2018-01-21,211.75
751,2018-01-22,190.93
752,2018-01-23,180.01
753,2018-01-24,177.32
754,2018-01-25,180.99
755,2018-01-26,179.05
756,2018-01-27,175.39
757,2018-01-28,180.2
758,2018-01-29,192.24
759,2018-01-30,180.26
760,2018-01-31,163.63
761,2018-02-01,162.3
762,2018-02-02,140.78
763,2018-02-03,131.08
764,2018-02-04,160.88
765,2018-02-05,147.07
766,2018-02-06,123.67
767,2018-02-07,141.91
768,2018-02-08,137.5
769,2018-02-09,149.5
770,2018-02-10,164.59
771,2018-02-11,154.51
772,2018-02-12,148.4
773,2018-02-13,161.64
774,2018-02-14,158.82
775,2018-02-15,212.79
776,2018-02-16,222.65
777,2018-02-17,228.88
778,2018-02-18,229.86
779,2018-02-19,214.31
780,2018-02-20,222.67
781,2018-02-21,228.73
782,2018-02-22,210.36
783,2018-02-23,193.24
784,2018-02-24,207.04
785,2018-02-25,206.34
786,2018-02-26,218.27
787,2018-02-27,218.78
788,2018-02-28,215.0
789,2018-03-01,201.84
790,2018-03-02,209.05
791,2018-03-03,212.31
792,2018-03-04,209.83
793,2018-03-05,213.7
794,2018-03-06,210.5
795,2018-03-07,195.9
796,2018-03-08,185.45
797,2018-03-09,175.35
798,2018-03-10,185.99
799,2018-03-11,176.47
800,2018-03-12,188.36
801,2018-03-13,177.66
802,2018-03-14,175.35
803,2018-03-15,160.24
804,2018-03-16,163.48
805,2018-03-17,164.77
806,2018-03-18,152.24
807,2018-03-19,153.24
808,2018-03-20,161.23
809,2018-03-21,168.73
810,2018-03-22,168.67
811,2018-03-23,163.34
812,2018-03-24,168.82
813,2018-03-25,158.29
814,2018-03-26,160.14
815,2018-03-27,148.1
816,2018-03-28,134.62
817,2018-03-29,131.54
818,2018-03-30,114.4
819,2018-03-31,118.07
820,2018-04-01,115.84
821,2018-04-02,115.0
822,2018-04-03,118.89
823,2018-04-04,133.87
824,2018-04-05,118.29
825,2018-04-06,118.39
826,2018-04-07,112.79
827,2018-04-08,115.97
828,2018-04-09,117.75
829,2018-04-10,114.85
830,2018-04-11,113.96
831,2018-04-12,117.97
832,2018-04-13,129.9
833,2018-04-14,125.21
834,2018-04-15,126.36
835,2018-04-16,132.84
836,2018-04-17,128.77
837,2018-04-18,132.59
838,2018-04-19,140.21
839,2018-04-20,146.53
840,2018-04-21,155.55
841,2018-04-22,148.97
842,2018-04-23,146.72
843,2018-04-24,152.43
844,2018-04-25,165.27
845,2018-04-26,144.63
846,2018-04-27,153.53
847,2018-04-28,146.02
848,2018-04-29,151.62
849,2018-04-30,153.44
850,2018-05-01,148.38
851,2018-05-02,148.34
852,2018-05-03,151.5
853,2018-05-04,161.39
854,2018-05-05,169.0
855,2018-05-06,177.56
856,2018-05-07,171.56
857,2018-05-08,164.44
858,2018-05-09,158.8
859,2018-05-10,156.45
860,2018-05-11,148.18
861,2018-05-12,135.86
862,2018-05-13,141.47
863,2018-05-14,144.34
864,2018-05-15,147.45
865,2018-05-16,139.19
866,2018-05-17,139.2
867,2018-05-18,132.14
868,2018-05-19,135.97
869,2018-05-20,135.04
870,2018-05-21,140.1
871,2018-05-22,134.18
872,2018-05-23,128.24
873,2018-05-24,118.61
874,2018-05-25,122.65
875,2018-05-26,118.99
876,2018-05-27,118.18
877,2018-05-28,117.71
878,2018-05-29,111.11
879,2018-05-30,119.26
880,2018-05-31,117.2
881,2018-06-01,118.18
882,2018-06-02,119.84
883,2018-06-03,123.33
884,2018-06-04,125.2
885,2018-06-05,119.66
886,2018-06-06,122.0
887,2018-06-07,121.34
888,2018-06-08,121.27
889,2018-06-09,119.94
890,2018-06-10,117.29
891,2018-06-11,106.35
892,2018-06-12,107.07
893,2018-06-13,99.94
894,2018-06-14,93.59
895,2018-06-15,100.89
896,2018-06-16,95.45
897,2018-06-17,97.26
898,2018-06-18,94.93
899,2018-06-19,98.77
900,2018-06-20,98.6
901,2018-06-21,97.82
902,2018-06-22,96.61
903,2018-06-23,84.77
904,2018-06-24,82.9
905,2018-06-25,80.53
906,2018-06-26,81.51
907,2018-06-27,75.65
908,2018-06-28,80.78
909,2018-06-29,74.11
910,2018-06-30,78.96
911,2018-07-01,81.06
912,2018-07-02,79.82
913,2018-07-03,85.39
914,2018-07-04,84.92
915,2018-07-05,84.99
916,2018-07-06,83.21
917,2018-07-07,83.39
918,2018-07-08,84.98
919,2018-07-09,82.22
920,2018-07-10,80.12
921,2018-07-11,75.97
922,2018-07-12,78.1
923,2018-07-13,76.85
924,2018-07-14,76.6
925,2018-07-15,76.37
926,2018-07-16,78.48
927,2018-07-17,83.95
928,2018-07-18,88.83
929,2018-07-19,86.23
930,2018-07-20,86.1
931,2018-07-21,81.6
932,2018-07-22,83.49
933,2018-07-23,82.33
934,2018-07-24,81.47
935,2018-07-25,89.24
936,2018-07-26,86.22
937,2018-07-27,83.56
938,2018-07-28,84.2
939,2018-07-29,84.21
940,2018-07-30,83.91
941,2018-07-31,82.27
942,2018-08-01,78.75
943,2018-08-02,77.48
944,2018-08-03,76.12
945,2018-08-04,77.68
946,2018-08-05,73.02
947,2018-08-06,74.56
948,2018-08-07,73.57
949,2018-08-08,67.34
950,2018-08-09,62.06
951,2018-08-10,63.28
952,2018-08-11,58.92
953,2018-08-12,57.75
954,2018-08-13,59.32
955,2018-08-14,56.5
956,2018-08-15,54.35
957,2018-08-16,54.32
958,2018-08-17,55.32
959,2018-08-18,61.9
960,2018-08-19,57.19
961,2018-08-20,57.86
962,2018-08-21,53.41
963,2018-08-22,56.4
964,2018-08-23,55.18
965,2018-08-24,57.26
966,2018-08-25,57.94
967,2018-08-26,57.94
968,2018-08-27,57.02
969,2018-08-28,60.5
970,2018-08-29,63.14
971,2018-08-30,61.5
972,2018-08-31,60.12
973,2018-09-01,62.16
974,2018-09-02,66.44
975,2018-09-03,66.29
976,2018-09-04,65.23
977,2018-09-05,67.6
978,2018-09-06,57.58
979,2018-09-07,57.42
980,2018-09-08,55.67
981,2018-09-09,53.09
982,2018-09-10,54.54
983,2018-09-11,54.27
984,2018-09-12,51.9
985,2018-09-13,51.71
986,2018-09-14,54.58
987,2018-09-15,56.57
988,2018-09-16,56.28
989,2018-09-17,56.71
990,2018-09-18,52.19
991,2018-09-19,54.21
992,2018-09-20,54.2
993,2018-09-21,56.54
994,2018-09-22,60.88
995,2018-09-23,60.54
996,2018-09-24,61.39
997,2018-09-25,57.93
998,2018-09-26,57.55
999,2018-09-27,57.17
1000,2018-09-28,63.26
1001,2018-09-29,61.8
1002,2018-09-30,61.48
1003,2018-10-01,60.96
1004,2018-10-02,60.29
1005,2018-10-03,59.22
1006,2018-10-04,57.23
1007,2018-10-05,57.97
1008,2018-10-06,58.55
1009,2018-10-07,57.61
1010,2018-10-08,57.95
1011,2018-10-09,59.15
1012,2018-10-10,58.48
1013,2018-10-11,57.58
1014,2018-10-12,50.62
1015,2018-10-13,52.84
1016,2018-10-14,52.84
1017,2018-10-15,51.14
1018,2018-10-16,53.48
1019,2018-10-17,53.1
1020,2018-10-18,52.93
1021,2018-10-19,51.76
1022,2018-10-20,52.49
1023,2018-10-21,52.86
1024,2018-10-22,52.25
1025,2018-10-23,51.75
1026,2018-10-24,52.07
1027,2018-10-25,51.91
1028,2018-10-26,51.68
1029,2018-10-27,51.61
1030,2018-10-28,51.53
1031,2018-10-29,51.41
1032,2018-10-30,48.52
1033,2018-10-31,48.86
1034,2018-11-01,49.42
1035,2018-11-02,50.15
1036,2018-11-03,51.05
1037,2018-11-04,50.66
1038,2018-11-05,54.06
1039,2018-11-06,53.48
1040,2018-11-07,55.91
1041,2018-11-08,53.83
1042,2018-11-09,52.12
1043,2018-11-10,51.65
1044,2018-11-11,51.75
1045,2018-11-12,50.88
1046,2018-11-13,50.23
1047,2018-11-14,48.9
1048,2018-11-15,42.74
1049,2018-11-16,43.38
1050,2018-11-17,41.74
1051,2018-11-18,41.44
1052,2018-11-19,41.8
1053,2018-11-20,35.81
1054,2018-11-21,32.33
1055,2018-11-22,34.37
1056,2018-11-23,31.38
1057,2018-11-24,31.77
1058,2018-11-25,28.59
1059,2018-11-26,30.39
1060,2018-11-27,29.05
1061,2018-11-28,30.8
1062,2018-11-29,34.36
1063,2018-11-30,33.48
1064,2018-12-01,31.65
1065,2018-12-02,33.77
1066,2018-12-03,33.32
1067,2018-12-04,30.48
1068,2018-12-05,30.69
1069,2018-12-06,28.7
1070,2018-12-07,26.2
1071,2018-12-08,24.79
1072,2018-12-09,24.2
1073,2018-12-10,25.29
1074,2018-12-11,23.98
1075,2018-12-12,23.17
1076,2018-12-13,24.01
1077,2018-12-14,22.82
1078,2018-12-15,23.13
1079,2018-12-16,23.36
1080,2018-12-17,25.2
1081,2018-12-18,28.87
1082,2018-12-19,30.0
1083,2018-12-20,29.13
1084,2018-12-21,32.45
1085,2018-12-22,30.28
1086,2018-12-23,31.6
1087,2018-12-24,33.08
1088,2018-12-25,32.97
1089,2018-12-26,30.71
1090,2018-12-27,30.54
1091,2018-12-28,27.75
1092,2018-12-29,32.29
1093,2018-12-30,30.44
1094,2018-12-31,31.58
1095,2019-01-01,29.77
1096,2019-01-02,31.7
1097,2019-01-03,32.97
1098,2019-01-04,31.56
1099,2019-01-05,32.11
1100,2019-01-06,34.51
1101,2019-01-07,38.88
1102,2019-01-08,37.61
1103,2019-01-09,39.12
1104,2019-01-10,38.5
1105,2019-01-11,33.37
1106,2019-01-12,31.7
1107,2019-01-13,32.01
1108,2019-01-14,29.81
1109,2019-01-15,32.0
1110,2019-01-16,31.05
1111,2019-01-17,31.37
1112,2019-01-18,31.64
1113,2019-01-19,30.85
1114,2019-01-20,32.2
1115,2019-01-21,30.57
1116,2019-01-22,30.91
1117,2019-01-23,31.5
1118,2019-01-24,31.66
1119,2019-01-25,32.43
1120,2019-01-26,32.7
1121,2019-01-27,32.7
1122,2019-01-28,32.05
1123,2019-01-29,30.88
1124,2019-01-30,30.67
1125,2019-01-31,31.54
1126,2019-02-01,31.18
1127,2019-02-02,32.43
1128,2019-02-03,34.17
1129,2019-02-04,33.07
1130,2019-02-05,33.61
1131,2019-02-06,33.94
1132,2019-02-07,32.42
1133,2019-02-08,32.83
1134,2019-02-09,42.52
1135,2019-02-10,44.3
1136,2019-02-11,46.43
1137,2019-02-12,42.37
1138,2019-02-13,43.25
1139,2019-02-14,41.27
1140,2019-02-15,40.96
1141,2019-02-16,42.12
1142,2019-02-17,42.96
1143,2019-02-18,43.35
1144,2019-02-19,47.4
1145,2019-02-20,46.85
1146,2019-02-21,51.13
1147,2019-02-22,48.43
1148,2019-02-23,49.01
1149,2019-02-24,51.24
1150,2019-02-25,43.54
1151,2019-02-26,45.31
1152,2019-02-27,44.72
1153,2019-02-28,44.94
1154,2019-03-01,45.35
1155,2019-03-02,46.83
1156,2019-03-03,48.28
1157,2019-03-04,47.58
1158,2019-03-05,45.62
1159,2019-03-06,52.42
1160,2019-03-07,55.16
1161,2019-03-08,56.4
1162,2019-03-09,55.29
1163,2019-03-10,57.48
1164,2019-03-11,56.34
1165,2019-03-12,54.6
1166,2019-03-13,56.21
1167,2019-03-14,55.17
1168,2019-03-15,55.59
1169,2019-03-16,58.18
1170,2019-03-17,60.95
1171,2019-03-18,60.28
1172,2019-03-19,58.97
1173,2019-03-20,59.32
1174,2019-03-21,60.17
1175,2019-03-22,58.44
1176,2019-03-23,59.23
1177,2019-03-24,60.61
1178,2019-03-25,59.54
1179,2019-03-26,58.69
1180,2019-03-27,58.37
1181,2019-03-28,61.35
1182,2019-03-29,60.29
1183,2019-03-30,61.13
1184,2019-03-31,60.26
1185,2019-04-01,60.29
1186,2019-04-02,60.36
1187,2019-04-03,77.6
1188,2019-04-04,85.46
1189,2019-04-05,84.8
1190,2019-04-06,88.88
1191,2019-04-07,92.31
1192,2019-04-08,92.05
1193,2019-04-09,89.45
1194,2019-04-10,86.94
1195,2019-04-11,88.41
1196,2019-04-12,79.46
1197,2019-04-13,78.97
1198,2019-04-14,78.01
1199,2019-04-15,83.65
1200,2019-04-16,78.23
1201,2019-04-17,80.92
1202,2019-04-18,79.17
1203,2019-04-19,81.9
1204,2019-04-20,82.47
1205,2019-04-21,81.62
1206,2019-04-22,77.19
1207,2019-04-23,76.89
1208,2019-04-24,74.18
1209,2019-04-25,73.25
1210,2019-04-26,70.46
1211,2019-04-27,71.57
1212,2019-04-28,70.5
1213,2019-04-29,67.88
1214,2019-04-30,66.34
1215,2019-05-01,73.51
1216,2019-05-02,72.51
1217,2019-05-03,72.38
1218,2019-05-04,77.81
1219,2019-05-05,77.11
1220,2019-05-06,74.91
1221,2019-05-07,74.21
1222,2019-05-08,73.18
1223,2019-05-09,73.79
1224,2019-05-10,73.7
1225,2019-05-11,76.86
1226,2019-05-12,88.46
1227,2019-05-13,84.44
1228,2019-05-14,87.74
1229,2019-05-15,91.54
1230,2019-05-16,102.4
1231,2019-05-17,95.72
1232,2019-05-18,89.75
1233,2019-05-19,86.81
1234,2019-05-20,95.03
1235,2019-05-21,91.9
1236,2019-05-22,91.67
1237,2019-05-23,87.73
1238,2019-05-24,89.0
1239,2019-05-25,100.58
1240,2019-05-26,103.13
1241,2019-05-27,112.64
1242,2019-05-28,116.79
1243,2019-05-29,114.94
1244,2019-05-30,114.95
1245,2019-05-31,108.07
1246,2019-06-01,114.64
1247,2019-06-02,112.5
1248,2019-06-03,114.51
1249,2019-06-04,105.73
1250,2019-06-05,101.9
1251,2019-06-06,103.91
1252,2019-06-07,111.31
1253,2019-06-08,117.14
1254,2019-06-09,118.52
1255,2019-06-10,114.67
1256,2019-06-11,130.04
1257,2019-06-12,136.26
1258,2019-06-13,136.08
1259,2019-06-14,130.85
1260,2019-06-15,132.68
1261,2019-06-16,138.2
1262,2019-06-17,136.71
1263,2019-06-18,134.04
1264,2019-06-19,135.29
1265,2019-06-20,136.66
1266,2019-06-21,135.84
1267,2019-06-22,138.93
1268,2019-06-23,141.2
1269,2019-06-24,136.18
1270,2019-06-25,135.29
1271,2019-06-26,135.62
1272,2019-06-27,130.61
1273,2019-06-28,114.18
1274,2019-06-29,119.66
1275,2019-06-30,133.32
1276,2019-07-01,122.0
1277,2019-07-02,122.63
1278,2019-07-03,118.55
1279,2019-07-04,121.84
1280,2019-07-05,119.85
1281,2019-07-06,118.46
1282,2019-07-07,118.37
1283,2019-07-08,120.29
1284,2019-07-09,123.49
1285,2019-07-10,119.38
1286,2019-07-11,108.26
1287,2019-07-12,102.89
1288,2019-07-13,105.09
1289,2019-07-14,101.19
1290,2019-07-15,90.47
1291,2019-07-16,90.59
1292,2019-07-17,79.5
1293,2019-07-18,90.34
1294,2019-07-19,100.97
1295,2019-07-20,98.78
1296,2019-07-21,100.54
1297,2019-07-22,99.69
1298,2019-07-23,95.22
1299,2019-07-24,90.07
1300,2019-07-25,94.45
1301,2019-07-26,93.23
1302,2019-07-27,94.39
1303,2019-07-28,88.72
1304,2019-07-29,89.95
1305,2019-07-30,90.34
1306,2019-07-31,90.21
1307,2019-08-01,98.85
1308,2019-08-02,98.94
1309,2019-08-03,94.89
1310,2019-08-04,94.16
1311,2019-08-05,92.91
1312,2019-08-06,96.21
1313,2019-08-07,93.04
1314,2019-08-08,90.32
1315,2019-08-09,90.12
1316,2019-08-10,84.29
1317,2019-08-11,85.18
1318,2019-08-12,89.87
1319,2019-08-13,85.58
1320,2019-08-14,84.3
1321,2019-08-15,75.56
1322,2019-08-16,76.26
1323,2019-08-17,74.83
1324,2019-08-18,72.69
1325,2019-08-19,76.31
1326,2019-08-20,77.12
1327,2019-08-21,75.0
1328,2019-08-22,72.94
1329,2019-08-23,73.62
1330,2019-08-24,75.53
1331,2019-08-25,73.27
1332,2019-08-26,72.33
1333,2019-08-27,73.63
1334,2019-08-28,72.8
1335,2019-08-29,66.77
1336,2019-08-30,63.45
1337,2019-08-31,64.16
1338,2019-09-01,64.29
1339,2019-09-02,66.11
1340,2019-09-03,67.29
1341,2019-09-04,69.07
1342,2019-09-05,67.16
1343,2019-09-06,65.39
1344,2019-09-07,65.14
1345,2019-09-08,68.82
1346,2019-09-09,70.48
1347,2019-09-10,70.1
1348,2019-09-11,70.76
1349,2019-09-12,69.74
1350,2019-09-13,69.17
1351,2019-09-14,68.97
1352,2019-09-15,70.75
1353,2019-09-16,70.17
1354,2019-09-17,72.69
1355,2019-09-18,74.16
1356,2019-09-19,77.56
1357,2019-09-20,77.04
1358,2019-09-21,75.05
1359,2019-09-22,73.18
1360,2019-09-23,72.56
1361,2019-09-24,66.41
1362,2019-09-25,54.76
1363,2019-09-26,57.45
1364,2019-09-27,55.17
1365,2019-09-28,55.88
1366,2019-09-29,55.43
1367,2019-09-30,53.94
1368,2019-10-01,56.12
1369,2019-10-02,55.67
1370,2019-10-03,56.41
1371,2019-10-04,56.4
1372,2019-10-05,56.54
1373,2019-10-06,56.84
1374,2019-10-07,54.54
1375,2019-10-08,57.57
1376,2019-10-09,57.07
1377,2019-10-10,59.33
1378,2019-10-11,57.65
1379,2019-10-12,55.91
1380,2019-10-13,55.9
1381,2019-10-14,56.42
1382,2019-10-15,56.8
1383,2019-10-16,54.6
1384,2019-10-17,52.56
1385,2019-10-18,54.88
1386,2019-10-19,53.35
1387,2019-10-20,53.83
1388,2019-10-21,54.93
1389,2019-10-22,54.76
1390,2019-10-23,53.44
1391,2019-10-24,49.42
1392,2019-10-25,49.73
1393,2019-10-26,56.97
1394,2019-10-27,56.89
1395,2019-10-28,59.95
1396,2019-10-29,57.92
1397,2019-10-30,59.94
1398,2019-10-31,58.06
1399,2019-11-01,58.41
1400,2019-11-02,58.42
1401,2019-11-03,58.38
1402,2019-11-04,58.42
1403,2019-11-05,61.38
1404,2019-11-06,63.19
1405,2019-11-07,64.15
1406,2019-11-08,61.5
1407,2019-11-09,60.29
1408,2019-11-10,62.12
1409,2019-11-11,63.63
1410,2019-11-12,61.77
1411,2019-11-13,61.39
1412,2019-11-14,60.86
1413,2019-11-15,58.9
1414,2019-11-16,57.52
1415,2019-11-17,58.27
1416,2019-11-18,59.19
1417,2019-11-19,55.77
1418,2019-11-20,55.08
1419,2019-11-21,54.88
1420,2019-11-22,50.67
1421,2019-11-23,47.45
1422,2019-11-24,48.22
1423,2019-11-25,43.93
1424,2019-11-26,45.67
1425,2019-11-27,47.02
1426,2019-11-28,47.8
1427,2019-11-29,46.9
1428,2019-11-30,48.67
1429,2019-12-01,47.23
1430,2019-12-02,47.5
1431,2019-12-03,45.57
1432,2019-12-04,44.77
1433,2019-12-05,44.66
1434,2019-12-06,44.87
1435,2019-12-07,45.48
1436,2019-12-08,45.2
1437,2019-12-09,45.63
1438,2019-12-10,44.41
1439,2019-12-11,44.16
1440,2019-12-12,43.61
1441,2019-12-13,43.62
1442,2019-12-14,44.39
1443,2019-12-15,43.29
1444,2019-12-16,43.42
1445,2019-12-17,39.87
1446,2019-12-18,36.86
1447,2019-12-19,40.83
1448,2019-12-20,39.69
1449,2019-12-21,40.15
1450,2019-12-22,39.72
1451,2019-12-23,41.95
1452,2019-12-24,40.58
1453,2019-12-25,40.3
1454,2019-12-26,40.04
1455,2019-12-27,39.95
1456,2019-12-28,40.97
1457,2019-12-29,42.7
1458,2019-12-30,43.09
1459,2019-12-31,42.22
1460,2020-01-01,41.15
1461,2020-01-02,41.52
1462,2020-01-03,39.32
1463,2020-01-04,42.03
1464,2020-01-05,42.76
1465,2020-01-06,43.26
1466,2020-01-07,45.82
1467,2020-01-08,46.42
1468,2020-01-09,45.31
1469,2020-01-10,44.84
1470,2020-01-11,48.97
1471,2020-01-12,49.44
1472,2020-01-13,51.5
1473,2020-01-14,49.55
1474,2020-01-15,58.55
1475,2020-01-16,58.12
1476,2020-01-17,57.53
1477,2020-01-18,61.12
1478,2020-01-19,59.36
1479,2020-01-20,57.71
1480,2020-01-21,57.11
1481,2020-01-22,57.6
1482,2020-01-23,58.14
1483,2020-01-24,54.41
1484,2020-01-25,54.32
1485,2020-01-26,53.18
1486,2020-01-27,56.2
1487,2020-01-28,58.5
1488,2020-01-29,60.66
1489,2020-01-30,59.61
1490,2020-01-31,67.98
1491,2020-02-01,67.76
1492,2020-02-02,70.9
1493,2020-02-03,69.85
1494,2020-02-04,69.7
1495,2020-02-05,67.88
1496,2020-02-06,72.55
1497,2020-02-07,73.4
1498,2020-02-08,74.17
1499,2020-02-09,76.77
1500,2020-02-10,77.08
1501,2020-02-11,74.29
1502,2020-02-12,76.95
1503,2020-02-13,81.22
1504,2020-02-14,80.62
1505,2020-02-15,83.28
1506,2020-02-16,76.55
1507,2020-02-17,74.73
1508,2020-02-18,73.24
1509,2020-02-19,77.29
1510,2020-02-20,70.72
1511,2020-02-21,69.48
1512,2020-02-22,73.41
1513,2020-02-23,75.04
1514,2020-02-24,79.85
1515,2020-02-25,75.69
1516,2020-02-26,70.92
1517,2020-02-27,60.5
1518,2020-02-28,61.61
1519,2020-02-29,60.02
1520,2020-03-01,58.13
1521,2020-03-02,57.71
1522,2020-03-03,61.39
1523,2020-03-04,60.98
1524,2020-03-05,60.29
1525,2020-03-06,62.08
1526,2020-03-07,63.39
1527,2020-03-08,60.5
1528,2020-03-09,50.98
1529,2020-03-10,50.5
1530,2020-03-11,50.12
1531,2020-03-12,48.56
1532,2020-03-13,30.05
1533,2020-03-14,37.89
1534,2020-03-15,34.29
1535,2020-03-16,36.35
1536,2020-03-17,33.2
1537,2020-03-18,34.29
1538,2020-03-19,34.71
1539,2020-03-20,39.11
1540,2020-03-21,38.13
1541,2020-03-22,38.4
1542,2020-03-23,35.42
1543,2020-03-24,39.14
1544,2020-03-25,40.71
1545,2020-03-26,39.38
1546,2020-03-27,40.56
1547,2020-03-28,38.06
1548,2020-03-29,39.01
1549,2020-03-30,37.1
1550,2020-03-31,38.99
1551,2020-04-01,39.25
1552,2020-04-02,39.44
1553,2020-04-03,39.96
1554,2020-04-04,40.51
1555,2020-04-05,40.8
1556,2020-04-06,40.36
1557,2020-04-07,45.07
1558,2020-04-08,44.76
1559,2020-04-09,46.58
1560,2020-04-10,46.33
1561,2020-04-11,42.21
1562,2020-04-12,42.62
1563,2020-04-13,42.02
1564,2020-04-14,41.27
1565,2020-04-15,41.18
1566,2020-04-16,39.26
1567,2020-04-17,42.52
1568,2020-04-18,42.32
1569,2020-04-19,44.08
1570,2020-04-20,42.31
1571,2020-04-21,40.32
1572,2020-04-22,40.65
1573,2020-04-23,41.83
1574,2020-04-24,42.95
1575,2020-04-25,44.51
1576,2020-04-26,44.4
1577,2020-04-27,44.66
1578,2020-04-28,44.56
1579,2020-04-29,45.78
1580,2020-04-30,48.81
1581,2020-05-01,46.37
1582,2020-05-02,47.1
1583,2020-05-03,49.21
1584,2020-05-04,48.07
1585,2020-05-05,47.09
1586,2020-05-06,46.44
1587,2020-05-07,45.04
1588,2020-05-08,47.42
1589,2020-05-09,47.82
1590,2020-05-10,47.06
1591,2020-05-11,42.18
1592,2020-05-12,41.64
1593,2020-05-13,42.14
1594,2020-05-14,43.28
1595,2020-05-15,43.97
1596,2020-05-16,42.65
1597,2020-05-17,43.26
1598,2020-05-18,43.64
1599,2020-05-19,45.28
1600,2020-05-20,45.78
1601,2020-05-21,44.18
1602,2020-05-22,42.66
1603,2020-05-23,44.14
1604,2020-05-24,43.86
1605,2020-05-25,42.13
1606,2020-05-26,42.98
1607,2020-05-27,42.3
1608,2020-05-28,43.75
1609,2020-05-29,44.75
1610,2020-05-30,44.48
1611,2020-05-31,47.74
1612,2020-06-01,45.59
1613,2020-06-02,48.25
1614,2020-06-03,45.93
1615,2020-06-04,47.11
1616,2020-06-05,47.46
1617,2020-06-06,46.96
1618,2020-06-07,46.75
1619,2020-06-08,46.56
1620,2020-06-09,46.51
1621,2020-06-10,45.93
1622,2020-06-11,46.69
1623,2020-06-12,43.24
1624,2020-06-13,44.68
1625,2020-06-14,45.08
1626,2020-06-15,44.17
1627,2020-06-16,43.79
1628,2020-06-17,43.84
1629,2020-06-18,44.04
1630,2020-06-19,43.42
1631,2020-06-20,42.72
1632,2020-06-21,43.57
1633,2020-06-22,42.97
1634,2020-06-23,44.37
1635,2020-06-24,44.12
1636,2020-06-25,42.56
1637,2020-06-26,42.33
1638,2020-06-27,43.06
1639,2020-06-28,41.07
1640,2020-06-29,41.36
1641,2020-06-30,41.88
1642,2020-07-01,41.25
1643,2020-07-02,41.77
1644,2020-07-03,41.03
1645,2020-07-04,41.19
1646,2020-07-05,42.11
1647,2020-07-06,41.67
1648,2020-07-07,44.12
1649,2020-07-08,43.31
1650,2020-07-09,45.34
1651,2020-07-10,44.33
1652,2020-07-11,44.29
1653,2020-07-12,44.69
1654,2020-07-13,44.7
1655,2020-07-14,43.98
1656,2020-07-15,43.92
1657,2020-07-16,43.32
1658,2020-07-17,42.06
1659,2020-07-18,41.92
1660,2020-07-19,42.5
1661,2020-07-20,42.66
1662,2020-07-21,42.01
1663,2020-07-22,43.8
1664,2020-07-23,45.06
1665,2020-07-24,45.07
1666,2020-07-25,44.2
1667,2020-07-26,49.06
1668,2020-07-27,48.13
1669,2020-07-28,53.32
1670,2020-07-29,55.85
1671,2020-07-30,55.26
1672,2020-07-31,56.61
1673,2020-08-01,58.29
1674,2020-08-02,61.83
1675,2020-08-03,56.78
1676,2020-08-04,58.54
1677,2020-08-05,57.68
1678,2020-08-06,58.89
1679,2020-08-07,59.08
1680,2020-08-08,57.22
1681,2020-08-09,58.44
1682,2020-08-10,57.01
1683,2020-08-11,58.31
1684,2020-08-12,54.11
1685,2020-08-13,54.5
1686,2020-08-14,57.25
1687,2020-08-15,56.85
1688,2020-08-16,59.91
1689,2020-08-17,63.93
1690,2020-08-18,67.35
1691,2020-08-19,65.47
1692,2020-08-20,62.09
1693,2020-08-21,62.86
1694,2020-08-22,59.13
1695,2020-08-23,60.26
1696,2020-08-24,60.59
1697,2020-08-25,62.1
1698,2020-08-26,58.33
1699,2020-08-27,58.1
1700,2020-08-28,56.15
1701,2020-08-29,57.41
1702,2020-08-30,56.99
1703,2020-08-31,62.91
1704,2020-09-01,60.97
1705,2020-09-02,62.74
1706,2020-09-03,58.1
1707,2020-09-04,47.5
1708,2020-09-05,50.38
1709,2020-09-06,47.77
1710,2020-09-07,47.92
1711,2020-09-08,48.82
1712,2020-09-09,47.48
1713,2020-09-10,47.86
1714,2020-09-11,48.7
1715,2020-09-12,48.98
1716,2020-09-13,50.82
1717,2020-09-14,48.17
1718,2020-09-15,49.09
1719,2020-09-16,48.31
1720,2020-09-17,47.73
1721,2020-09-18,48.89
1722,2020-09-19,48.54
1723,2020-09-20,48.5
1724,2020-09-21,47.08
1725,2020-09-22,43.15
1726,2020-09-23,44.49
1727,2020-09-24,42.89
1728,2020-09-25,44.96
1729,2020-09-26,46.02
1730,2020-09-27,46.05
1731,2020-09-28,46.1
1732,2020-09-29,45.21
1733,2020-09-30,45.66
1734,2020-10-01,46.24
1735,2020-10-02,46.25
1736,2020-10-03,44.92
1737,2020-10-04,45.53
1738,2020-10-05,46.72
1739,2020-10-06,46.37
1740,2020-10-07,46.01
1741,2020-10-08,46.61
1742,2020-10-09,47.25
1743,2020-10-10,47.8
1744,2020-10-11,48.85
1745,2020-10-12,50.51
1746,2020-10-13,50.62
1747,2020-10-14,49.95
1748,2020-10-15,49.82
1749,2020-10-16,49.57
1750,2020-10-17,47.62
1751,2020-10-18,46.94
1752,2020-10-19,47.59
1753,2020-10-20,48.0
1754,2020-10-21,46.93
1755,2020-10-22,53.13
1756,2020-10-23,54.41
1757,2020-10-24,55.43
1758,2020-10-25,59.28
1759,2020-10-26,58.89
1760,2020-10-27,56.9
1761,2020-10-28,57.95
1762,2020-10-29,55.88
1763,2020-10-30,54.9
1764,2020-10-31,54.08
1765,2020-11-01,55.82
1766,2020-11-02,55.6
1767,2020-11-03,53.88
1768,2020-11-04,53.95
1769,2020-11-05,54.75
1770,2020-11-06,59.02
1771,2020-11-07,63.42
1772,2020-11-08,59.02
1773,2020-11-09,61.0
1774,2020-11-10,59.22
1775,2020-11-11,58.01
1776,2020-11-12,59.29
1777,2020-11-13,60.77
1778,2020-11-14,65.83
1779,2020-11-15,63.96
1780,2020-11-16,62.39
1781,2020-11-17,73.84
1782,2020-11-18,76.35
1783,2020-11-19,73.63
1784,2020-11-20,81.76
1785,2020-11-21,82.61
1786,2020-11-22,87.26
1787,2020-11-23,83.0
1788,2020-11-24,89.15
1789,2020-11-25,89.39
1790,2020-11-26,81.91
1791,2020-11-27,70.98
1792,2020-11-28,69.18
1793,2020-11-29,72.87
1794,2020-11-30,78.98
1795,2020-12-01,87.67
1796,2020-12-02,85.16
1797,2020-12-03,89.01
1798,2020-12-04,89.06
1799,2020-12-05,79.64
1800,2020-12-06,83.13
1801,2020-12-07,83.68
1802,2020-12-08,83.6
1803,2020-12-09,76.73
1804,2020-12-10,77.4
1805,2020-12-11,74.65
1806,2020-12-12,72.28
1807,2020-12-13,76.59
1808,2020-12-14,82.21
1809,2020-12-15,82.43
1810,2020-12-16,81.34
1811,2020-12-17,93.16
1812,2020-12-18,101.27
1813,2020-12-19,109.47
1814,2020-12-20,120.06
1815,2020-12-21,114.73
1816,2020-12-22,104.53
1817,2020-12-23,114.6
1818,2020-12-24,102.45
1819,2020-12-25,111.28
1820,2020-12-26,127.74
1821,2020-12-27,129.48
1822,2020-12-28,127.66
1823,2020-12-29,129.64
1824,2020-12-30,128.69
1825,2020-12-31,130.02
1826,2021-01-01,124.55
1827,2021-01-02,126.45
1828,2021-01-03,136.92
1829,2021-01-04,161.37
1830,2021-01-05,155.65
1831,2021-01-06,158.8
1832,2021-01-07,169.16
1833,2021-01-08,169.79
1834,2021-01-09,172.34
1835,2021-01-10,177.89
1836,2021-01-11,170.19
1837,2021-01-12,139.23
1838,2021-01-13,133.35
1839,2021-01-14,147.54
1840,2021-01-15,152.47
1841,2021-01-16,144.0
1842,2021-01-17,143.99
1843,2021-01-18,142.71
1844,2021-01-19,152.0
1845,2021-01-20,151.94
1846,2021-01-21,149.87
1847,2021-01-22,129.76
1848,2021-01-23,138.41
1849,2021-01-24,137.71
1850,2021-01-25,141.11
1851,2021-01-26,137.2
1852,2021-01-27,134.8
1853,2021-01-28,122.74
1854,2021-01-29,133.5
1855,2021-01-30,134.71
1856,2021-01-31,133.28
1857,2021-02-01,129.68
1858,2021-02-02,131.98
1859,2021-02-03,142.1
1860,2021-02-04,155.98
1861,2021-02-05,145.33
1862,2021-02-06,155.17
1863,2021-02-07,155.75
1864,2021-02-08,151.19
1865,2021-02-09,167.5
1866,2021-02-10,181.7
1867,2021-02-11,182.23
1868,2021-02-12,183.98
1869,2021-02-13,196.9
1870,2021-02-14,226.46
1871,2021-02-15,213.82
1872,2021-02-16,207.96
1873,2021-02-17,209.86
1874,2021-02-18,237.28
1875,2021-02-19,226.54
1876,2021-02-20,236.74
1877,2021-02-21,227.3
1878,2021-02-22,227.53
1879,2021-02-23,208.21
1880,2021-02-24,177.71
1881,2021-02-25,181.63
1882,2021-02-26,179.07
1883,2021-02-27,170.41
1884,2021-02-28,171.8
1885,2021-03-01,165.39
1886,2021-03-02,176.04
1887,2021-03-03,179.13
1888,2021-03-04,187.95
1889,2021-03-05,180.6
1890,2021-03-06,180.8
1891,2021-03-07,182.66
1892,2021-03-08,190.32
1893,2021-03-09,191.76
1894,2021-03-10,203.89
1895,2021-03-11,200.15
1896,2021-03-12,201.32
1897,2021-03-13,220.86
1898,2021-03-14,225.95
1899,2021-03-15,214.0
1900,2021-03-16,200.68
1901,2021-03-17,201.67
1902,2021-03-18,206.07
1903,2021-03-19,199.83
1904,2021-03-20,200.15
1905,2021-03-21,199.76
1906,2021-03-22,195.61
1907,2021-03-23,185.91
1908,2021-03-24,186.12
1909,2021-03-25,176.13
1910,2021-03-26,171.62
1911,2021-03-27,183.64
1912,2021-03-28,184.14
1913,2021-03-29,184.06
1914,2021-03-30,193.87
1915,2021-03-31,195.79
1916,2021-04-01,196.81
1917,2021-04-02,202.57
1918,2021-04-03,211.66
1919,2021-04-04,195.24
1920,2021-04-05,202.29
1921,2021-04-06,221.31
1922,2021-04-07,236.97
1923,2021-04-08,219.35
1924,2021-04-09,226.37
1925,2021-04-10,220.84
1926,2021-04-11,255.83
1927,2021-04-12,252.25
1928,2021-04-13,244.57
1929,2021-04-14,267.31
1930,2021-04-15,278.67
1931,2021-04-16,286.31
1932,2021-04-17,309.22
1933,2021-04-18,301.47
1934,2021-04-19,273.67
1935,2021-04-20,261.53
1936,2021-04-21,260.86
1937,2021-04-22,256.3
1938,2021-04-23,252.9
1939,2021-04-24,241.59
1940,2021-04-25,225.24
1941,2021-04-26,223.91
1942,2021-04-27,247.63
1943,2021-04-28,260.12
1944,2021-04-29,258.85
1945,2021-04-30,255.55
1946,2021-05-01,271.55
1947,2021-05-02,276.85
1948,2021-05-03,269.03
1949,2021-05-04,294.89
1950,2021-05-05,305.37
1951,2021-05-06,356.23
1952,2021-05-07,354.0
1953,2021-05-08,345.32
1954,2021-05-09,347.39
1955,2021-05-10,388.24
1956,2021-05-11,359.0
1957,2021-05-12,377.88
1958,2021-05-13,306.51
1959,2021-05-14,317.75
1960,2021-05-15,326.38
1961,2021-05-16,299.92
1962,2021-05-17,296.36
1963,2021-05-18,281.9
1964,2021-05-19,294.37
1965,2021-05-20,186.13
1966,2021-05-21,210.73
1967,2021-05-22,180.25
1968,2021-05-23,169.26
1969,2021-05-24,142.82
1970,2021-05-25,185.1
1971,2021-05-26,184.18
1972,2021-05-27,199.01
1973,2021-05-28,194.22
1974,2021-05-29,177.37
1975,2021-05-30,163.84
1976,2021-05-31,170.4
1977,2021-06-01,188.09
1978,2021-06-02,182.92
1979,2021-06-03,187.17
1980,2021-06-04,193.36
1981,2021-06-05,178.74
1982,2021-06-06,172.93
1983,2021-06-07,176.37
1984,2021-06-08,162.08
1985,2021-06-09,160.8
1986,2021-06-10,172.5
1987,2021-06-11,167.82
1988,2021-06-12,162.72
1989,2021-06-13,161.65
1990,2021-06-14,171.01
1991,2021-06-15,179.98
1992,2021-06-16,175.28
1993,2021-06-17,166.52
1994,2021-06-18,167.02
1995,2021-06-19,156.23
1996,2021-06-20,152.8
1997,2021-06-21,154.86
1998,2021-06-22,124.69
1999,2021-06-23,119.61
2000,2021-06-24,128.98
2001,2021-06-25,134.48
2002,2021-06-26,125.21
2003,2021-06-27,126.72
2004,2021-06-28,132.51
2005,2021-06-29,137.53
2006,2021-06-30,144.05
2007,2021-07-01,144.17
2008,2021-07-02,137.43
2009,2021-07-03,136.97
2010,2021-07-04,140.11
2011,2021-07-05,144.91
2012,2021-07-06,137.85
2013,2021-07-07,139.03
2014,2021-07-08,137.33
2015,2021-07-09,132.16
2016,2021-07-10,134.45
2017,2021-07-11,133.91
2018,2021-07-12,134.2
2019,2021-07-13,133.61
2020,2021-07-14,131.53
2021,2021-07-15,130.97
2022,2021-07-16,125.82
2023,2021-07-17,120.66
2024,2021-07-18,119.87
2025,2021-07-19,119.27
2026,2021-07-20,113.09
2027,2021-07-21,107.22
2028,2021-07-22,117.56
2029,2021-07-23,120.25
2030,2021-07-24,124.33
2031,2021-07-25,126.11
2032,2021-07-26,127.73
2033,2021-07-27,131.45
2034,2021-07-28,134.64
2035,2021-07-29,140.43
2036,2021-07-30,141.4
2037,2021-07-31,145.79
2038,2021-08-01,144.43
2039,2021-08-02,140.48
2040,2021-08-03,141.42
2041,2021-08-04,138.14
2042,2021-08-05,142.57
2043,2021-08-06,143.52
2044,2021-08-07,147.97
2045,2021-08-08,155.96
2046,2021-08-09,149.95
2047,2021-08-10,166.79
2048,2021-08-11,165.44
2049,2021-08-12,170.88
2050,2021-08-13,165.03
2051,2021-08-14,183.41
2052,2021-08-15,182.89
2053,2021-08-16,184.95
2054,2021-08-17,178.12
2055,2021-08-18,168.79
2056,2021-08-19,166.81
2057,2021-08-20,175.65
2058,2021-08-21,183.77
2059,2021-08-22,179.7
2060,2021-08-23,186.27
2061,2021-08-24,187.24
2062,2021-08-25,173.6
2063,2021-08-26,177.85
2064,2021-08-27,167.65
2065,2021-08-28,176.21
2066,2021-08-29,175.57
2067,2021-08-30,174.45
2068,2021-08-31,167.44
2069,2021-09-01,171.62
2070,2021-09-02,181.05
2071,2021-09-03,183.51
2072,2021-09-04,212.92
2073,2021-09-05,212.0
2074,2021-09-06,232.41
2075,2021-09-07,219.5
2076,2021-09-08,178.34
2077,2021-09-09,179.65
2078,2021-09-10,180.29
2079,2021-09-11,174.02
2080,2021-09-12,178.3
2081,2021-09-13,183.09
2082,2021-09-14,179.29
2083,2021-09-15,182.98
2084,2021-09-16,189.17
2085,2021-09-17,185.57
2086,2021-09-18,179.5
2087,2021-09-19,181.37
2088,2021-09-20,175.4
2089,2021-09-21,157.15
2090,2021-09-22,148.41
2091,2021-09-23,161.42
2092,2021-09-24,164.05
2093,2021-09-25,152.35
2094,2021-09-26,151.4
2095,2021-09-27,150.76
2096,2021-09-28,145.12
2097,2021-09-29,140.6
2098,2021-09-30,144.76
2099,2021-10-01,153.35
2100,2021-10-02,166.18
2101,2021-10-03,169.24
2102,2021-10-04,170.56
2103,2021-10-05,167.74
2104,2021-10-06,173.93
2105,2021-10-07,178.71
2106,2021-10-08,178.6
2107,2021-10-09,175.94
2108,2021-10-10,179.76
2109,2021-10-11,174.96
2110,2021-10-12,179.26
2111,2021-10-13,172.44
2112,2021-10-14,177.64
2113,2021-10-15,181.26
2114,2021-10-16,189.44
2115,2021-10-17,185.93
2116,2021-10-18,183.7
2117,2021-10-19,185.5
2118,2021-10-20,188.75
2119,2021-10-21,207.26
2120,2021-10-22,196.86
2121,2021-10-23,190.77
2122,2021-10-24,196.28
2123,2021-10-25,190.47
2124,2021-10-26,195.2
2125,2021-10-27,197.53
2126,2021-10-28,179.2
2127,2021-10-29,189.87
2128,2021-10-30,196.39
2129,2021-10-31,190.36
2130,2021-11-01,192.01
2131,2021-11-02,197.83
2132,2021-11-03,200.8
2133,2021-11-04,207.3
2134,2021-11-05,202.53
2135,2021-11-06,199.17
2136,2021-11-07,197.79
2137,2021-11-08,202.01
2138,2021-11-09,229.06
2139,2021-11-10,262.57
2140,2021-11-11,260.27
2141,2021-11-12,262.59
2142,2021-11-13,251.24
2143,2021-11-14,257.91
2144,2021-11-15,279.47
2145,2021-11-16,262.96
2146,2021-11-17,230.45
2147,2021-11-18,229.67
2148,2021-11-19,204.78
2149,2021-11-20,218.2
2150,2021-11-21,227.05
2151,2021-11-22,221.6
2152,2021-11-23,209.18
2153,2021-11-24,216.33
2154,2021-11-25,212.3
2155,2021-11-26,222.88
2156,2021-11-27,195.87
2157,2021-11-28,195.29
2158,2021-11-29,199.66
2159,2021-11-30,205.86
2160,2021-12-01,207.81
2161,2021-12-02,209.0
2162,2021-12-03,203.56
2163,2021-12-04,188.03
2164,2021-12-05,163.03
2165,2021-12-06,156.59
2166,2021-12-07,161.98
2167,2021-12-08,162.0
2168,2021-12-09,165.25
2169,2021-12-10,151.45
2170,2021-12-11,148.72
2171,2021-12-12,157.79
2172,2021-12-13,159.04
2173,2021-12-14,144.64
2174,2021-12-15,150.53
2175,2021-12-16,153.58
2176,2021-12-17,148.9
2177,2021-12-18,144.0
2178,2021-12-19,148.87
2179,2021-12-20,153.22
2180,2021-12-21,152.75
2181,2021-12-22,154.7
2182,2021-12-23,155.41
2183,2021-12-24,163.6
2184,2021-12-25,161.23
2185,2021-12-26,157.74
2186,2021-12-27,156.0
2187,2021-12-28,155.84
2188,2021-12-29,145.64
2189,2021-12-30,145.48
2190,2021-12-31,148.06
