date,LIBOR,eonia,fed_rate
04/01/2016,0.3791,-0.335,0.37
06/01/2016,0.3855,-0.333,0.37
07/01/2016,0.4061,-0.321,0.41
08/01/2016,0.4144,-0.33,0.4
11/01/2016,0.43456,-0.348,0.41
12/01/2016,0.43422,-0.344,0.41
13/01/2016,0.3663,-0.237,0.36
14/01/2016,0.3661,-0.24,0.36
15/01/2016,0.3661,-0.239,0.36
19/01/2016,0.366,-0.239,0.36
20/01/2016,0.3655,-0.238,0.37
21/01/2016,0.3658,-0.24,0.37
22/01/2016,0.3659,-0.241,0.38
25/01/2016,0.366,-0.238,0.38
26/01/2016,0.3657,-0.236,0.38
27/01/2016,0.3659,-0.237,0.38
28/01/2016,0.3684,-0.239,0.38
29/01/2016,0.3674,-0.228,0.29
02/02/2016,0.369,-0.232,0.38
03/02/2016,0.3715,-0.234,0.37
08/02/2016,0.4179,-0.331,0.4
09/02/2016,0.42044,-0.339,0.4
11/02/2016,0.43733,-0.343,0.41
12/02/2016,0.43478,-0.347,0.41
16/02/2016,0.371,-0.242,0.38
17/02/2016,0.37,-0.244,0.37
18/02/2016,0.3714,-0.244,0.38
19/02/2016,0.3709,-0.243,0.38
22/02/2016,0.371,-0.242,0.38
23/02/2016,0.371,-0.246,0.38
24/02/2016,0.3715,-0.247,0.38
25/02/2016,0.3743,-0.249,0.37
26/02/2016,0.3745,-0.243,0.37
29/02/2016,0.3715,-0.227,0.29
02/03/2016,0.3686,-0.247,0.38
03/03/2016,0.373,-0.238,0.37
08/03/2016,0.4174,-0.332,0.4
10/03/2016,0.42267,-0.321,0.4
11/03/2016,0.43678,-0.343,0.41
14/03/2016,0.3743,-0.243,0.36
15/03/2016,0.3753,-0.248,0.37
16/03/2016,0.3743,-0.339,0.37
17/03/2016,0.3748,-0.347,0.37
18/03/2016,0.3743,-0.345,0.37
21/03/2016,0.3743,-0.345,0.37
22/03/2016,0.3743,-0.344,0.37
23/03/2016,0.3753,-0.346,0.37
24/03/2016,0.3745,-0.349,0.37
29/03/2016,0.3755,-0.347,0.37
30/03/2016,0.3772,-0.347,0.37
31/03/2016,0.3831,-0.303,0.25
01/04/2016,0.3658,-0.241,0.36
04/04/2016,0.3794,-0.331,0.37
05/04/2016,0.3858,-0.336,0.37
07/04/2016,0.4061,-0.315,0.41
08/04/2016,0.4179,-0.337,0.4
11/04/2016,0.43511,-0.343,0.41
13/04/2016,0.3802,-0.337,0.37
14/04/2016,0.3797,-0.34,0.37
15/04/2016,0.3807,-0.341,0.37
18/04/2016,0.3812,-0.348,0.37
19/04/2016,0.3827,-0.34,0.37
20/04/2016,0.3822,-0.343,0.37
21/04/2016,0.3817,-0.342,0.37
22/04/2016,0.3812,-0.34,0.37
25/04/2016,0.3812,-0.341,0.37
26/04/2016,0.3807,-0.342,0.37
27/04/2016,0.3802,-0.34,0.37
28/04/2016,0.3827,-0.337,0.37
29/04/2016,0.3837,-0.333,0.3
02/05/2016,0.37,-0.236,0.38
04/05/2016,0.3777,-0.332,0.37
05/05/2016,0.385,-0.341,0.37
09/05/2016,0.42044,-0.339,0.4
10/05/2016,0.42822,-0.342,0.4
12/05/2016,0.43478,-0.347,0.41
13/05/2016,0.3855,-0.341,0.37
16/05/2016,0.3855,-0.347,0.37
17/05/2016,0.386,-0.334,0.37
18/05/2016,0.385,-0.337,0.37
19/05/2016,0.384,-0.34,0.37
20/05/2016,0.3845,-0.335,0.37
23/05/2016,0.385,-0.338,0.37
24/05/2016,0.385,-0.34,0.37
25/05/2016,0.3861,-0.342,0.37
26/05/2016,0.3861,-0.356,0.37
27/05/2016,0.385,-0.346,0.37
31/05/2016,0.3865,-0.324,0.29
01/06/2016,0.3661,-0.253,0.36
06/06/2016,0.3861,-0.331,0.37
07/06/2016,0.4112,-0.326,0.4
09/06/2016,0.42044,-0.341,0.4
10/06/2016,0.42878,-0.346,0.4
13/06/2016,0.3855,-0.327,0.37
14/06/2016,0.3855,-0.33,0.37
15/06/2016,0.385,-0.334,0.37
16/06/2016,0.3855,-0.335,0.38
17/06/2016,0.3865,-0.341,0.38
20/06/2016,0.3901,-0.341,0.38
21/06/2016,0.3901,-0.335,0.38
22/06/2016,0.3896,-0.34,0.38
23/06/2016,0.3911,-0.345,0.39
24/06/2016,0.3934,-0.323,0.4
27/06/2016,0.4001,-0.336,0.41
28/06/2016,0.4016,-0.337,0.41
29/06/2016,0.4051,-0.337,0.41
30/06/2016,0.4116,-0.293,0.3
01/07/2016,0.3651,-0.233,0.36
06/07/2016,0.3865,-0.333,0.37
07/07/2016,0.4127,-0.329,0.4
11/07/2016,0.43456,-0.344,0.41
12/07/2016,0.43367,-0.349,0.41
13/07/2016,0.4127,-0.326,0.4
14/07/2016,0.4122,-0.332,0.4
15/07/2016,0.4152,-0.333,0.4
18/07/2016,0.4159,-0.334,0.4
19/07/2016,0.4159,-0.336,0.4
20/07/2016,0.4174,-0.333,0.4
21/07/2016,0.4179,-0.335,0.4
22/07/2016,0.4179,-0.335,0.4
25/07/2016,0.4179,-0.334,0.4
26/07/2016,0.4179,-0.334,0.4
27/07/2016,0.4164,-0.331,0.4
28/07/2016,0.4159,-0.335,0.4
29/07/2016,0.4129,-0.321,0.3
01/08/2016,0.3662,-0.235,0.36
02/08/2016,0.3763,-0.242,0.38
03/08/2016,0.372,-0.234,0.36
04/08/2016,0.3775,-0.334,0.37
08/08/2016,0.4189,-0.342,0.4
09/08/2016,0.42211,-0.337,0.4
11/08/2016,0.434,-0.344,0.41
12/08/2016,0.43311,-0.346,0.41
15/08/2016,0.41889,-0.346,0.4
16/08/2016,0.41778,-0.336,0.4
17/08/2016,0.41722,-0.338,0.4
18/08/2016,0.41722,-0.339,0.4
19/08/2016,0.41556,-0.342,0.4
22/08/2016,0.41667,-0.341,0.4
23/08/2016,0.41778,-0.34,0.4
24/08/2016,0.41833,-0.339,0.4
25/08/2016,0.41989,-0.341,0.4
26/08/2016,0.41833,-0.343,0.4
30/08/2016,0.41944,-0.341,0.4
31/08/2016,0.41944,-0.329,0.3
02/09/2016,0.3771,-0.237,0.38
06/09/2016,0.3856,-0.331,0.37
08/09/2016,0.4188,-0.338,0.4
09/09/2016,0.42156,-0.342,0.4
12/09/2016,0.43422,-0.348,0.41
13/09/2016,0.421,-0.346,0.4
14/09/2016,0.42211,-0.342,0.4
15/09/2016,0.42156,-0.345,0.4
16/09/2016,0.42044,-0.346,0.4
19/09/2016,0.42156,-0.347,0.4
20/09/2016,0.42211,-0.346,0.4
21/09/2016,0.42211,-0.347,0.4
22/09/2016,0.42322,-0.342,0.4
23/09/2016,0.42322,-0.345,0.4
26/09/2016,0.42433,-0.345,0.4
27/09/2016,0.42544,-0.343,0.4
28/09/2016,0.42063,-0.346,0.4
29/09/2016,0.41989,-0.343,0.4
30/09/2016,0.42378,-0.329,0.29
03/10/2016,0.3725,-0.242,0.36
05/10/2016,0.3845,-0.333,0.37
06/10/2016,0.3861,-0.329,0.37
10/10/2016,0.42656,-0.345,0.4
11/10/2016,0.43233,-0.353,0.41
13/10/2016,0.431,-0.348,0.41
14/10/2016,0.43044,-0.35,0.41
17/10/2016,0.43322,-0.352,0.41
18/10/2016,0.43322,-0.349,0.41
19/10/2016,0.43378,-0.351,0.41
20/10/2016,0.43322,-0.349,0.41
21/10/2016,0.43322,-0.348,0.41
24/10/2016,0.43211,-0.35,0.41
25/10/2016,0.43433,-0.352,0.41
26/10/2016,0.43433,-0.351,0.41
27/10/2016,0.43489,-0.354,0.41
28/10/2016,0.43544,-0.351,0.41
31/10/2016,0.43344,-0.332,0.31
01/11/2016,0.3661,-0.236,0.36
02/11/2016,0.3715,-0.239,0.38
03/11/2016,0.3725,-0.242,0.36
04/11/2016,0.3792,-0.333,0.37
07/11/2016,0.4137,-0.326,0.4
08/11/2016,0.4202,-0.344,0.4
10/11/2016,0.42767,-0.348,0.41
11/11/2016,0.43233,-0.35,0.41
14/11/2016,0.43344,-0.347,0.41
15/11/2016,0.43289,-0.349,0.41
16/11/2016,0.43289,-0.356,0.41
17/11/2016,0.43456,-0.349,0.41
18/11/2016,0.43367,-0.35,0.41
21/11/2016,0.43367,-0.349,0.41
22/11/2016,0.43367,-0.351,0.41
23/11/2016,0.43422,-0.348,0.41
25/11/2016,0.43478,-0.35,0.41
28/11/2016,0.43422,-0.353,0.41
29/11/2016,0.43422,-0.351,0.41
30/11/2016,0.43056,-0.343,0.31
01/12/2016,0.3661,-0.233,0.36
02/12/2016,0.3708,-0.24,0.38
05/12/2016,0.385,-0.342,0.37
07/12/2016,0.4122,-0.324,0.4
08/12/2016,0.4191,-0.347,0.4
09/12/2016,0.421,-0.344,0.4
12/12/2016,0.437,-0.35,0.41
13/12/2016,0.437,-0.352,0.41
14/12/2016,0.43867,-0.351,0.41
15/12/2016,0.67889,-0.356,0.66
16/12/2016,0.68389,-0.354,0.66
19/12/2016,0.68111,-0.354,0.66
20/12/2016,0.68378,-0.354,0.66
21/12/2016,0.686,-0.353,0.66
22/12/2016,0.68656,-0.354,0.66
23/12/2016,0.69378,-0.356,0.66
28/12/2016,0.68656,-0.354,0.66
29/12/2016,0.68822,-0.355,0.66
30/12/2016,0.69211,-0.329,0.55
03/01/2017,0.68167,-0.35,0.66
06/01/2017,0.93111,-0.355,0.91
09/01/2017,1.17722,-0.357,1.16
11/01/2017,1.18222,-0.35,1.16
12/01/2017,1.1825,-0.291,1.16
13/01/2017,0.69278,-0.352,0.66
17/01/2017,0.69,-0.352,0.66
18/01/2017,0.68944,-0.352,0.66
19/01/2017,0.69,-0.351,0.66
20/01/2017,0.68833,-0.351,0.66
23/01/2017,0.68889,-0.353,0.66
24/01/2017,0.68833,-0.353,0.66
25/01/2017,0.68833,-0.354,0.66
26/01/2017,0.68722,-0.352,0.66
27/01/2017,0.69,-0.351,0.66
30/01/2017,0.69167,-0.35,0.66
31/01/2017,0.69,-0.345,0.56
02/02/2017,0.68833,-0.351,0.66
03/02/2017,0.68278,-0.351,0.66
06/02/2017,0.93111,-0.331,0.91
08/02/2017,1.17722,-0.354,1.16
10/02/2017,1.18,-0.356,1.16
13/02/2017,0.68722,-0.354,0.66
14/02/2017,0.68722,-0.353,0.66
15/02/2017,0.68556,-0.353,0.66
16/02/2017,0.68611,-0.354,0.66
17/02/2017,0.68611,-0.355,0.66
21/02/2017,0.68611,-0.356,0.66
22/02/2017,0.68333,-0.36,0.66
23/02/2017,0.68333,-0.356,0.66
24/02/2017,0.68278,-0.359,0.66
27/02/2017,0.68333,-0.357,0.66
28/02/2017,0.68056,-0.345,0.57
01/03/2017,0.69544,-0.348,0.66
02/03/2017,0.69278,-0.348,0.66
03/03/2017,0.68278,-0.349,0.66
07/03/2017,1.17167,-0.356,1.16
08/03/2017,1.17722,-0.35,1.16
10/03/2017,1.18056,-0.356,1.16
13/03/2017,0.68278,-0.353,0.66
14/03/2017,0.68689,-0.354,0.66
15/03/2017,0.68667,-0.354,0.66
16/03/2017,0.92578,-0.354,0.91
17/03/2017,0.92422,-0.353,0.91
20/03/2017,0.92644,-0.35,0.91
21/03/2017,0.92533,-0.347,0.91
22/03/2017,0.92667,-0.357,0.91
23/03/2017,0.92611,-0.357,0.91
24/03/2017,0.92667,-0.356,0.91
27/03/2017,0.92444,-0.357,0.91
28/03/2017,0.925,-0.357,0.91
29/03/2017,0.92556,-0.357,0.91
30/03/2017,0.92667,-0.356,0.91
31/03/2017,0.92167,-0.355,0.82
04/04/2017,0.93,-0.351,0.91
05/04/2017,0.92778,-0.357,0.91
07/04/2017,1.17167,-0.357,1.16
10/04/2017,1.18222,-0.359,1.16
12/04/2017,1.1825,-0.319,1.16
13/04/2017,0.92611,-0.358,0.91
18/04/2017,0.93,-0.359,0.91
19/04/2017,0.93,-0.359,0.91
20/04/2017,0.92944,-0.358,0.91
21/04/2017,0.92944,-0.358,0.91
24/04/2017,0.92667,-0.358,0.91
25/04/2017,0.92833,-0.362,0.91
26/04/2017,0.93028,-0.363,0.91
27/04/2017,0.93056,-0.362,0.91
28/04/2017,0.92944,-0.351,0.83
01/05/2017,0.69222,-0.354,0.66
04/05/2017,0.93111,-0.352,0.91
05/05/2017,0.92778,-0.357,0.91
09/05/2017,1.17778,-0.357,1.16
10/05/2017,1.18222,-0.359,1.16
12/05/2017,1.1825,-0.324,1.16
15/05/2017,0.92889,-0.358,0.91
16/05/2017,0.92833,-0.367,0.91
17/05/2017,0.92833,-0.359,0.91
18/05/2017,0.92778,-0.362,0.91
19/05/2017,0.92889,-0.36,0.91
22/05/2017,0.92889,-0.359,0.91
23/05/2017,0.93056,-0.36,0.91
24/05/2017,0.93056,-0.359,0.91
25/05/2017,0.93,-0.365,0.91
26/05/2017,0.93,-0.359,0.91
30/05/2017,0.93111,-0.361,0.91
31/05/2017,0.92889,-0.348,0.83
01/06/2017,0.691,-0.356,0.66
02/06/2017,0.68833,-0.351,0.66
06/06/2017,0.93056,-0.358,0.91
07/06/2017,1.17389,-0.359,1.16
09/06/2017,1.17611,-0.356,1.16
12/06/2017,1.1825,-0.326,1.16
13/06/2017,0.93111,-0.358,0.91
14/06/2017,0.93111,-0.358,0.91
15/06/2017,1.175,-0.361,1.16
16/06/2017,1.17722,-0.355,1.16
19/06/2017,1.17667,-0.36,1.16
20/06/2017,1.17611,-0.362,1.16
21/06/2017,1.17722,-0.362,1.16
22/06/2017,1.17722,-0.362,1.16
23/06/2017,1.17667,-0.362,1.16
26/06/2017,1.17611,-0.362,1.16
27/06/2017,1.17611,-0.362,1.16
28/06/2017,1.17667,-0.362,1.16
29/06/2017,1.17333,-0.36,1.16
30/06/2017,1.16167,-0.35,1.06
03/07/2017,0.68278,-0.353,0.66
06/07/2017,0.93111,-0.362,0.91
07/07/2017,1.17389,-0.359,1.16
11/07/2017,1.18389,-0.357,1.16
12/07/2017,1.1825,-0.327,1.16
13/07/2017,1.17833,-0.36,1.16
14/07/2017,1.17722,-0.361,1.16
17/07/2017,1.17778,-0.362,1.16
18/07/2017,1.17722,-0.362,1.16
19/07/2017,1.17889,-0.362,1.16
20/07/2017,1.17889,-0.362,1.16
21/07/2017,1.17889,-0.361,1.16
24/07/2017,1.17889,-0.361,1.16
25/07/2017,1.18,-0.362,1.16
26/07/2017,1.17778,-0.361,1.16
27/07/2017,1.17722,-0.361,1.16
28/07/2017,1.17833,-0.359,1.16
31/07/2017,1.17611,-0.348,1.07
02/08/2017,0.68667,-0.35,0.66
03/08/2017,0.68211,-0.353,0.66
08/08/2017,1.17778,-0.355,1.16
09/08/2017,1.17722,-0.348,1.16
11/08/2017,1.18333,-0.356,1.16
14/08/2017,1.17778,-0.355,1.16
15/08/2017,1.17778,-0.356,1.16
16/08/2017,1.17889,-0.358,1.16
17/08/2017,1.17778,-0.358,1.16
18/08/2017,1.17722,-0.358,1.16
21/08/2017,1.17778,-0.358,1.16
22/08/2017,1.17778,-0.358,1.16
23/08/2017,1.17778,-0.358,1.16
24/08/2017,1.17778,-0.357,1.16
25/08/2017,1.17778,-0.358,1.16
29/08/2017,1.17833,-0.36,1.16
30/08/2017,1.17778,-0.36,1.16
31/08/2017,1.17556,-0.345,1.07
01/09/2017,0.693,-0.351,0.66
05/09/2017,0.92722,-0.357,0.91
06/09/2017,0.93111,-0.36,0.91
08/09/2017,1.17778,-0.354,1.16
11/09/2017,1.18333,-0.355,1.16
13/09/2017,1.17722,-0.358,1.16
14/09/2017,1.17889,-0.359,1.16
15/09/2017,1.17889,-0.36,1.16
18/09/2017,1.17889,-0.363,1.16
19/09/2017,1.17889,-0.361,1.16
20/09/2017,1.17889,-0.36,1.16
21/09/2017,1.17889,-0.366,1.16
22/09/2017,1.17889,-0.359,1.16
25/09/2017,1.17833,-0.36,1.16
26/09/2017,1.17833,-0.359,1.16
27/09/2017,1.18,-0.361,1.16
28/09/2017,1.18111,-0.36,1.16
29/09/2017,1.18167,-0.349,1.06
02/10/2017,0.68778,-0.352,0.66
03/10/2017,0.68189,-0.352,0.66
05/10/2017,0.92833,-0.358,0.91
10/10/2017,1.18167,-0.361,1.16
11/10/2017,1.18333,-0.357,1.16
13/10/2017,1.18444,-0.359,1.16
16/10/2017,1.18444,-0.359,1.16
17/10/2017,1.18444,-0.361,1.16
18/10/2017,1.18444,-0.36,1.16
19/10/2017,1.185,-0.36,1.16
20/10/2017,1.18444,-0.361,1.16
23/10/2017,1.18444,-0.362,1.16
24/10/2017,1.18444,-0.361,1.16
25/10/2017,1.18444,-0.362,1.16
26/10/2017,1.18444,-0.364,1.16
27/10/2017,1.18444,-0.36,1.16
30/10/2017,1.185,-0.348,1.16
31/10/2017,1.18222,-0.348,1.07
01/11/2017,0.69278,-0.351,0.66
07/11/2017,1.17722,-0.36,1.16
08/11/2017,1.17778,-0.356,1.16
09/11/2017,1.17778,-0.357,1.16
10/11/2017,1.18333,-0.362,1.16
13/11/2017,1.18278,-0.356,1.16
14/11/2017,1.18278,-0.356,1.16
15/11/2017,1.18278,-0.357,1.16
16/11/2017,1.18278,-0.358,1.16
17/11/2017,1.18278,-0.359,1.16
20/11/2017,1.18278,-0.358,1.16
21/11/2017,1.18278,-0.359,1.16
22/11/2017,1.18278,-0.358,1.16
24/11/2017,1.18375,-0.359,1.16
27/11/2017,1.18375,-0.365,1.16
28/11/2017,1.185,-0.362,1.16
29/11/2017,1.18625,-0.301,1.16
30/11/2017,1.18,-0.241,1.07
01/12/2017,0.69278,-0.353,0.66
04/12/2017,0.92778,-0.359,0.91
05/12/2017,0.92833,-0.358,0.91
06/12/2017,0.93111,-0.358,0.91
07/12/2017,1.17833,-0.359,1.16
12/12/2017,1.1825,-0.345,1.17
13/12/2017,1.1825,-0.36,1.17
14/12/2017,1.4275,-0.362,1.41
15/12/2017,1.43313,-0.363,1.41
18/12/2017,1.43313,-0.358,1.42
19/12/2017,1.43313,-0.35,1.42
20/12/2017,1.43438,-0.355,1.42
21/12/2017,1.43438,-0.353,1.42
22/12/2017,1.43438,-0.353,1.42
27/12/2017,1.435,-0.357,1.42
28/12/2017,1.4375,-0.355,1.42
29/12/2017,1.42875,-0.346,1.33
02/01/2018,1.44375,-0.363,1.42
03/01/2018,1.44625,-0.361,1.42
05/01/2018,1.70438,-0.355,1.7
08/01/2018,1.91563,-0.358,1.91
10/01/2018,2.17075,-0.363,2.18
11/01/2018,2.17538,-0.353,2.2
16/01/2018,1.43875,-0.37,1.42
17/01/2018,1.4375,-0.363,1.42
18/01/2018,1.4375,-0.37,1.42
19/01/2018,1.4375,-0.362,1.42
22/01/2018,1.4375,-0.363,1.42
23/01/2018,1.4375,-0.363,1.42
24/01/2018,1.4375,-0.363,1.42
25/01/2018,1.43813,-0.363,1.42
26/01/2018,1.43813,-0.364,1.42
29/01/2018,1.43938,-0.363,1.42
30/01/2018,1.43938,-0.361,1.42
31/01/2018,1.43938,-0.355,1.34
01/02/2018,1.4375,-0.37,1.42
02/02/2018,1.44375,-0.363,1.42
05/02/2018,1.70438,-0.358,1.7
07/02/2018,1.92975,-0.361,1.91
08/02/2018,1.92025,-0.358,1.91
13/02/2018,1.44375,-0.362,1.42
14/02/2018,1.44375,-0.364,1.42
15/02/2018,1.44375,-0.363,1.42
16/02/2018,1.445,-0.366,1.42
20/02/2018,1.445,-0.369,1.42
21/02/2018,1.445,-0.368,1.42
22/02/2018,1.44438,-0.369,1.42
23/02/2018,1.44813,-0.368,1.42
26/02/2018,1.4475,-0.37,1.42
27/02/2018,1.4475,-0.361,1.42
28/02/2018,1.4425,-0.351,1.35
01/03/2018,1.43875,-0.356,1.42
05/03/2018,1.70438,-0.359,1.7
07/03/2018,1.92813,-0.364,1.91
08/03/2018,1.915,-0.355,1.91
12/03/2018,2.18188,-0.355,2.19
13/03/2018,1.445,-0.364,1.42
14/03/2018,1.445,-0.363,1.42
15/03/2018,1.445,-0.366,1.43
16/03/2018,1.44625,-0.366,1.43
19/03/2018,1.4475,-0.368,1.43
20/03/2018,1.4475,-0.368,1.44
21/03/2018,1.44875,-0.367,1.44
22/03/2018,1.6975,-0.368,1.68
23/03/2018,1.6975,-0.366,1.68
26/03/2018,1.6975,-0.367,1.68
27/03/2018,1.6975,-0.368,1.68
28/03/2018,1.69875,-0.365,1.68
29/03/2018,1.69688,-0.348,1.68
04/04/2018,1.70188,-0.363,1.69
05/04/2018,1.70563,-0.36,1.7
06/04/2018,1.712,-0.356,1.7
09/04/2018,1.91363,-0.353,1.92
10/04/2018,2.16525,-0.364,2.18
12/04/2018,2.17613,-0.369,2.2
13/04/2018,1.70188,-0.364,1.69
16/04/2018,1.70125,-0.367,1.69
17/04/2018,1.70375,-0.368,1.69
18/04/2018,1.705,-0.368,1.69
19/04/2018,1.70313,-0.368,1.69
20/04/2018,1.70313,-0.368,1.7
23/04/2018,1.70313,-0.368,1.7
24/04/2018,1.70313,-0.367,1.7
25/04/2018,1.70313,-0.366,1.7
26/04/2018,1.70313,-0.367,1.7
27/04/2018,1.70438,-0.367,1.7
30/04/2018,1.70369,-0.355,1.69
01/05/2018,1.4375,-0.357,1.42
02/05/2018,1.43938,-0.366,1.42
03/05/2018,1.4475,-0.362,1.42
04/05/2018,1.70313,-0.367,1.69
09/05/2018,1.91875,-0.356,1.92
10/05/2018,2.17175,-0.362,2.18
11/05/2018,2.17525,-0.362,2.2
14/05/2018,1.705,-0.36,1.7
15/05/2018,1.705,-0.361,1.7
16/05/2018,1.70538,-0.369,1.7
17/05/2018,1.706,-0.365,1.7
18/05/2018,1.70725,-0.371,1.7
21/05/2018,1.706,-0.366,1.7
22/05/2018,1.7085,-0.364,1.7
23/05/2018,1.70788,-0.365,1.7
24/05/2018,1.7085,-0.364,1.7
25/05/2018,1.70725,-0.366,1.7
29/05/2018,1.7085,-0.363,1.7
30/05/2018,1.71163,-0.357,1.7
31/05/2018,1.71163,-0.353,1.7
04/06/2018,1.70313,-0.368,1.69
06/06/2018,1.7135,-0.357,1.7
07/06/2018,1.92563,-0.362,1.91
08/06/2018,1.92,-0.361,1.91
11/06/2018,2.17663,-0.362,2.2
12/06/2018,2.18238,-0.359,2.2
13/06/2018,1.71263,-0.362,1.7
14/06/2018,1.93563,-0.364,1.9
15/06/2018,1.92563,-0.365,1.9
18/06/2018,1.9255,-0.365,1.9
19/06/2018,1.92888,-0.363,1.91
20/06/2018,1.93038,-0.364,1.92
21/06/2018,1.92788,-0.365,1.92
22/06/2018,1.928,-0.364,1.92
25/06/2018,1.93163,-0.363,1.92
26/06/2018,1.935,-0.364,1.92
27/06/2018,1.93375,-0.368,1.91
28/06/2018,1.93325,-0.366,1.91
29/06/2018,1.93538,-0.358,1.91
02/07/2018,1.43875,-0.365,1.42
03/07/2018,1.44688,-0.363,1.42
06/07/2018,1.71438,-0.356,1.7
09/07/2018,1.91875,-0.361,1.92
11/07/2018,2.17725,-0.362,2.2
12/07/2018,2.18088,-0.359,2.19
13/07/2018,1.91763,-0.362,1.91
16/07/2018,1.91263,-0.364,1.91
17/07/2018,1.91825,-0.365,1.91
18/07/2018,1.91325,-0.366,1.91
19/07/2018,1.91225,-0.366,1.91
20/07/2018,1.9135,-0.367,1.91
23/07/2018,1.91838,-0.366,1.91
24/07/2018,1.91413,-0.366,1.91
25/07/2018,1.91488,-0.365,1.91
26/07/2018,1.91725,-0.366,1.91
27/07/2018,1.91163,-0.366,1.91
30/07/2018,1.916,-0.363,1.91
31/07/2018,1.91538,-0.358,1.91
01/08/2018,1.4375,-0.357,1.42
02/08/2018,1.43875,-0.363,1.42
03/08/2018,1.44688,-0.361,1.42
06/08/2018,1.715,-0.357,1.7
08/08/2018,1.91625,-0.357,1.91
13/08/2018,1.9125,-0.357,1.91
14/08/2018,1.91325,-0.359,1.91
15/08/2018,1.91375,-0.362,1.91
16/08/2018,1.92,-0.359,1.92
17/08/2018,1.91688,-0.36,1.92
20/08/2018,1.9175,-0.361,1.92
21/08/2018,1.91963,-0.363,1.92
22/08/2018,1.91775,-0.363,1.92
23/08/2018,1.91813,-0.363,1.92
24/08/2018,1.91888,-0.363,1.92
28/08/2018,1.91488,-0.363,1.92
29/08/2018,1.91538,-0.364,1.92
30/08/2018,1.92,-0.359,1.92
31/08/2018,1.91488,-0.342,1.91
04/09/2018,1.70188,-0.366,1.69
05/09/2018,1.705,-0.359,1.7
07/09/2018,1.92588,-0.361,1.91
10/09/2018,2.1655,-0.365,2.18
11/09/2018,2.175,-0.361,2.19
13/09/2018,1.91988,-0.365,1.92
14/09/2018,1.91513,-0.366,1.92
17/09/2018,1.91463,-0.366,1.92
18/09/2018,1.91888,-0.367,1.92
19/09/2018,1.91863,-0.365,1.92
20/09/2018,1.91738,-0.366,1.92
21/09/2018,1.92088,-0.367,1.92
24/09/2018,1.918,-0.366,1.93
25/09/2018,1.91625,-0.367,1.93
26/09/2018,1.92525,-0.367,1.93
27/09/2018,2.17388,-0.365,2.18
28/09/2018,2.17138,-0.351,2.18
01/10/2018,1.43625,-0.37,1.42
04/10/2018,1.70188,-0.366,1.69
05/10/2018,1.705,-0.361,1.7
08/10/2018,1.9125,-0.357,1.91
09/10/2018,1.91913,-0.358,1.92
10/10/2018,2.172,-0.367,2.18
12/10/2018,2.182,-0.358,2.2
15/10/2018,2.17725,-0.369,2.18
16/10/2018,2.17638,-0.37,2.18
17/10/2018,2.176,-0.371,2.19
18/10/2018,2.17025,-0.37,2.19
19/10/2018,2.17113,-0.368,2.19
22/10/2018,2.17063,-0.369,2.19
23/10/2018,2.17388,-0.369,2.2
24/10/2018,2.17513,-0.369,2.2
25/10/2018,2.17425,-0.368,2.2
26/10/2018,2.17675,-0.369,2.2
29/10/2018,2.17888,-0.37,2.2
30/10/2018,2.18,-0.366,2.2
31/10/2018,2.173,-0.341,2.2
01/11/2018,1.4375,-0.36,1.42
05/11/2018,1.70625,-0.361,1.7
06/11/2018,1.71463,-0.36,1.7
07/11/2018,1.91825,-0.362,1.91
09/11/2018,1.91513,-0.364,1.92
12/11/2018,2.18213,-0.36,2.19
13/11/2018,2.17788,-0.362,2.2
14/11/2018,2.17575,-0.36,2.2
15/11/2018,2.17938,-0.368,2.2
16/11/2018,2.17538,-0.362,2.2
19/11/2018,2.18075,-0.362,2.2
20/11/2018,2.17288,-0.362,2.2
21/11/2018,2.1805,-0.363,2.2
23/11/2018,2.177,-0.362,2.2
26/11/2018,2.183,-0.362,2.2
27/11/2018,2.1785,-0.362,2.2
28/11/2018,2.1825,-0.365,2.2
29/11/2018,2.18275,-0.363,2.2
30/11/2018,2.1775,-0.349,2.2
03/12/2018,1.445,-0.363,1.42
04/12/2018,1.70313,-0.364,1.69
06/12/2018,1.71325,-0.362,1.7
07/12/2018,1.91763,-0.363,1.91
10/12/2018,2.16938,-0.368,2.18
12/12/2018,2.18475,-0.36,2.19
13/12/2018,2.18438,-0.361,2.19
14/12/2018,2.18475,-0.362,2.19
17/12/2018,2.18125,-0.364,2.2
18/12/2018,2.18025,-0.366,2.2
19/12/2018,2.18175,-0.367,2.2
20/12/2018,2.38788,-0.362,2.4
21/12/2018,2.39163,-0.374,2.4
27/12/2018,2.391,-0.335,2.4
28/12/2018,2.39238,-0.355,2.4
02/01/2019,2.374,-0.365,2.4
03/01/2019,2.38488,-0.368,2.4
04/01/2019,2.38813,-0.366,2.41
07/01/2019,2.35975,-0.366,2.39
08/01/2019,2.11225,-0.361,2.14
10/01/2019,1.82613,-0.464,1.88
11/01/2019,1.59213,-0.464,1.57
14/01/2019,2.39013,-0.366,2.4
15/01/2019,2.38675,-0.369,2.4
16/01/2019,2.38488,-0.37,2.4
17/01/2019,2.38463,-0.369,2.4
18/01/2019,2.38388,-0.371,2.4
22/01/2019,2.37563,-0.368,2.4
23/01/2019,2.38413,-0.368,2.4
24/01/2019,2.3845,-0.369,2.4
25/01/2019,2.38475,-0.369,2.4
28/01/2019,2.38488,-0.368,2.4
29/01/2019,2.38438,-0.369,2.4
30/01/2019,2.38388,-0.369,2.4
31/01/2019,2.3835,-0.357,2.4
01/02/2019,2.38675,-0.368,2.4
04/02/2019,2.38025,-0.367,2.41
05/02/2019,2.37313,-0.362,2.41
07/02/2019,2.35138,-0.367,2.4
08/02/2019,2.10425,-0.357,2.14
12/02/2019,1.54063,-0.456,1.56
13/02/2019,2.38438,-0.369,2.4
14/02/2019,2.38275,-0.37,2.4
15/02/2019,2.387,-0.369,2.4
19/02/2019,2.378,-0.369,2.4
20/02/2019,2.38463,-0.37,2.4
21/02/2019,2.3825,-0.37,2.4
22/02/2019,2.38788,-0.368,2.4
25/02/2019,2.38863,-0.37,2.4
26/02/2019,2.38863,-0.372,2.4
27/02/2019,2.38825,-0.371,2.4
28/02/2019,2.38275,-0.365,2.4
01/03/2019,2.39188,-0.366,2.4
04/03/2019,2.38613,-0.368,2.41
05/03/2019,2.37788,-0.356,2.4
06/03/2019,2.36075,-0.365,2.38
07/03/2019,2.35638,-0.368,2.41
12/03/2019,1.5385,-0.454,1.55
13/03/2019,2.39013,-0.367,2.4
14/03/2019,2.39038,-0.368,2.4
15/03/2019,2.39038,-0.366,2.4
18/03/2019,2.38963,-0.369,2.4
19/03/2019,2.39013,-0.368,2.4
20/03/2019,2.38625,-0.371,2.41
21/03/2019,2.38725,-0.371,2.41
22/03/2019,2.389,-0.369,2.41
25/03/2019,2.38938,-0.368,2.4
26/03/2019,2.39388,-0.368,2.4
27/03/2019,2.39213,-0.37,2.41
28/03/2019,2.39275,-0.366,2.41
29/03/2019,2.382,-0.356,2.43
01/04/2019,2.394,-0.365,2.4
02/04/2019,2.38413,-0.358,2.4
03/04/2019,2.38238,-0.37,2.4
04/04/2019,2.39413,-0.368,2.41
09/04/2019,2.09125,-0.362,2.13
10/04/2019,1.82075,-0.468,1.82
11/04/2019,1.55088,-0.451,1.56
12/04/2019,1.5295,-0.455,1.55
15/04/2019,2.39263,-0.366,2.41
16/04/2019,2.38913,-0.366,2.41
17/04/2019,2.38563,-0.369,2.42
18/04/2019,2.39113,-0.366,2.43
23/04/2019,2.40275,-0.367,2.44
24/04/2019,2.39413,-0.369,2.44
25/04/2019,2.39938,-0.366,2.44
26/04/2019,2.4,-0.37,2.44
29/04/2019,2.38975,-0.369,2.45
30/04/2019,2.37913,-0.359,2.45
02/05/2019,2.38238,-0.363,2.4
03/05/2019,2.39063,-0.372,2.4
07/05/2019,2.34825,-0.367,2.42
08/05/2019,2.10513,-0.356,2.13
09/05/2019,2.09763,-0.36,2.13
13/05/2019,2.34513,-0.368,2.38
14/05/2019,2.34338,-0.366,2.38
15/05/2019,2.34913,-0.368,2.4
16/05/2019,2.35938,-0.371,2.39
17/05/2019,2.35575,-0.37,2.39
20/05/2019,2.35938,-0.37,2.39
21/05/2019,2.35538,-0.371,2.39
22/05/2019,2.3545,-0.37,2.38
23/05/2019,2.35625,-0.368,2.38
24/05/2019,2.3565,-0.366,2.38
28/05/2019,2.35388,-0.37,2.39
29/05/2019,2.356,-0.37,2.39
30/05/2019,2.35775,-0.372,2.39
31/05/2019,2.3545,-0.359,2.4
03/06/2019,2.39063,-0.368,2.4
06/06/2019,2.346,-0.367,2.37
11/06/2019,1.5365,-0.454,1.55
12/06/2019,1.52913,-0.456,1.55
13/06/2019,2.3505,-0.361,2.37
14/06/2019,2.34663,-0.368,2.36
17/06/2019,2.34438,-0.369,2.38
18/06/2019,2.3495,-0.368,2.37
19/06/2019,2.34088,-0.379,2.37
20/06/2019,2.3415,-0.374,2.37
21/06/2019,2.3475,-0.368,2.38
24/06/2019,2.34925,-0.359,2.38
25/06/2019,2.34475,-0.37,2.38
26/06/2019,2.354,-0.37,2.38
27/06/2019,2.35488,-0.365,2.38
28/06/2019,2.37038,-0.36,2.4
01/07/2019,2.39275,-0.365,2.4
02/07/2019,2.38313,-0.363,2.4
03/07/2019,2.38975,-0.364,2.4
05/07/2019,2.36313,-0.363,2.4
08/07/2019,2.09938,-0.359,2.12
10/07/2019,1.80825,-0.469,1.82
11/07/2019,1.54363,-0.452,1.55
15/07/2019,2.35713,-0.368,2.4
16/07/2019,2.35663,-0.37,2.41
17/07/2019,2.36275,-0.37,2.41
18/07/2019,2.36063,-0.368,2.41
19/07/2019,2.362,-0.369,2.41
22/07/2019,2.35963,-0.369,2.4
23/07/2019,2.35375,-0.369,2.4
24/07/2019,2.35225,-0.365,2.4
25/07/2019,2.349,-0.361,2.4
26/07/2019,2.35038,-0.366,2.4
29/07/2019,2.34863,-0.368,2.4
30/07/2019,2.347,-0.365,2.39
31/07/2019,2.35163,-0.358,2.4
01/08/2019,2.39125,-0.362,2.4
02/08/2019,2.38575,-0.362,2.4
05/08/2019,2.36275,-0.366,2.39
07/08/2019,2.35688,-0.368,2.41
08/08/2019,2.09525,-0.352,2.12
13/08/2019,2.09825,-0.359,2.12
14/08/2019,2.09213,-0.361,2.12
15/08/2019,2.09588,-0.362,2.13
16/08/2019,2.0985,-0.364,2.13
19/08/2019,2.09538,-0.364,2.13
20/08/2019,2.097,-0.363,2.13
21/08/2019,2.093,-0.369,2.12
22/08/2019,2.09363,-0.361,2.12
23/08/2019,2.08838,-0.361,2.12
27/08/2019,2.09575,-0.365,2.12
28/08/2019,2.08663,-0.369,2.12
29/08/2019,2.095,-0.365,2.12
30/08/2019,2.08963,-0.359,2.13
04/09/2019,2.393,-0.368,2.41
05/09/2019,2.35888,-0.364,2.38
09/09/2019,2.09388,-0.363,2.13
10/09/2019,1.79,-0.467,1.82
12/09/2019,1.53663,-0.456,1.55
13/09/2019,2.09475,-0.369,2.14
16/09/2019,2.11163,-0.367,2.25
17/09/2019,2.15488,-0.367,2.3
18/09/2019,2.18525,-0.457,2.25
19/09/2019,1.96213,-0.456,1.9
20/09/2019,1.8685,-0.458,1.9
23/09/2019,1.8475,-0.456,1.9
24/09/2019,1.842,-0.454,1.9
25/09/2019,1.84075,-0.455,1.9
26/09/2019,1.82988,-0.457,1.85
27/09/2019,1.82713,-0.452,1.83
30/09/2019,1.8215,-0.451,1.9
01/10/2019,2.39413,-0.366,2.4
04/10/2019,2.3885,-0.367,2.41
07/10/2019,2.35475,-0.368,2.41
09/10/2019,2.0925,-0.365,2.13
10/10/2019,1.79263,-0.467,1.82
15/10/2019,1.79513,-0.466,1.9
16/10/2019,1.82575,-0.463,1.9
17/10/2019,1.83813,-0.463,1.85
21/10/2019,1.81113,-0.464,1.85
22/10/2019,1.81288,-0.463,1.85
23/10/2019,1.814,-0.462,1.85
24/10/2019,1.80275,-0.463,1.85
25/10/2019,1.806,-0.463,1.83
28/10/2019,1.80163,-0.463,1.83
29/10/2019,1.801,-0.46,1.82
30/10/2019,1.80438,-0.46,1.82
31/10/2019,1.59988,-0.458,1.58
01/11/2019,2.38938,-0.366,2.4
04/11/2019,2.3885,-0.367,2.41
06/11/2019,2.35088,-0.37,2.37
07/11/2019,2.359,-0.366,2.4
12/11/2019,1.52538,-0.459,1.55
13/11/2019,1.539,-0.446,1.55
14/11/2019,1.527,-0.451,1.55
15/11/2019,1.53675,-0.456,1.55
18/11/2019,1.53538,-0.456,1.55
19/11/2019,1.53688,-0.457,1.55
20/11/2019,1.529,-0.426,1.55
21/11/2019,1.54138,-0.457,1.55
22/11/2019,1.53388,-0.451,1.55
25/11/2019,1.53613,-0.448,1.55
26/11/2019,1.538,-0.448,1.55
27/11/2019,1.53963,-0.448,1.55
29/11/2019,1.5425,-0.447,1.56
02/12/2019,2.3835,-0.367,2.4
03/12/2019,2.39038,-0.366,2.4
04/12/2019,2.39225,-0.364,2.41
06/12/2019,2.35038,-0.367,2.37
09/12/2019,2.08825,-0.366,2.13
11/12/2019,1.53925,-0.452,1.55
12/12/2019,1.53375,-0.459,1.55
13/12/2019,1.52988,-0.458,1.55
16/12/2019,1.53063,-0.458,1.56
17/12/2019,1.53563,-0.451,1.55
18/12/2019,1.5335,-0.455,1.55
19/12/2019,1.534,-0.455,1.55
20/12/2019,1.53663,-0.455,1.55
23/12/2019,1.5345,-0.46,1.55
24/12/2019,1.53313,-0.464,1.55
27/12/2019,1.53625,-0.457,1.55
30/12/2019,1.53438,-0.456,1.55
31/12/2019,1.54263,-0.446,1.55
06/01/2020,0.062,-0.461,0.05
07/01/2020,0.07663,-0.463,0.08
09/01/2020,0.08125,-0.469,0.09
10/01/2020,0.08175,-0.473,0.09
13/01/2020,1.53513,-0.452,1.54
14/01/2020,1.53125,-0.453,1.54
15/01/2020,1.52838,-0.453,1.54
16/01/2020,1.53563,-0.451,1.54
17/01/2020,1.53113,-0.452,1.55
21/01/2020,1.53925,-0.45,1.55
22/01/2020,1.53263,-0.451,1.55
23/01/2020,1.53163,-0.452,1.55
24/01/2020,1.53188,-0.452,1.55
27/01/2020,1.53175,-0.453,1.55
28/01/2020,1.533,-0.451,1.55
29/01/2020,1.52963,-0.455,1.55
30/01/2020,1.54388,-0.454,1.6
31/01/2020,1.56875,-0.454,1.59
03/02/2020,1.57463,-0.457,1.59
04/02/2020,0.08588,-0.449,0.05
06/02/2020,0.065,-0.457,0.06
10/02/2020,0.08125,-0.47,0.09
11/02/2020,0.08113,-0.47,0.09
12/02/2020,0.0815,-0.471,0.09
13/02/2020,1.57338,-0.455,1.58
14/02/2020,1.57613,-0.453,1.58
18/02/2020,1.56338,-0.451,1.59
19/02/2020,1.57688,-0.453,1.59
20/02/2020,1.56713,-0.453,1.59
21/02/2020,1.57025,-0.454,1.58
24/02/2020,1.5755,-0.455,1.58
25/02/2020,1.569,-0.454,1.58
26/02/2020,1.5715,-0.454,1.58
27/02/2020,1.574,-0.453,1.58
28/02/2020,1.56775,-0.455,1.58
02/03/2020,1.568,-0.452,1.59
03/03/2020,1.57563,-0.457,1.59
04/03/2020,0.07663,-0.454,0.05
06/03/2020,0.06188,-0.458,0.06
09/03/2020,0.08238,-0.466,0.09
11/03/2020,0.082,-0.468,0.09
12/03/2020,0.08275,-0.471,0.09
13/03/2020,1.08488,-0.456,1.1
16/03/2020,0.23925,-0.451,0.25
17/03/2020,0.25813,-0.446,0.25
18/03/2020,0.37988,-0.444,0.25
19/03/2020,0.29825,-0.441,0.2
20/03/2020,0.21188,-0.439,0.15
23/03/2020,0.2065,-0.44,0.15
24/03/2020,0.17813,-0.442,0.12
25/03/2020,0.20125,-0.442,0.1
26/03/2020,0.14988,-0.444,0.1
27/03/2020,0.13625,-0.445,0.1
30/03/2020,0.12088,-0.443,0.09
31/03/2020,0.119,-0.437,0.08
02/04/2020,1.5655,-0.451,1.59
03/04/2020,1.08775,-0.456,1.09
06/04/2020,0.05975,-0.46,0.06
08/04/2020,0.089,-0.466,0.1
09/04/2020,0.08163,-0.467,0.09
14/04/2020,0.07163,-0.449,0.05
15/04/2020,0.06613,-0.45,0.05
16/04/2020,0.067,-0.449,0.05
17/04/2020,0.067,-0.453,0.05
20/04/2020,0.06463,-0.456,0.05
21/04/2020,0.06313,-0.456,0.05
22/04/2020,0.0635,-0.454,0.05
23/04/2020,0.05825,-0.454,0.04
24/04/2020,0.05675,-0.454,0.05
27/04/2020,0.056,-0.454,0.04
28/04/2020,0.05075,-0.456,0.04
29/04/2020,0.05488,-0.458,0.04
30/04/2020,0.0605,-0.446,0.05
05/05/2020,0.05775,-0.454,0.05
06/05/2020,0.0625,-0.459,0.07
11/05/2020,0.08138,-0.471,0.09
13/05/2020,0.061,-0.457,0.05
14/05/2020,0.0615,-0.456,0.05
15/05/2020,0.062,-0.458,0.05
18/05/2020,0.05975,-0.457,0.05
19/05/2020,0.06038,-0.457,0.05
20/05/2020,0.06238,-0.46,0.05
21/05/2020,0.06113,-0.46,0.05
22/05/2020,0.06075,-0.454,0.05
26/05/2020,0.06025,-0.456,0.05
27/05/2020,0.06163,-0.456,0.05
28/05/2020,0.063,-0.456,0.05
29/05/2020,0.0615,-0.455,0.05
01/06/2020,1.537,-0.454,1.55
02/06/2020,1.572,-0.45,1.59
03/06/2020,1.07975,-0.456,1.09
04/06/2020,0.0745,-0.448,0.05
05/06/2020,0.0625,-0.457,0.05
08/06/2020,0.08575,-0.468,0.1
10/06/2020,0.0815,-0.471,0.09
11/06/2020,0.08263,-0.473,0.09
15/06/2020,0.06975,-0.462,0.09
16/06/2020,0.07163,-0.461,0.09
17/06/2020,0.0755,-0.459,0.09
18/06/2020,0.07638,-0.459,0.09
19/06/2020,0.07525,-0.461,0.09
22/06/2020,0.06988,-0.46,0.08
23/06/2020,0.07113,-0.459,0.08
24/06/2020,0.07425,-0.461,0.08
25/06/2020,0.07563,-0.462,0.08
26/06/2020,0.07113,-0.462,0.08
29/06/2020,0.08175,-0.46,0.08
30/06/2020,0.08088,-0.47,0.08
01/07/2020,1.52788,-0.455,1.55
02/07/2020,1.57738,-0.452,1.58
07/07/2020,0.083,-0.465,0.09
08/07/2020,0.08513,-0.468,0.1
10/07/2020,0.08175,-0.47,0.09
13/07/2020,0.082,-0.467,0.09
14/07/2020,0.0775,-0.466,0.09
15/07/2020,0.08425,-0.466,0.1
16/07/2020,0.08675,-0.456,0.1
17/07/2020,0.08563,-0.466,0.09
20/07/2020,0.0855,-0.466,0.1
21/07/2020,0.08525,-0.464,0.1
22/07/2020,0.08588,-0.465,0.09
23/07/2020,0.08563,-0.465,0.09
24/07/2020,0.08488,-0.466,0.09
27/07/2020,0.08513,-0.467,0.1
28/07/2020,0.08475,-0.466,0.1
29/07/2020,0.08413,-0.468,0.1
30/07/2020,0.085,-0.467,0.1
31/07/2020,0.08725,-0.465,0.1
04/08/2020,0.07188,-0.45,0.05
06/08/2020,0.06075,-0.462,0.07
07/08/2020,0.08288,-0.464,0.09
10/08/2020,0.08263,-0.468,0.09
12/08/2020,0.0825,-0.474,0.09
13/08/2020,0.08488,-0.467,0.1
14/08/2020,0.0855,-0.464,0.1
17/08/2020,0.08475,-0.468,0.1
18/08/2020,0.08363,-0.469,0.09
19/08/2020,0.08463,-0.468,0.09
20/08/2020,0.083,-0.468,0.09
21/08/2020,0.08175,-0.469,0.09
24/08/2020,0.08175,-0.467,0.09
25/08/2020,0.08138,-0.468,0.09
26/08/2020,0.08175,-0.469,0.09
27/08/2020,0.082,-0.467,0.08
28/08/2020,0.08088,-0.467,0.09
01/09/2020,1.527,-0.454,1.55
03/09/2020,1.08113,-0.454,1.09
04/09/2020,0.06775,-0.451,0.05
09/09/2020,0.08213,-0.469,0.09
10/09/2020,0.08175,-0.468,0.09
11/09/2020,0.08113,-0.473,0.09
14/09/2020,0.08388,-0.47,0.09
15/09/2020,0.08325,-0.466,0.09
16/09/2020,0.0825,-0.471,0.09
17/09/2020,0.08225,-0.468,0.09
18/09/2020,0.08313,-0.467,0.09
21/09/2020,0.0825,-0.467,0.09
22/09/2020,0.08263,-0.467,0.09
23/09/2020,0.08038,-0.466,0.09
24/09/2020,0.08075,-0.468,0.09
25/09/2020,0.08013,-0.469,0.09
28/09/2020,0.08163,-0.47,0.09
29/09/2020,0.08175,-0.471,0.09
30/09/2020,0.078,-0.485,0.09
01/10/2020,1.53313,-0.453,1.54
02/10/2020,1.57463,-0.452,1.58
06/10/2020,0.06325,-0.463,0.08
07/10/2020,0.08138,-0.464,0.09
08/10/2020,0.086,-0.469,0.1
09/10/2020,0.08413,-0.469,0.09
12/10/2020,0.08288,-0.471,0.09
13/10/2020,0.08,-0.47,0.09
14/10/2020,0.08088,-0.471,0.09
15/10/2020,0.08125,-0.471,0.09
16/10/2020,0.08113,-0.468,0.09
19/10/2020,0.08088,-0.468,0.09
20/10/2020,0.08038,-0.468,0.09
21/10/2020,0.08063,-0.467,0.09
22/10/2020,0.08413,-0.469,0.09
23/10/2020,0.08138,-0.468,0.09
26/10/2020,0.08063,-0.467,0.09
27/10/2020,0.08163,-0.469,0.09
28/10/2020,0.08025,-0.47,0.09
29/10/2020,0.081,-0.467,0.09
30/10/2020,0.08138,-0.472,0.09
02/11/2020,1.57125,-0.456,1.58
03/11/2020,1.084,-0.458,1.09
05/11/2020,0.06163,-0.459,0.05
06/11/2020,0.0655,-0.462,0.08
09/11/2020,0.083,-0.468,0.09
12/11/2020,0.08325,-0.472,0.09
13/11/2020,0.08325,-0.471,0.09
16/11/2020,0.08363,-0.473,0.09
17/11/2020,0.08213,-0.472,0.09
18/11/2020,0.08225,-0.472,0.09
19/11/2020,0.08238,-0.472,0.08
20/11/2020,0.08263,-0.472,0.08
23/11/2020,0.082,-0.472,0.08
24/11/2020,0.08013,-0.471,0.08
25/11/2020,0.08,-0.469,0.08
27/11/2020,0.08025,-0.472,0.08
30/11/2020,0.085,-0.475,0.09
02/12/2020,1.57413,-0.456,1.58
03/12/2020,1.08663,-0.455,1.1
08/12/2020,0.08538,-0.467,0.1
11/12/2020,0.0815,-0.463,0.09
14/12/2020,0.0825,-0.473,0.09
15/12/2020,0.082,-0.466,0.09
16/12/2020,0.08125,-0.472,0.09
17/12/2020,0.08538,-0.471,0.09
18/12/2020,0.08438,-0.473,0.09
21/12/2020,0.08463,-0.472,0.09
22/12/2020,0.08513,-0.473,0.09
23/12/2020,0.08563,-0.474,0.09
24/12/2020,0.081,-0.47,0.09
29/12/2020,0.08738,-0.472,0.09
30/12/2020,0.08563,-0.47,0.09
31/12/2020,0.07763,-0.498,0.09
04/01/2021,0.07475,-0.481,0.07
06/01/2021,0.05425,-0.479,0.06
07/01/2021,0.0805,-0.48,0.1
11/01/2021,0.06763,-0.494,0.08
12/01/2021,0.07713,-0.489,0.08
13/01/2021,0.086,-0.477,0.09
14/01/2021,0.08675,-0.479,0.09
15/01/2021,0.08663,-0.481,0.09
19/01/2021,0.08513,-0.479,0.09
20/01/2021,0.08663,-0.479,0.09
21/01/2021,0.087,-0.477,0.08
22/01/2021,0.08625,-0.476,0.08
25/01/2021,0.08463,-0.479,0.08
26/01/2021,0.08375,-0.473,0.08
27/01/2021,0.08288,-0.478,0.08
28/01/2021,0.07925,-0.476,0.07
29/01/2021,0.07875,-0.479,0.07
02/02/2021,0.08113,-0.479,0.08
03/02/2021,0.07888,-0.48,0.07
08/02/2021,0.0795,-0.48,0.1
09/02/2021,0.0735,-0.484,0.08
11/02/2021,0.07213,-0.484,0.08
18/02/2021,0.08013,-0.477,0.07
19/02/2021,0.07813,-0.478,0.07
22/02/2021,0.08125,-0.479,0.07
23/02/2021,0.0805,-0.48,0.07
24/02/2021,0.08013,-0.479,0.07
25/02/2021,0.08038,-0.479,0.07
26/02/2021,0.084,-0.481,0.07
02/03/2021,0.08288,-0.473,0.08
03/03/2021,0.0785,-0.48,0.07
08/03/2021,0.08138,-0.485,0.1
09/03/2021,0.07075,-0.483,0.08
11/03/2021,0.07375,-0.489,0.08
12/03/2021,0.0765,-0.493,0.08
15/03/2021,0.078,-0.479,0.07
16/03/2021,0.0785,-0.477,0.07
17/03/2021,0.078,-0.476,0.07
18/03/2021,0.07875,-0.481,0.07
19/03/2021,0.07688,-0.48,0.07
22/03/2021,0.07663,-0.481,0.07
23/03/2021,0.07688,-0.478,0.07
24/03/2021,0.07638,-0.479,0.07
25/03/2021,0.0755,-0.479,0.07
26/03/2021,0.07338,-0.483,0.07
29/03/2021,0.07288,-0.485,0.07
30/03/2021,0.077,-0.485,0.07
31/03/2021,0.08063,-0.489,0.06
01/04/2021,0.08463,-0.481,0.09
06/04/2021,0.05513,-0.478,0.06
08/04/2021,0.0815,-0.485,0.1
13/04/2021,0.07475,-0.478,0.07
14/04/2021,0.07363,-0.475,0.07
15/04/2021,0.07325,-0.481,0.07
16/04/2021,0.07275,-0.48,0.07
19/04/2021,0.07275,-0.482,0.07
20/04/2021,0.07288,-0.482,0.07
21/04/2021,0.07213,-0.48,0.07
22/04/2021,0.07338,-0.48,0.07
23/04/2021,0.07338,-0.48,0.07
26/04/2021,0.07375,-0.482,0.07
27/04/2021,0.074,-0.475,0.07
28/04/2021,0.07313,-0.481,0.07
29/04/2021,0.07275,-0.481,0.06
30/04/2021,0.07125,-0.484,0.05
10/05/2021,0.06988,-0.484,0.08
11/05/2021,0.07263,-0.487,0.08
13/05/2021,0.06225,-0.479,0.06
14/05/2021,0.062,-0.479,0.06
17/05/2021,0.06238,-0.48,0.06
18/05/2021,0.06288,-0.473,0.06
19/05/2021,0.06163,-0.479,0.06
20/05/2021,0.06113,-0.478,0.06
21/05/2021,0.05975,-0.479,0.06
24/05/2021,0.05925,-0.481,0.06
25/05/2021,0.06063,-0.48,0.06
26/05/2021,0.05888,-0.48,0.06
27/05/2021,0.057,-0.479,0.06
28/05/2021,0.06113,-0.481,0.05
01/06/2021,0.0865,-0.481,0.09
04/06/2021,0.07788,-0.482,0.07
07/06/2021,0.08163,-0.48,0.1
08/06/2021,0.0785,-0.484,0.1
10/06/2021,0.07275,-0.484,0.08
15/06/2021,0.05613,-0.476,0.06
16/06/2021,0.0555,-0.477,0.06
17/06/2021,0.06325,-0.478,0.1
18/06/2021,0.0805,-0.478,0.1
21/06/2021,0.08475,-0.479,0.1
22/06/2021,0.08538,-0.479,0.1
23/06/2021,0.08525,-0.478,0.1
24/06/2021,0.085,-0.48,0.1
25/06/2021,0.08338,-0.48,0.1
28/06/2021,0.08375,-0.481,0.1
29/06/2021,0.08313,-0.483,0.1
30/06/2021,0.0865,-0.496,0.08
01/07/2021,0.08675,-0.48,0.09
06/07/2021,0.055,-0.479,0.06
07/07/2021,0.08513,-0.48,0.1
09/07/2021,0.07288,-0.484,0.08
12/07/2021,0.07575,-0.492,0.08
13/07/2021,0.08563,-0.481,0.1
14/07/2021,0.08538,-0.481,0.1
15/07/2021,0.08563,-0.481,0.1
16/07/2021,0.08575,-0.482,0.1
19/07/2021,0.086,-0.481,0.1
20/07/2021,0.0855,-0.482,0.1
21/07/2021,0.08388,-0.483,0.1
22/07/2021,0.08338,-0.478,0.1
23/07/2021,0.08013,-0.482,0.1
26/07/2021,0.081,-0.482,0.1
27/07/2021,0.08088,-0.478,0.1
28/07/2021,0.07963,-0.482,0.1
29/07/2021,0.07938,-0.482,0.1
30/07/2021,0.07688,-0.486,0.07
02/08/2021,0.08125,-0.478,0.07
03/08/2021,0.07763,-0.473,0.07
04/08/2021,0.07488,-0.485,0.07
06/08/2021,0.055,-0.478,0.06
09/08/2021,0.06963,-0.484,0.08
10/08/2021,0.07263,-0.483,0.08
11/08/2021,0.065,-0.49,0.08
12/08/2021,0.07025,-0.492,0.08
13/08/2021,0.07763,-0.484,0.1
16/08/2021,0.07825,-0.484,0.1
17/08/2021,0.07788,-0.483,0.1
18/08/2021,0.07863,-0.482,0.09
19/08/2021,0.0785,-0.482,0.09
20/08/2021,0.07738,-0.482,0.09
23/08/2021,0.07775,-0.483,0.09
24/08/2021,0.07763,-0.482,0.09
25/08/2021,0.07638,-0.479,0.09
26/08/2021,0.07575,-0.485,0.09
27/08/2021,0.07613,-0.485,0.08
31/08/2021,0.07338,-0.485,0.06
02/09/2021,0.07988,-0.479,0.08
03/09/2021,0.07713,-0.475,0.07
07/09/2021,0.08663,-0.481,0.1
08/09/2021,0.07875,-0.483,0.1
09/09/2021,0.07188,-0.485,0.08
13/09/2021,0.07338,-0.486,0.08
14/09/2021,0.07188,-0.483,0.08
15/09/2021,0.07213,-0.488,0.08
16/09/2021,0.07425,-0.482,0.08
17/09/2021,0.07075,-0.486,0.08
22/09/2021,0.0725,-0.481,0.08
23/09/2021,0.07188,-0.485,0.08
24/09/2021,0.0725,-0.484,0.08
27/09/2021,0.07038,-0.486,0.08
28/09/2021,0.07163,-0.488,0.08
29/09/2021,0.07025,-0.487,0.08
30/09/2021,0.07463,-0.495,0.06
08/10/2021,0.07863,-0.482,0.1
11/10/2021,0.06538,-0.491,0.08
12/10/2021,0.07225,-0.492,0.08
13/10/2021,0.07363,-0.484,0.08
14/10/2021,0.072,-0.485,0.08
15/10/2021,0.07113,-0.487,0.08
18/10/2021,0.07213,-0.489,0.08
19/10/2021,0.07175,-0.488,0.08
20/10/2021,0.07325,-0.486,0.08
21/10/2021,0.07275,-0.488,0.08
22/10/2021,0.0735,-0.484,0.08
25/10/2021,0.0715,-0.486,0.08
26/10/2021,0.07163,-0.485,0.08
27/10/2021,0.0695,-0.488,0.08
28/10/2021,0.07363,-0.488,0.08
29/10/2021,0.07213,-0.493,0.07
01/11/2021,0.08688,-0.479,0.09
02/11/2021,0.07975,-0.48,0.08
03/11/2021,0.07813,-0.476,0.07
05/11/2021,0.06063,-0.479,0.06
08/11/2021,0.07863,-0.482,0.1
15/11/2021,0.075,-0.484,0.08
16/11/2021,0.07425,-0.486,0.08
17/11/2021,0.07525,-0.486,0.08
18/11/2021,0.07425,-0.486,0.08
19/11/2021,0.076,-0.488,0.08
22/11/2021,0.0755,-0.488,0.08
23/11/2021,0.0725,-0.489,0.08
24/11/2021,0.0735,-0.485,0.08
26/11/2021,0.07413,-0.488,0.08
29/11/2021,0.07638,-0.488,0.08
30/11/2021,0.0765,-0.49,0.07
01/12/2021,0.08588,-0.478,0.09
02/12/2021,0.07963,-0.479,0.08
03/12/2021,0.07813,-0.477,0.07
07/12/2021,0.08675,-0.483,0.1
08/12/2021,0.078,-0.483,0.1
10/12/2021,0.074,-0.477,0.08
13/12/2021,0.07713,-0.494,0.08
14/12/2021,0.06863,-0.492,0.08
15/12/2021,0.07813,-0.492,0.08
16/12/2021,0.07638,-0.492,0.08
17/12/2021,0.07425,-0.491,0.08
20/12/2021,0.0725,-0.491,0.08
21/12/2021,0.07288,-0.486,0.08
22/12/2021,0.0705,-0.489,0.08
23/12/2021,0.07513,-0.491,0.08
29/12/2021,0.07275,-0.493,0.08
