,Date,xrp_p
0,01/01/2016 23:59,0.00595503
1,02/01/2016 23:59,0.00606472
2,03/01/2016 23:59,0.00601714
3,04/01/2016 23:59,0.00595775
4,05/01/2016 23:59,0.00604433
5,06/01/2016 23:59,0.00600329
6,07/01/2016 23:59,0.00603918
7,08/01/2016 23:59,0.00593331
8,09/01/2016 23:59,0.00598202
9,10/01/2016 23:59,0.00595606
10,11/01/2016 23:59,0.00589466
11,12/01/2016 23:59,0.00585438
12,13/01/2016 23:59,0.00579364
13,14/01/2016 23:59,0.00552936
14,15/01/2016 23:59,0.00522933
15,16/01/2016 23:59,0.00511205
16,17/01/2016 23:59,0.0052658
17,18/01/2016 23:59,0.00532603
18,19/01/2016 23:59,0.00527071
19,20/01/2016 23:59,0.00538087
20,21/01/2016 23:59,0.00531257
21,22/01/2016 23:59,0.00511437
22,23/01/2016 23:59,0.00512009
23,24/01/2016 23:59,0.00521938
24,25/01/2016 23:59,0.00513465
25,26/01/2016 23:59,0.005419
26,27/01/2016 23:59,0.00650588
27,28/01/2016 23:59,0.00622596
28,29/01/2016 23:59,0.00683954
29,30/01/2016 23:59,0.00663408
30,31/01/2016 23:59,0.00639919
31,01/02/2016 23:59,0.00654171
32,02/02/2016 23:59,0.00676827
33,03/02/2016 23:59,0.00688256
34,04/02/2016 23:59,0.00697046
35,05/02/2016 23:59,0.00726208
36,06/02/2016 23:59,0.00792221
37,07/02/2016 23:59,0.00833814
38,08/02/2016 23:59,0.00799082
39,09/02/2016 23:59,0.00781542
40,10/02/2016 23:59,0.00785346
41,11/02/2016 23:59,0.00781518
42,12/02/2016 23:59,0.00797939
43,13/02/2016 23:59,0.00825746
44,14/02/2016 23:59,0.00859006
45,15/02/2016 23:59,0.00863064
46,16/02/2016 23:59,0.00845089
47,17/02/2016 23:59,0.00813791
48,18/02/2016 23:59,0.0079953
49,19/02/2016 23:59,0.00824475
50,20/02/2016 23:59,0.0082526
51,21/02/2016 23:59,0.00810032
52,22/02/2016 23:59,0.00805031
53,23/02/2016 23:59,0.00796969
54,24/02/2016 23:59,0.00807609
55,25/02/2016 23:59,0.00802735
56,26/02/2016 23:59,0.00805793
57,27/02/2016 23:59,0.00797223
58,28/02/2016 23:59,0.0078889
59,29/02/2016 23:59,0.00792256
60,01/03/2016 23:59,0.00800566
61,02/03/2016 23:59,0.00803018
62,03/03/2016 23:59,0.00816162
63,04/03/2016 23:59,0.00809603
64,05/03/2016 23:59,0.00787792
65,06/03/2016 23:59,0.00785955
66,07/03/2016 23:59,0.00791761
67,08/03/2016 23:59,0.00794937
68,09/03/2016 23:59,0.00805628
69,10/03/2016 23:59,0.00819045
70,11/03/2016 23:59,0.00880278
71,12/03/2016 23:59,0.00870026
72,13/03/2016 23:59,0.00863524
73,14/03/2016 23:59,0.00847896
74,15/03/2016 23:59,0.00818572
75,16/03/2016 23:59,0.00817845
76,17/03/2016 23:59,0.00828658
77,18/03/2016 23:59,0.00811926
78,19/03/2016 23:59,0.00801563
79,20/03/2016 23:59,0.00795973
80,21/03/2016 23:59,0.00804708
81,22/03/2016 23:59,0.00811002
82,23/03/2016 23:59,0.00833152
83,24/03/2016 23:59,0.00823031
84,25/03/2016 23:59,0.00819108
85,26/03/2016 23:59,0.0080656
86,27/03/2016 23:59,0.00802863
87,28/03/2016 23:59,0.00756363
88,29/03/2016 23:59,0.00756569
89,30/03/2016 23:59,0.00733186
90,31/03/2016 23:59,0.00739148
91,01/04/2016 23:59,0.00741781
92,02/04/2016 23:59,0.0075013
93,03/04/2016 23:59,0.00750267
94,04/04/2016 23:59,0.00749112
95,05/04/2016 23:59,0.00747418
96,06/04/2016 23:59,0.00729618
97,07/04/2016 23:59,0.00687549
98,08/04/2016 23:59,0.00667077
99,09/04/2016 23:59,0.00628762
100,10/04/2016 23:59,0.00593697
101,11/04/2016 23:59,0.00604826
102,12/04/2016 23:59,0.00588508
103,13/04/2016 23:59,0.00569468
104,14/04/2016 23:59,0.00628859
105,15/04/2016 23:59,0.00642381
106,16/04/2016 23:59,0.00651006
107,17/04/2016 23:59,0.00649921
108,18/04/2016 23:59,0.00698693
109,19/04/2016 23:59,0.00711834
110,20/04/2016 23:59,0.00724408
111,21/04/2016 23:59,0.00743345
112,22/04/2016 23:59,0.00728384
113,23/04/2016 23:59,0.00734644
114,24/04/2016 23:59,0.00725139
115,25/04/2016 23:59,0.00728307
116,26/04/2016 23:59,0.00709523
117,27/04/2016 23:59,0.0067247
118,28/04/2016 23:59,0.00668642
119,29/04/2016 23:59,0.00675929
120,30/04/2016 23:59,0.00681186
121,01/05/2016 23:59,0.0067913
122,02/05/2016 23:59,0.00671411
123,03/05/2016 23:59,0.00656
124,04/05/2016 23:59,0.00632278
125,05/05/2016 23:59,0.00619273
126,06/05/2016 23:59,0.00639858
127,07/05/2016 23:59,0.00648959
128,08/05/2016 23:59,0.00640384
129,09/05/2016 23:59,0.0063988
130,10/05/2016 23:59,0.00627243
131,11/05/2016 23:59,0.0061885
132,12/05/2016 23:59,0.00616706
133,13/05/2016 23:59,0.00610943
134,14/05/2016 23:59,0.00607342
135,15/05/2016 23:59,0.00606071
136,16/05/2016 23:59,0.00602193
137,17/05/2016 23:59,0.0060232
138,18/05/2016 23:59,0.00602837
139,19/05/2016 23:59,0.00603217
140,20/05/2016 23:59,0.00608378
141,21/05/2016 23:59,0.0059897
142,22/05/2016 23:59,0.0059363
143,23/05/2016 23:59,0.00590909
144,24/05/2016 23:59,0.00596184
145,25/05/2016 23:59,0.00575596
146,26/05/2016 23:59,0.00566894
147,27/05/2016 23:59,0.00567922
148,28/05/2016 23:59,0.00568167
149,29/05/2016 23:59,0.0056625
150,30/05/2016 23:59,0.00574818
151,31/05/2016 23:59,0.00570616
152,01/06/2016 23:59,0.00580939
153,02/06/2016 23:59,0.00576561
154,03/06/2016 23:59,0.00582659
155,04/06/2016 23:59,0.00578018
156,05/06/2016 23:59,0.00579584
157,06/06/2016 23:59,0.00576923
158,07/06/2016 23:59,0.00577962
159,08/06/2016 23:59,0.00577044
160,09/06/2016 23:59,0.00578756
161,10/06/2016 23:59,0.00573611
162,11/06/2016 23:59,0.00576593
163,12/06/2016 23:59,0.00585202
164,13/06/2016 23:59,0.00582391
165,14/06/2016 23:59,0.00710519
166,15/06/2016 23:59,0.0068867
167,16/06/2016 23:59,0.00667619
168,17/06/2016 23:59,0.00669322
169,18/06/2016 23:59,0.00660402
170,19/06/2016 23:59,0.00681252
171,20/06/2016 23:59,0.00662603
172,21/06/2016 23:59,0.00617174
173,22/06/2016 23:59,0.00649479
174,23/06/2016 23:59,0.00638054
175,24/06/2016 23:59,0.00643372
176,25/06/2016 23:59,0.00641359
177,26/06/2016 23:59,0.00639995
178,27/06/2016 23:59,0.00639849
179,28/06/2016 23:59,0.00677267
180,29/06/2016 23:59,0.00677719
181,30/06/2016 23:59,0.00665713
182,01/07/2016 23:59,0.00678673
183,02/07/2016 23:59,0.00669925
184,03/07/2016 23:59,0.00660746
185,04/07/2016 23:59,0.00702769
186,05/07/2016 23:59,0.00669886
187,06/07/2016 23:59,0.00669065
188,07/07/2016 23:59,0.0065984
189,08/07/2016 23:59,0.00671544
190,09/07/2016 23:59,0.00667908
191,10/07/2016 23:59,0.00667412
192,11/07/2016 23:59,0.0065339
193,12/07/2016 23:59,0.00634967
194,13/07/2016 23:59,0.00641063
195,14/07/2016 23:59,0.00638492
196,15/07/2016 23:59,0.00644201
197,16/07/2016 23:59,0.00657194
198,17/07/2016 23:59,0.00653799
199,18/07/2016 23:59,0.00648188
200,19/07/2016 23:59,0.00640525
201,20/07/2016 23:59,0.00639476
202,21/07/2016 23:59,0.00641633
203,22/07/2016 23:59,0.00630293
204,23/07/2016 23:59,0.00631672
205,24/07/2016 23:59,0.00628551
206,25/07/2016 23:59,0.0062463
207,26/07/2016 23:59,0.00599762
208,27/07/2016 23:59,0.00596901
209,28/07/2016 23:59,0.00597362
210,29/07/2016 23:59,0.00611078
211,30/07/2016 23:59,0.00612061
212,31/07/2016 23:59,0.00594491
213,01/08/2016 23:59,0.00590626
214,02/08/2016 23:59,0.00568961
215,03/08/2016 23:59,0.00564585
216,04/08/2016 23:59,0.0058156
217,05/08/2016 23:59,0.00644721
218,06/08/2016 23:59,0.0063366
219,07/08/2016 23:59,0.00617777
220,08/08/2016 23:59,0.00602678
221,09/08/2016 23:59,0.00616306
222,10/08/2016 23:59,0.00619434
223,11/08/2016 23:59,0.00618942
224,12/08/2016 23:59,0.00612276
225,13/08/2016 23:59,0.00609237
226,14/08/2016 23:59,0.0059941
227,15/08/2016 23:59,0.00604495
228,16/08/2016 23:59,0.00614018
229,17/08/2016 23:59,0.00610892
230,18/08/2016 23:59,0.0061217
231,19/08/2016 23:59,0.00611939
232,20/08/2016 23:59,0.00611396
233,21/08/2016 23:59,0.0060517
234,22/08/2016 23:59,0.00600015
235,23/08/2016 23:59,0.00601941
236,24/08/2016 23:59,0.00605151
237,25/08/2016 23:59,0.00607912
238,26/08/2016 23:59,0.00603018
239,27/08/2016 23:59,0.00597472
240,28/08/2016 23:59,0.00596282
241,29/08/2016 23:59,0.00613105
242,30/08/2016 23:59,0.00602617
243,31/08/2016 23:59,0.00601237
244,01/09/2016 23:59,0.00598373
245,02/09/2016 23:59,0.00596991
246,03/09/2016 23:59,0.00596429
247,04/09/2016 23:59,0.00595379
248,05/09/2016 23:59,0.00593207
249,06/09/2016 23:59,0.00591174
250,07/09/2016 23:59,0.00589238
251,08/09/2016 23:59,0.0059016
252,09/09/2016 23:59,0.00586911
253,10/09/2016 23:59,0.00586988
254,11/09/2016 23:59,0.00584216
255,12/09/2016 23:59,0.0058973
256,13/09/2016 23:59,0.00588601
257,14/09/2016 23:59,0.00596128
258,15/09/2016 23:59,0.00830309
259,16/09/2016 23:59,0.00744597
260,17/09/2016 23:59,0.00701827
261,18/09/2016 23:59,0.00685256
262,19/09/2016 23:59,0.00685828
263,20/09/2016 23:59,0.00678526
264,21/09/2016 23:59,0.00682883
265,22/09/2016 23:59,0.0068427
266,23/09/2016 23:59,0.00721064
267,24/09/2016 23:59,0.00736211
268,25/09/2016 23:59,0.00785457
269,26/09/2016 23:59,0.00796323
270,27/09/2016 23:59,0.00822923
271,28/09/2016 23:59,0.00904786
272,29/09/2016 23:59,0.008914
273,30/09/2016 23:59,0.00883032
274,01/10/2016 23:59,0.00820475
275,02/10/2016 23:59,0.00816502
276,03/10/2016 23:59,0.00808921
277,04/10/2016 23:59,0.0078528
278,05/10/2016 23:59,0.00743457
279,06/10/2016 23:59,0.0073823
280,07/10/2016 23:59,0.00737651
281,08/10/2016 23:59,0.00731046
282,09/10/2016 23:59,0.00754302
283,10/10/2016 23:59,0.00797834
284,11/10/2016 23:59,0.00823435
285,12/10/2016 23:59,0.0079488
286,13/10/2016 23:59,0.00798152
287,14/10/2016 23:59,0.00876702
288,15/10/2016 23:59,0.00814566
289,16/10/2016 23:59,0.00807791
290,17/10/2016 23:59,0.00803042
291,18/10/2016 23:59,0.00835003
292,19/10/2016 23:59,0.00862711
293,20/10/2016 23:59,0.00909187
294,21/10/2016 23:59,0.00902918
295,22/10/2016 23:59,0.00897243
296,23/10/2016 23:59,0.00945391
297,24/10/2016 23:59,0.00906492
298,25/10/2016 23:59,0.0088908
299,26/10/2016 23:59,0.00883466
300,27/10/2016 23:59,0.00848057
301,28/10/2016 23:59,0.00814314
302,29/10/2016 23:59,0.00773232
303,30/10/2016 23:59,0.00801431
304,31/10/2016 23:59,0.00819595
305,01/11/2016 23:59,0.00810233
306,02/11/2016 23:59,0.00822232
307,03/11/2016 23:59,0.0080211
308,04/11/2016 23:59,0.0081568
309,05/11/2016 23:59,0.0082305
310,06/11/2016 23:59,0.0081934
311,07/11/2016 23:59,0.00810845
312,08/11/2016 23:59,0.00820628
313,09/11/2016 23:59,0.0080788
314,10/11/2016 23:59,0.00813597
315,11/11/2016 23:59,0.00806511
316,12/11/2016 23:59,0.00804398
317,13/11/2016 23:59,0.00825744
318,14/11/2016 23:59,0.00809752
319,15/11/2016 23:59,0.00788052
320,16/11/2016 23:59,0.00784161
321,17/11/2016 23:59,0.00772664
322,18/11/2016 23:59,0.00777787
323,19/11/2016 23:59,0.0077992
324,20/11/2016 23:59,0.00765113
325,21/11/2016 23:59,0.0075663
326,22/11/2016 23:59,0.0074339
327,23/11/2016 23:59,0.00706124
328,24/11/2016 23:59,0.00694953
329,25/11/2016 23:59,0.00690204
330,26/11/2016 23:59,0.00738981
331,27/11/2016 23:59,0.00707362
332,28/11/2016 23:59,0.00700797
333,29/11/2016 23:59,0.00678022
334,30/11/2016 23:59,0.00672261
335,01/12/2016 23:59,0.00670215
336,02/12/2016 23:59,0.00666045
337,03/12/2016 23:59,0.00658835
338,04/12/2016 23:59,0.00652688
339,05/12/2016 23:59,0.00643353
340,06/12/2016 23:59,0.00665533
341,07/12/2016 23:59,0.00685103
342,08/12/2016 23:59,0.00709728
343,09/12/2016 23:59,0.00713467
344,10/12/2016 23:59,0.00681579
345,11/12/2016 23:59,0.00674379
346,12/12/2016 23:59,0.00677783
347,13/12/2016 23:59,0.00670823
348,14/12/2016 23:59,0.0067046
349,15/12/2016 23:59,0.00666207
350,16/12/2016 23:59,0.00671017
351,17/12/2016 23:59,0.00654057
352,18/12/2016 23:59,0.00657417
353,19/12/2016 23:59,0.00654461
354,20/12/2016 23:59,0.00649956
355,21/12/2016 23:59,0.00644521
356,22/12/2016 23:59,0.0063632
357,23/12/2016 23:59,0.00628595
358,24/12/2016 23:59,0.00634947
359,25/12/2016 23:59,0.00644398
360,26/12/2016 23:59,0.00632573
361,27/12/2016 23:59,0.00619919
362,28/12/2016 23:59,0.00617283
363,29/12/2016 23:59,0.00634061
364,30/12/2016 23:59,0.00642641
365,31/12/2016 23:59,0.00644888
366,01/01/2017 23:59,0.00636835
367,02/01/2017 23:59,0.00631067
368,03/01/2017 23:59,0.0063859
369,04/01/2017 23:59,0.00656996
370,05/01/2017 23:59,0.006201
371,06/01/2017 23:59,0.00631464
372,07/01/2017 23:59,0.00636617
373,08/01/2017 23:59,0.00623309
374,09/01/2017 23:59,0.00616652
375,10/01/2017 23:59,0.00669832
376,11/01/2017 23:59,0.00641105
377,12/01/2017 23:59,0.00642293
378,13/01/2017 23:59,0.00659646
379,14/01/2017 23:59,0.00686349
380,15/01/2017 23:59,0.00672612
381,16/01/2017 23:59,0.00678801
382,17/01/2017 23:59,0.00680049
383,18/01/2017 23:59,0.00670942
384,19/01/2017 23:59,0.00703364
385,20/01/2017 23:59,0.00667528
386,21/01/2017 23:59,0.00670552
387,22/01/2017 23:59,0.00671301
388,23/01/2017 23:59,0.00669729
389,24/01/2017 23:59,0.00653998
390,25/01/2017 23:59,0.00651289
391,26/01/2017 23:59,0.00668965
392,27/01/2017 23:59,0.00641529
393,28/01/2017 23:59,0.00634167
394,29/01/2017 23:59,0.00640184
395,30/01/2017 23:59,0.00638051
396,31/01/2017 23:59,0.00631431
397,01/02/2017 23:59,0.00653953
398,02/02/2017 23:59,0.00646913
399,03/02/2017 23:59,0.00647392
400,04/02/2017 23:59,0.00649214
401,05/02/2017 23:59,0.00644226
402,06/02/2017 23:59,0.00644954
403,07/02/2017 23:59,0.00640668
404,08/02/2017 23:59,0.00643797
405,09/02/2017 23:59,0.0063739
406,10/02/2017 23:59,0.00628911
407,11/02/2017 23:59,0.00633273
408,12/02/2017 23:59,0.00626877
409,13/02/2017 23:59,0.00625142
410,14/02/2017 23:59,0.00627846
411,15/02/2017 23:59,0.00614739
412,16/02/2017 23:59,0.0060273
413,17/02/2017 23:59,0.00593549
414,18/02/2017 23:59,0.00556882
415,19/02/2017 23:59,0.00587791
416,20/02/2017 23:59,0.00587327
417,21/02/2017 23:59,0.00583183
418,22/02/2017 23:59,0.00585956
419,23/02/2017 23:59,0.00589478
420,24/02/2017 23:59,0.0057006
421,25/02/2017 23:59,0.0056653
422,26/02/2017 23:59,0.00567116
423,27/02/2017 23:59,0.00560862
424,28/02/2017 23:59,0.00553564
425,01/03/2017 23:59,0.00540783
426,02/03/2017 23:59,0.00599086
427,03/03/2017 23:59,0.00633945
428,04/03/2017 23:59,0.00629938
429,05/03/2017 23:59,0.0061292
430,06/03/2017 23:59,0.00605695
431,07/03/2017 23:59,0.00653433
432,08/03/2017 23:59,0.00650897
433,09/03/2017 23:59,0.00649812
434,10/03/2017 23:59,0.00622738
435,11/03/2017 23:59,0.0062382
436,12/03/2017 23:59,0.00625492
437,13/03/2017 23:59,0.00638493
438,14/03/2017 23:59,0.00638123
439,15/03/2017 23:59,0.00631403
440,16/03/2017 23:59,0.00639383
441,17/03/2017 23:59,0.00611606
442,18/03/2017 23:59,0.00671023
443,19/03/2017 23:59,0.00691246
444,20/03/2017 23:59,0.00697532
445,21/03/2017 23:59,0.00690917
446,22/03/2017 23:59,0.00730094
447,23/03/2017 23:59,0.010582
448,24/03/2017 23:59,0.0105181
449,25/03/2017 23:59,0.00911567
450,26/03/2017 23:59,0.00954531
451,27/03/2017 23:59,0.00959722
452,28/03/2017 23:59,0.00951388
453,29/03/2017 23:59,0.0101013
454,30/03/2017 23:59,0.0132755
455,31/03/2017 23:59,0.020889301
456,01/04/2017 23:59,0.021891501
457,02/04/2017 23:59,0.061159
458,03/04/2017 23:59,0.033022501
459,04/04/2017 23:59,0.037454899
460,05/04/2017 23:59,0.0355445
461,06/04/2017 23:59,0.032664798
462,07/04/2017 23:59,0.036319502
463,08/04/2017 23:59,0.035849299
464,09/04/2017 23:59,0.0340202
465,10/04/2017 23:59,0.033598099
466,11/04/2017 23:59,0.0329515
467,12/04/2017 23:59,0.034336001
468,13/04/2017 23:59,0.034382999
469,14/04/2017 23:59,0.0337791
470,15/04/2017 23:59,0.033955298
471,16/04/2017 23:59,0.033461999
472,17/04/2017 23:59,0.033654898
473,18/04/2017 23:59,0.0331835
474,19/04/2017 23:59,0.030173199
475,20/04/2017 23:59,0.029983699
476,21/04/2017 23:59,0.0327795
477,22/04/2017 23:59,0.0317696
478,23/04/2017 23:59,0.031278402
479,24/04/2017 23:59,0.0313843
480,25/04/2017 23:59,0.032346401
481,26/04/2017 23:59,0.0327968
482,27/04/2017 23:59,0.034816001
483,28/04/2017 23:59,0.044475
484,29/04/2017 23:59,0.052868199
485,30/04/2017 23:59,0.0516074
486,01/05/2017 23:59,0.055114701
487,02/05/2017 23:59,0.053908199
488,03/05/2017 23:59,0.060490001
489,04/05/2017 23:59,0.078914396
490,05/05/2017 23:59,0.093550503
491,06/05/2017 23:59,0.101791002
492,07/05/2017 23:59,0.141763002
493,08/05/2017 23:59,0.198211998
494,09/05/2017 23:59,0.160073996
495,10/05/2017 23:59,0.186066002
496,11/05/2017 23:59,0.183135003
497,12/05/2017 23:59,0.206067994
498,13/05/2017 23:59,0.214877993
499,14/05/2017 23:59,0.220222995
500,15/05/2017 23:59,0.270720005
501,16/05/2017 23:59,0.349860996
502,17/05/2017 23:59,0.394131988
503,18/05/2017 23:59,0.364868999
504,19/05/2017 23:59,0.327800989
505,20/05/2017 23:59,0.351633996
506,21/05/2017 23:59,0.336201012
507,22/05/2017 23:59,0.317954004
508,23/05/2017 23:59,0.323368013
509,24/05/2017 23:59,0.295890003
510,25/05/2017 23:59,0.246065006
511,26/05/2017 23:59,0.271807998
512,27/05/2017 23:59,0.212549001
513,28/05/2017 23:59,0.229553998
514,29/05/2017 23:59,0.232069999
515,30/05/2017 23:59,0.205323994
516,31/05/2017 23:59,0.246590003
517,01/06/2017 23:59,0.333656996
518,02/06/2017 23:59,0.303447992
519,03/06/2017 23:59,0.294580013
520,04/06/2017 23:59,0.299412996
521,05/06/2017 23:59,0.29400301
522,06/06/2017 23:59,0.284548014
523,07/06/2017 23:59,0.27978301
524,08/06/2017 23:59,0.289678007
525,09/06/2017 23:59,0.286018997
526,10/06/2017 23:59,0.260874003
527,11/06/2017 23:59,0.272758991
528,12/06/2017 23:59,0.253964007
529,13/06/2017 23:59,0.266153008
530,14/06/2017 23:59,0.278447002
531,15/06/2017 23:59,0.259265989
532,16/06/2017 23:59,0.262068003
533,17/06/2017 23:59,0.268350989
534,18/06/2017 23:59,0.28459999
535,19/06/2017 23:59,0.296068013
536,20/06/2017 23:59,0.324427009
537,21/06/2017 23:59,0.296366006
538,22/06/2017 23:59,0.297847986
539,23/06/2017 23:59,0.319977999
540,24/06/2017 23:59,0.31110999
541,25/06/2017 23:59,0.298422992
542,26/06/2017 23:59,0.27728799
543,27/06/2017 23:59,0.276306003
544,28/06/2017 23:59,0.280454993
545,29/06/2017 23:59,0.265421003
546,30/06/2017 23:59,0.262930006
547,01/07/2017 23:59,0.254743993
548,02/07/2017 23:59,0.259449005
549,03/07/2017 23:59,0.259959012
550,04/07/2017 23:59,0.254709005
551,05/07/2017 23:59,0.256523013
552,06/07/2017 23:59,0.254640996
553,07/07/2017 23:59,0.239480004
554,08/07/2017 23:59,0.236133993
555,09/07/2017 23:59,0.233416006
556,10/07/2017 23:59,0.203164995
557,11/07/2017 23:59,0.185019001
558,12/07/2017 23:59,0.205354005
559,13/07/2017 23:59,0.200809002
560,14/07/2017 23:59,0.190769002
561,15/07/2017 23:59,0.170589
562,16/07/2017 23:59,0.148056
563,17/07/2017 23:59,0.177889004
564,18/07/2017 23:59,0.188718006
565,19/07/2017 23:59,0.168387994
566,20/07/2017 23:59,0.188295007
567,21/07/2017 23:59,0.182607993
568,22/07/2017 23:59,0.193320006
569,23/07/2017 23:59,0.195058003
570,24/07/2017 23:59,0.192001998
571,25/07/2017 23:59,0.178103998
572,26/07/2017 23:59,0.173822001
573,27/07/2017 23:59,0.173456997
574,28/07/2017 23:59,0.165937006
575,29/07/2017 23:59,0.169871002
576,30/07/2017 23:59,0.165081993
577,31/07/2017 23:59,0.167385995
578,01/08/2017 23:59,0.177053005
579,02/08/2017 23:59,0.173113003
580,03/08/2017 23:59,0.174612001
581,04/08/2017 23:59,0.173742995
582,05/08/2017 23:59,0.184736997
583,06/08/2017 23:59,0.180444002
584,07/08/2017 23:59,0.179021001
585,08/08/2017 23:59,0.192586005
586,09/08/2017 23:59,0.182946995
587,10/08/2017 23:59,0.180399001
588,11/08/2017 23:59,0.179306999
589,12/08/2017 23:59,0.173852995
590,13/08/2017 23:59,0.168091998
591,14/08/2017 23:59,0.169991001
592,15/08/2017 23:59,0.161220998
593,16/08/2017 23:59,0.160430998
594,17/08/2017 23:59,0.157498002
595,18/08/2017 23:59,0.158883005
596,19/08/2017 23:59,0.155056998
597,20/08/2017 23:59,0.158735007
598,21/08/2017 23:59,0.191918001
599,22/08/2017 23:59,0.239286005
600,23/08/2017 23:59,0.246827006
601,24/08/2017 23:59,0.218958005
602,25/08/2017 23:59,0.217828006
603,26/08/2017 23:59,0.212577
604,27/08/2017 23:59,0.202995002
605,28/08/2017 23:59,0.224508002
606,29/08/2017 23:59,0.218564004
607,30/08/2017 23:59,0.228006005
608,31/08/2017 23:59,0.255629987
609,01/09/2017 23:59,0.248478994
610,02/09/2017 23:59,0.226668999
611,03/09/2017 23:59,0.228810996
612,04/09/2017 23:59,0.204968005
613,05/09/2017 23:59,0.215188995
614,06/09/2017 23:59,0.226186007
615,07/09/2017 23:59,0.223639995
616,08/09/2017 23:59,0.211518005
617,09/09/2017 23:59,0.209995002
618,10/09/2017 23:59,0.213030994
619,11/09/2017 23:59,0.214441001
620,12/09/2017 23:59,0.209303007
621,13/09/2017 23:59,0.200777993
622,14/09/2017 23:59,0.164167002
623,15/09/2017 23:59,0.181357995
624,16/09/2017 23:59,0.179082006
625,17/09/2017 23:59,0.178393006
626,18/09/2017 23:59,0.189768001
627,19/09/2017 23:59,0.184040993
628,20/09/2017 23:59,0.182078004
629,21/09/2017 23:59,0.171754003
630,22/09/2017 23:59,0.17351
631,23/09/2017 23:59,0.177882001
632,24/09/2017 23:59,0.175787002
633,25/09/2017 23:59,0.181486994
634,26/09/2017 23:59,0.186119005
635,27/09/2017 23:59,0.203299001
636,28/09/2017 23:59,0.196131006
637,29/09/2017 23:59,0.193606004
638,30/09/2017 23:59,0.197529003
639,01/10/2017 23:59,0.206532001
640,02/10/2017 23:59,0.202675998
641,03/10/2017 23:59,0.203318
642,04/10/2017 23:59,0.214773998
643,05/10/2017 23:59,0.237016007
644,06/10/2017 23:59,0.234038994
645,07/10/2017 23:59,0.238609999
646,08/10/2017 23:59,0.279944003
647,09/10/2017 23:59,0.251825005
648,10/10/2017 23:59,0.260733008
649,11/10/2017 23:59,0.264438987
650,12/10/2017 23:59,0.248413995
651,13/10/2017 23:59,0.260488987
652,14/10/2017 23:59,0.257319987
653,15/10/2017 23:59,0.263983011
654,16/10/2017 23:59,0.256231993
655,17/10/2017 23:59,0.232063994
656,18/10/2017 23:59,0.218520001
657,19/10/2017 23:59,0.215149999
658,20/10/2017 23:59,0.210548997
659,21/10/2017 23:59,0.211015999
660,22/10/2017 23:59,0.204177007
661,23/10/2017 23:59,0.196927994
662,24/10/2017 23:59,0.206643999
663,25/10/2017 23:59,0.204604
664,26/10/2017 23:59,0.203628004
665,27/10/2017 23:59,0.202785
666,28/10/2017 23:59,0.201835006
667,29/10/2017 23:59,0.202785
668,30/10/2017 23:59,0.202711001
669,31/10/2017 23:59,0.200558007
670,01/11/2017 23:59,0.194123998
671,02/11/2017 23:59,0.205861002
672,03/11/2017 23:59,0.208132997
673,04/11/2017 23:59,0.203749999
674,05/11/2017 23:59,0.202055007
675,06/11/2017 23:59,0.205990002
676,07/11/2017 23:59,0.210354
677,08/11/2017 23:59,0.217436999
678,09/11/2017 23:59,0.217488006
679,10/11/2017 23:59,0.206483006
680,11/11/2017 23:59,0.210429996
681,12/11/2017 23:59,0.197338998
682,13/11/2017 23:59,0.203442007
683,14/11/2017 23:59,0.209824994
684,15/11/2017 23:59,0.212955996
685,16/11/2017 23:59,0.227107003
686,17/11/2017 23:59,0.226581007
687,18/11/2017 23:59,0.228626996
688,19/11/2017 23:59,0.231015995
689,20/11/2017 23:59,0.238758996
690,21/11/2017 23:59,0.233271003
691,22/11/2017 23:59,0.238858998
692,23/11/2017 23:59,0.242402002
693,24/11/2017 23:59,0.244642004
694,25/11/2017 23:59,0.252393007
695,26/11/2017 23:59,0.248817995
696,27/11/2017 23:59,0.253926992
697,28/11/2017 23:59,0.299151987
698,29/11/2017 23:59,0.243064001
699,30/11/2017 23:59,0.250878006
700,01/12/2017 23:59,0.255699009
701,02/12/2017 23:59,0.255492002
702,03/12/2017 23:59,0.252557993
703,04/12/2017 23:59,0.253571004
704,05/12/2017 23:59,0.246101007
705,06/12/2017 23:59,0.232544005
706,07/12/2017 23:59,0.222822994
707,08/12/2017 23:59,0.252124995
708,09/12/2017 23:59,0.244708002
709,10/12/2017 23:59,0.237333
710,11/12/2017 23:59,0.251691014
711,12/12/2017 23:59,0.373540998
712,13/12/2017 23:59,0.471062988
713,14/12/2017 23:59,0.864262998
714,15/12/2017 23:59,0.756181002
715,16/12/2017 23:59,0.758642018
716,17/12/2017 23:59,0.728366017
717,18/12/2017 23:59,0.778406978
718,19/12/2017 23:59,0.791257024
719,20/12/2017 23:59,0.775964022
720,21/12/2017 23:59,1.19306004
721,22/12/2017 23:59,1.138280034
722,23/12/2017 23:59,1.17434001
723,24/12/2017 23:59,1.043949962
724,25/12/2017 23:59,1.122320056
725,26/12/2017 23:59,1.189489961
726,27/12/2017 23:59,1.399639964
727,28/12/2017 23:59,1.430879951
728,29/12/2017 23:59,2.214600086
729,30/12/2017 23:59,2.159019947
730,31/12/2017 23:59,2.300570011
731,01/01/2018 23:59,2.391030073
732,02/01/2018 23:59,2.480900049
733,03/01/2018 23:59,3.105370045
734,04/01/2018 23:59,3.196630001
735,05/01/2018 23:59,3.048710108
736,06/01/2018 23:59,3.09397006
737,07/01/2018 23:59,3.377810001
738,08/01/2018 23:59,2.456209898
739,09/01/2018 23:59,2.101779938
740,10/01/2018 23:59,1.974920034
741,11/01/2018 23:59,1.950799942
742,12/01/2018 23:59,2.043230057
743,13/01/2018 23:59,2.021349907
744,14/01/2018 23:59,1.861189961
745,15/01/2018 23:59,1.676730037
746,16/01/2018 23:59,1.179239988
747,17/01/2018 23:59,1.306339979
748,18/01/2018 23:59,1.596580029
749,19/01/2018 23:59,1.552049994
750,20/01/2018 23:59,1.578619957
751,21/01/2018 23:59,1.38004005
752,22/01/2018 23:59,1.357349992
753,23/01/2018 23:59,1.337069988
754,24/01/2018 23:59,1.357149959
755,25/01/2018 23:59,1.312229991
756,26/01/2018 23:59,1.217270017
757,27/01/2018 23:59,1.219110012
758,28/01/2018 23:59,1.399600029
759,29/01/2018 23:59,1.32396996
760,30/01/2018 23:59,1.138560057
761,31/01/2018 23:59,1.162389994
762,01/02/2018 23:59,0.962530017
763,02/02/2018 23:59,0.884783983
764,03/02/2018 23:59,0.924043
765,04/02/2018 23:59,0.815702975
766,05/02/2018 23:59,0.691798985
767,06/02/2018 23:59,0.776392996
768,07/02/2018 23:59,0.723895013
769,08/02/2018 23:59,0.805262983
770,09/02/2018 23:59,0.954428017
771,10/02/2018 23:59,1.070739985
772,11/02/2018 23:59,1.004160047
773,12/02/2018 23:59,1.081009984
774,13/02/2018 23:59,1.02741003
775,14/02/2018 23:59,1.14162004
776,15/02/2018 23:59,1.146860003
777,16/02/2018 23:59,1.138030052
778,17/02/2018 23:59,1.204980016
779,18/02/2018 23:59,1.120460033
780,19/02/2018 23:59,1.144420028
781,20/02/2018 23:59,1.089460015
782,21/02/2018 23:59,1.015390038
783,22/02/2018 23:59,0.941788018
784,23/02/2018 23:59,0.998854995
785,24/02/2018 23:59,0.95440203
786,25/02/2018 23:59,0.943486989
787,26/02/2018 23:59,0.956858993
788,27/02/2018 23:59,0.947305024
789,28/02/2018 23:59,0.904582977
790,01/03/2018 23:59,0.928346992
791,02/03/2018 23:59,0.910143971
792,03/03/2018 23:59,0.907804012
793,04/03/2018 23:59,1.005540013
794,05/03/2018 23:59,0.95936799
795,06/03/2018 23:59,0.922887027
796,07/03/2018 23:59,0.871209979
797,08/03/2018 23:59,0.825856984
798,09/03/2018 23:59,0.849761009
799,10/03/2018 23:59,0.796626985
800,11/03/2018 23:59,0.831121981
801,12/03/2018 23:59,0.801047981
802,13/03/2018 23:59,0.789710999
803,14/03/2018 23:59,0.701901972
804,15/03/2018 23:59,0.697269022
805,16/03/2018 23:59,0.689260006
806,17/03/2018 23:59,0.637856007
807,18/03/2018 23:59,0.658776999
808,19/03/2018 23:59,0.749080002
809,20/03/2018 23:59,0.709807992
810,21/03/2018 23:59,0.693664014
811,22/03/2018 23:59,0.662742972
812,23/03/2018 23:59,0.643173993
813,24/03/2018 23:59,0.641264975
814,25/03/2018 23:59,0.641875029
815,26/03/2018 23:59,0.599462986
816,27/03/2018 23:59,0.57791698
817,28/03/2018 23:59,0.578001976
818,29/03/2018 23:59,0.511511028
819,30/03/2018 23:59,0.509564996
820,31/03/2018 23:59,0.512353003
821,01/04/2018 23:59,0.485080987
822,02/04/2018 23:59,0.500688016
823,03/04/2018 23:59,0.558044016
824,04/04/2018 23:59,0.501631021
825,05/04/2018 23:59,0.495801002
826,06/04/2018 23:59,0.476431012
827,07/04/2018 23:59,0.487866998
828,08/04/2018 23:59,0.50039798
829,09/04/2018 23:59,0.491854995
830,10/04/2018 23:59,0.491930991
831,11/04/2018 23:59,0.539506018
832,12/04/2018 23:59,0.628736973
833,13/04/2018 23:59,0.638086975
834,14/04/2018 23:59,0.632184029
835,15/04/2018 23:59,0.682533979
836,16/04/2018 23:59,0.663296998
837,17/04/2018 23:59,0.65693301
838,18/04/2018 23:59,0.708931983
839,19/04/2018 23:59,0.791975975
840,20/04/2018 23:59,0.924465001
841,21/04/2018 23:59,0.873103023
842,22/04/2018 23:59,0.869994998
843,23/04/2018 23:59,0.876657009
844,24/04/2018 23:59,0.934781015
845,25/04/2018 23:59,0.800607026
846,26/04/2018 23:59,0.852414012
847,27/04/2018 23:59,0.813884974
848,28/04/2018 23:59,0.863803983
849,29/04/2018 23:59,0.872777998
850,30/04/2018 23:59,0.837938011
851,01/05/2018 23:59,0.841407001
852,02/05/2018 23:59,0.859094024
853,03/05/2018 23:59,0.884465992
854,04/05/2018 23:59,0.895442009
855,05/05/2018 23:59,0.905103028
856,06/05/2018 23:59,0.871424019
857,07/05/2018 23:59,0.832641006
858,08/05/2018 23:59,0.813970029
859,09/05/2018 23:59,0.802043021
860,10/05/2018 23:59,0.758237004
861,11/05/2018 23:59,0.684948027
862,12/05/2018 23:59,0.696735024
863,13/05/2018 23:59,0.745747983
864,14/05/2018 23:59,0.740898013
865,15/05/2018 23:59,0.698588014
866,16/05/2018 23:59,0.714080989
867,17/05/2018 23:59,0.667309999
868,18/05/2018 23:59,0.680293977
869,19/05/2018 23:59,0.67671299
870,20/05/2018 23:59,0.700244009
871,21/05/2018 23:59,0.681586981
872,22/05/2018 23:59,0.645567
873,23/05/2018 23:59,0.599593997
874,24/05/2018 23:59,0.631996989
875,25/05/2018 23:59,0.611001015
876,26/05/2018 23:59,0.612707973
877,27/05/2018 23:59,0.60788101
878,28/05/2018 23:59,0.552299023
879,29/05/2018 23:59,0.601240993
880,30/05/2018 23:59,0.60581702
881,31/05/2018 23:59,0.612622023
882,01/06/2018 23:59,0.623363972
883,02/06/2018 23:59,0.643450975
884,03/06/2018 23:59,0.671204984
885,04/06/2018 23:59,0.661424994
886,05/06/2018 23:59,0.677015007
887,06/06/2018 23:59,0.674796999
888,07/06/2018 23:59,0.678128004
889,08/06/2018 23:59,0.67434299
890,09/06/2018 23:59,0.659754992
891,10/06/2018 23:59,0.588126004
892,11/06/2018 23:59,0.604066014
893,12/06/2018 23:59,0.562933028
894,13/06/2018 23:59,0.534663022
895,14/06/2018 23:59,0.561306
896,15/06/2018 23:59,0.537706971
897,16/06/2018 23:59,0.534784019
898,17/06/2018 23:59,0.528216004
899,18/06/2018 23:59,0.537495017
900,19/06/2018 23:59,0.549620986
901,20/06/2018 23:59,0.539286017
902,21/06/2018 23:59,0.534775019
903,22/06/2018 23:59,0.486947
904,23/06/2018 23:59,0.491284013
905,24/06/2018 23:59,0.477380008
906,25/06/2018 23:59,0.481752992
907,26/06/2018 23:59,0.456001014
908,27/06/2018 23:59,0.470369995
909,28/06/2018 23:59,0.448457986
910,29/06/2018 23:59,0.453079998
911,30/06/2018 23:59,0.466244996
912,01/07/2018 23:59,0.461358011
913,02/07/2018 23:59,0.486122012
914,03/07/2018 23:59,0.485222995
915,04/07/2018 23:59,0.490043014
916,05/07/2018 23:59,0.481624991
917,06/07/2018 23:59,0.479151011
918,07/07/2018 23:59,0.492477
919,08/07/2018 23:59,0.47774899
920,09/07/2018 23:59,0.474269986
921,10/07/2018 23:59,0.445042014
922,11/07/2018 23:59,0.450233012
923,12/07/2018 23:59,0.435364008
924,13/07/2018 23:59,0.438740999
925,14/07/2018 23:59,0.439271003
926,15/07/2018 23:59,0.445894003
927,16/07/2018 23:59,0.483401
928,17/07/2018 23:59,0.505586982
929,18/07/2018 23:59,0.486389011
930,19/07/2018 23:59,0.476433009
931,20/07/2018 23:59,0.446994007
932,21/07/2018 23:59,0.455410004
933,22/07/2018 23:59,0.449310988
934,23/07/2018 23:59,0.445275992
935,24/07/2018 23:59,0.457623005
936,25/07/2018 23:59,0.459829003
937,26/07/2018 23:59,0.449919999
938,27/07/2018 23:59,0.453635007
939,28/07/2018 23:59,0.453667015
940,29/07/2018 23:59,0.45330599
941,30/07/2018 23:59,0.446107
942,31/07/2018 23:59,0.435225
943,01/08/2018 23:59,0.445852
944,02/08/2018 23:59,0.430254
945,03/08/2018 23:59,0.440571
946,04/08/2018 23:59,0.428507
947,05/08/2018 23:59,0.433638
948,06/08/2018 23:59,0.414081
949,07/08/2018 23:59,0.381006
950,08/08/2018 23:59,0.331944
951,09/08/2018 23:59,0.346771
952,10/08/2018 23:59,0.320426
953,11/08/2018 23:59,0.301262
954,12/08/2018 23:59,0.29787
955,13/08/2018 23:59,0.277466
956,14/08/2018 23:59,0.274272
957,15/08/2018 23:59,0.282005
958,16/08/2018 23:59,0.292436
959,17/08/2018 23:59,0.366676
960,18/08/2018 23:59,0.3271
961,19/08/2018 23:59,0.343978
962,20/08/2018 23:59,0.319283
963,21/08/2018 23:59,0.335177
964,22/08/2018 23:59,0.319803
965,23/08/2018 23:59,0.327709
966,24/08/2018 23:59,0.327606
967,25/08/2018 23:59,0.32823
968,26/08/2018 23:59,0.323776
969,27/08/2018 23:59,0.336903
970,28/08/2018 23:59,0.351837
971,29/08/2018 23:59,0.344803
972,30/08/2018 23:59,0.335444
973,31/08/2018 23:59,0.335332
974,01/09/2018 23:59,0.347721
975,02/09/2018 23:59,0.342523
976,03/09/2018 23:59,0.335961
977,04/09/2018 23:59,0.331652
978,05/09/2018 23:59,0.283601
979,06/09/2018 23:59,0.30271
980,07/09/2018 23:59,0.291435
981,08/09/2018 23:59,0.279333
982,09/09/2018 23:59,0.27868
983,10/09/2018 23:59,0.270321
984,11/09/2018 23:59,0.26371
985,12/09/2018 23:59,0.270087
986,13/09/2018 23:59,0.280583
987,14/09/2018 23:59,0.277159
988,15/09/2018 23:59,0.282008
989,16/09/2018 23:59,0.281166
990,17/09/2018 23:59,0.272251
991,18/09/2018 23:59,0.32186
992,19/09/2018 23:59,0.326053
993,20/09/2018 23:59,0.449918
994,21/09/2018 23:59,0.561462
995,22/09/2018 23:59,0.570798
996,23/09/2018 23:59,0.570689
997,24/09/2018 23:59,0.494712
998,25/09/2018 23:59,0.526941
999,26/09/2018 23:59,0.516308
1000,27/09/2018 23:59,0.541381
1001,28/09/2018 23:59,0.539112
1002,29/09/2018 23:59,0.571228
1003,30/09/2018 23:59,0.581572
1004,01/10/2018 23:59,0.576461
1005,02/10/2018 23:59,0.520837
1006,03/10/2018 23:59,0.528162
1007,04/10/2018 23:59,0.526606
1008,05/10/2018 23:59,0.519026
1009,06/10/2018 23:59,0.488082
1010,07/10/2018 23:59,0.482039
1011,08/10/2018 23:59,0.489751
1012,09/10/2018 23:59,0.479857
1013,10/10/2018 23:59,0.462387
1014,11/10/2018 23:59,0.38313
1015,12/10/2018 23:59,0.419115
1016,13/10/2018 23:59,0.418878
1017,14/10/2018 23:59,0.403286
1018,15/10/2018 23:59,0.447316
1019,16/10/2018 23:59,0.470253
1020,17/10/2018 23:59,0.468197
1021,18/10/2018 23:59,0.457725
1022,19/10/2018 23:59,0.454178
1023,20/10/2018 23:59,0.459151
1024,21/10/2018 23:59,0.456694
1025,22/10/2018 23:59,0.453109
1026,23/10/2018 23:59,0.462058
1027,24/10/2018 23:59,0.457237
1028,25/10/2018 23:59,0.458052
1029,26/10/2018 23:59,0.459288
1030,27/10/2018 23:59,0.456348
1031,28/10/2018 23:59,0.462406
1032,29/10/2018 23:59,0.441514
1033,30/10/2018 23:59,0.444759
1034,31/10/2018 23:59,0.448382
1035,01/11/2018 23:59,0.455722
1036,02/11/2018 23:59,0.458685
1037,03/11/2018 23:59,0.455667
1038,04/11/2018 23:59,0.462691
1039,05/11/2018 23:59,0.497412
1040,06/11/2018 23:59,0.54908
1041,07/11/2018 23:59,0.535707
1042,08/11/2018 23:59,0.493508
1043,09/11/2018 23:59,0.500668
1044,10/11/2018 23:59,0.506698
1045,11/11/2018 23:59,0.505913
1046,12/11/2018 23:59,0.517165
1047,13/11/2018 23:59,0.510112
1048,14/11/2018 23:59,0.474372
1049,15/11/2018 23:59,0.481708
1050,16/11/2018 23:59,0.471609
1051,17/11/2018 23:59,0.491654
1052,18/11/2018 23:59,0.510473
1053,19/11/2018 23:59,0.478166
1054,20/11/2018 23:59,0.434726
1055,21/11/2018 23:59,0.447651
1056,22/11/2018 23:59,0.42608
1057,23/11/2018 23:59,0.407428
1058,24/11/2018 23:59,0.375336
1059,25/11/2018 23:59,0.374551
1060,26/11/2018 23:59,0.355451
1061,27/11/2018 23:59,0.360163
1062,28/11/2018 23:59,0.390557
1063,29/11/2018 23:59,0.379562316
1064,30/11/2018 23:59,0.362454863
1065,01/12/2018 23:59,0.372905541
1066,02/12/2018 23:59,0.367627228
1067,03/12/2018 23:59,0.348754393
1068,04/12/2018 23:59,0.35223131
1069,05/12/2018 23:59,0.338242001
1070,06/12/2018 23:59,0.3109364
1071,07/12/2018 23:59,0.301997459
1072,08/12/2018 23:59,0.307269204
1073,09/12/2018 23:59,0.313370052
1074,10/12/2018 23:59,0.30376572
1075,11/12/2018 23:59,0.301345277
1076,12/12/2018 23:59,0.307323164
1077,13/12/2018 23:59,0.300025878
1078,14/12/2018 23:59,0.288790419
1079,15/12/2018 23:59,0.285883143
1080,16/12/2018 23:59,0.287928783
1081,17/12/2018 23:59,0.328452992
1082,18/12/2018 23:59,0.350161954
1083,19/12/2018 23:59,0.351955572
1084,20/12/2018 23:59,0.378198521
1085,21/12/2018 23:59,0.35857017
1086,22/12/2018 23:59,0.362308268
1087,23/12/2018 23:59,0.371270477
1088,24/12/2018 23:59,0.40679868
1089,25/12/2018 23:59,0.380871687
1090,26/12/2018 23:59,0.378692619
1091,27/12/2018 23:59,0.341162009
1092,28/12/2018 23:59,0.376851916
1093,29/12/2018 23:59,0.367251841
1094,30/12/2018 23:59,0.369581216
1095,31/12/2018 23:59,0.35270649
1096,01/01/2019 23:59,0.364770616
1097,02/01/2019 23:59,0.375242589
1098,03/01/2019 23:59,0.36022376
1099,04/01/2019 23:59,0.356747439
1100,05/01/2019 23:59,0.355275051
1101,06/01/2019 23:59,0.368395476
1102,07/01/2019 23:59,0.364346652
1103,08/01/2019 23:59,0.365314872
1104,09/01/2019 23:59,0.370890217
1105,10/01/2019 23:59,0.332651642
1106,11/01/2019 23:59,0.332903927
1107,12/01/2019 23:59,0.328799771
1108,13/01/2019 23:59,0.31786277
1109,14/01/2019 23:59,0.333766192
1110,15/01/2019 23:59,0.327178917
1111,16/01/2019 23:59,0.329700946
1112,17/01/2019 23:59,0.329352743
1113,18/01/2019 23:59,0.324276795
1114,19/01/2019 23:59,0.331001291
1115,20/01/2019 23:59,0.321176534
1116,21/01/2019 23:59,0.320789763
1117,22/01/2019 23:59,0.319490813
1118,23/01/2019 23:59,0.316492046
1119,24/01/2019 23:59,0.317597562
1120,25/01/2019 23:59,0.317164604
1121,26/01/2019 23:59,0.314235151
1122,27/01/2019 23:59,0.309439234
1123,28/01/2019 23:59,0.294862849
1124,29/01/2019 23:59,0.289558152
1125,30/01/2019 23:59,0.320461145
1126,31/01/2019 23:59,0.310035807
1127,01/02/2019 23:59,0.308517421
1128,02/02/2019 23:59,0.310912252
1129,03/02/2019 23:59,0.302352139
1130,04/02/2019 23:59,0.300197886
1131,05/02/2019 23:59,0.299239195
1132,06/02/2019 23:59,0.29072732
1133,07/02/2019 23:59,0.291618044
1134,08/02/2019 23:59,0.311683128
1135,09/02/2019 23:59,0.311283903
1136,10/02/2019 23:59,0.309909225
1137,11/02/2019 23:59,0.302741439
1138,12/02/2019 23:59,0.305190433
1139,13/02/2019 23:59,0.304283928
1140,14/02/2019 23:59,0.301909272
1141,15/02/2019 23:59,0.301758532
1142,16/02/2019 23:59,0.301702933
1143,17/02/2019 23:59,0.303370208
1144,18/02/2019 23:59,0.321568094
1145,19/02/2019 23:59,0.323767893
1146,20/02/2019 23:59,0.332879669
1147,21/02/2019 23:59,0.321291145
1148,22/02/2019 23:59,0.32190417
1149,23/02/2019 23:59,0.332619527
1150,24/02/2019 23:59,0.301443389
1151,25/02/2019 23:59,0.328509771
1152,26/02/2019 23:59,0.319476711
1153,27/02/2019 23:59,0.313106356
1154,28/02/2019 23:59,0.315077555
1155,01/03/2019 23:59,0.317311575
1156,02/03/2019 23:59,0.315125633
1157,03/03/2019 23:59,0.312553651
1158,04/03/2019 23:59,0.305133074
1159,05/03/2019 23:59,0.316506542
1160,06/03/2019 23:59,0.317031051
1161,07/03/2019 23:59,0.314766212
1162,08/03/2019 23:59,0.310087481
1163,09/03/2019 23:59,0.313826242
1164,10/03/2019 23:59,0.313106972
1165,11/03/2019 23:59,0.311064682
1166,12/03/2019 23:59,0.310200934
1167,13/03/2019 23:59,0.31409778
1168,14/03/2019 23:59,0.312955241
1169,15/03/2019 23:59,0.315051756
1170,16/03/2019 23:59,0.32046842
1171,17/03/2019 23:59,0.317612259
1172,18/03/2019 23:59,0.317440138
1173,19/03/2019 23:59,0.319281348
1174,20/03/2019 23:59,0.319610229
1175,21/03/2019 23:59,0.312717592
1176,22/03/2019 23:59,0.311541072
1177,23/03/2019 23:59,0.312359302
1178,24/03/2019 23:59,0.308991581
1179,25/03/2019 23:59,0.304055471
1180,26/03/2019 23:59,0.305059564
1181,27/03/2019 23:59,0.312464664
1182,28/03/2019 23:59,0.309246462
1183,29/03/2019 23:59,0.307928631
1184,30/03/2019 23:59,0.310631943
1185,31/03/2019 23:59,0.309228848
1186,01/04/2019 23:59,0.312746587
1187,02/04/2019 23:59,0.351499203
1188,03/04/2019 23:59,0.34223398
1189,04/04/2019 23:59,0.332512904
1190,05/04/2019 23:59,0.361802646
1191,06/04/2019 23:59,0.354404664
1192,07/04/2019 23:59,0.359855688
1193,08/04/2019 23:59,0.35823371
1194,09/04/2019 23:59,0.349461762
1195,10/04/2019 23:59,0.354792261
1196,11/04/2019 23:59,0.33098421
1197,12/04/2019 23:59,0.326346316
1198,13/04/2019 23:59,0.32603065
1199,14/04/2019 23:59,0.328809435
1200,15/04/2019 23:59,0.320913465
1201,16/04/2019 23:59,0.327217683
1202,17/04/2019 23:59,0.335452872
1203,18/04/2019 23:59,0.337064658
1204,19/04/2019 23:59,0.331902148
1205,20/04/2019 23:59,0.328476027
1206,21/04/2019 23:59,0.322448564
1207,22/04/2019 23:59,0.323933676
1208,23/04/2019 23:59,0.321222344
1209,24/04/2019 23:59,0.30231847
1210,25/04/2019 23:59,0.289384162
1211,26/04/2019 23:59,0.298502165
1212,27/04/2019 23:59,0.296741186
1213,28/04/2019 23:59,0.297425567
1214,29/04/2019 23:59,0.29428929
1215,30/04/2019 23:59,0.309476229
1216,01/05/2019 23:59,0.304695977
1217,02/05/2019 23:59,0.303239383
1218,03/05/2019 23:59,0.308222279
1219,04/05/2019 23:59,0.304551567
1220,05/05/2019 23:59,0.30234225
1221,06/05/2019 23:59,0.302389421
1222,07/05/2019 23:59,0.299684464
1223,08/05/2019 23:59,0.30072122
1224,09/05/2019 23:59,0.296509188
1225,10/05/2019 23:59,0.300387279
1226,11/05/2019 23:59,0.3245434
1227,12/05/2019 23:59,0.310073863
1228,13/05/2019 23:59,0.325475054
1229,14/05/2019 23:59,0.409061732
1230,15/05/2019 23:59,0.456004828
1231,16/05/2019 23:59,0.419706776
1232,17/05/2019 23:59,0.386193206
1233,18/05/2019 23:59,0.372735503
1234,19/05/2019 23:59,0.417700207
1235,20/05/2019 23:59,0.398002636
1236,21/05/2019 23:59,0.397603235
1237,22/05/2019 23:59,0.37663701
1238,23/05/2019 23:59,0.381204147
1239,24/05/2019 23:59,0.384541474
1240,25/05/2019 23:59,0.387039826
1241,26/05/2019 23:59,0.408412609
1242,27/05/2019 23:59,0.434167865
1243,28/05/2019 23:59,0.446549037
1244,29/05/2019 23:59,0.4437128
1245,30/05/2019 23:59,0.422395416
1246,31/05/2019 23:59,0.438573772
1247,01/06/2019 23:59,0.430582978
1248,02/06/2019 23:59,0.444785149
1249,03/06/2019 23:59,0.425763605
1250,04/06/2019 23:59,0.400666611
1251,05/06/2019 23:59,0.40273186
1252,06/06/2019 23:59,0.41953965
1253,07/06/2019 23:59,0.423130362
1254,08/06/2019 23:59,0.412410974
1255,09/06/2019 23:59,0.38826606
1256,10/06/2019 23:59,0.400427358
1257,11/06/2019 23:59,0.394260925
1258,12/06/2019 23:59,0.401760225
1259,13/06/2019 23:59,0.400886911
1260,14/06/2019 23:59,0.405921438
1261,15/06/2019 23:59,0.410419349
1262,16/06/2019 23:59,0.427516493
1263,17/06/2019 23:59,0.448079928
1264,18/06/2019 23:59,0.428761381
1265,19/06/2019 23:59,0.436816527
1266,20/06/2019 23:59,0.429822881
1267,21/06/2019 23:59,0.443188365
1268,22/06/2019 23:59,0.474764309
1269,23/06/2019 23:59,0.46829102
1270,24/06/2019 23:59,0.47008774
1271,25/06/2019 23:59,0.468229035
1272,26/06/2019 23:59,0.467451034
1273,27/06/2019 23:59,0.408754389
1274,28/06/2019 23:59,0.427315369
1275,29/06/2019 23:59,0.429377627
1276,30/06/2019 23:59,0.396410514
1277,01/07/2019 23:59,0.406861925
1278,02/07/2019 23:59,0.400204077
1279,03/07/2019 23:59,0.40853186
1280,04/07/2019 23:59,0.388718559
1281,05/07/2019 23:59,0.378964283
1282,06/07/2019 23:59,0.389055035
1283,07/07/2019 23:59,0.397047202
1284,08/07/2019 23:59,0.401532651
1285,09/07/2019 23:59,0.394168112
1286,10/07/2019 23:59,0.36377484
1287,11/07/2019 23:59,0.330335437
1288,12/07/2019 23:59,0.344117776
1289,13/07/2019 23:59,0.332178881
1290,14/07/2019 23:59,0.306426234
1291,15/07/2019 23:59,0.315309961
1292,16/07/2019 23:59,0.296725935
1293,17/07/2019 23:59,0.310612625
1294,18/07/2019 23:59,0.323176305
1295,19/07/2019 23:59,0.320605088
1296,20/07/2019 23:59,0.333208764
1297,21/07/2019 23:59,0.331308604
1298,22/07/2019 23:59,0.322105592
1299,23/07/2019 23:59,0.309925969
1300,24/07/2019 23:59,0.315947132
1301,25/07/2019 23:59,0.314810483
1302,26/07/2019 23:59,0.323529819
1303,27/07/2019 23:59,0.310527737
1304,28/07/2019 23:59,0.312288324
1305,29/07/2019 23:59,0.310658024
1306,30/07/2019 23:59,0.31846984
1307,31/07/2019 23:59,0.320908941
1308,01/08/2019 23:59,0.317905751
1309,02/08/2019 23:59,0.312393809
1310,03/08/2019 23:59,0.31675717
1311,04/08/2019 23:59,0.319841986
1312,05/08/2019 23:59,0.323564135
1313,06/08/2019 23:59,0.311325801
1314,07/08/2019 23:59,0.311969427
1315,08/08/2019 23:59,0.307661235
1316,09/08/2019 23:59,0.297343339
1317,10/08/2019 23:59,0.298720573
1318,11/08/2019 23:59,0.301915339
1319,12/08/2019 23:59,0.300321618
1320,13/08/2019 23:59,0.296638514
1321,14/08/2019 23:59,0.263342934
1322,15/08/2019 23:59,0.264882182
1323,16/08/2019 23:59,0.261971378
1324,17/08/2019 23:59,0.265720685
1325,18/08/2019 23:59,0.282646346
1326,19/08/2019 23:59,0.283328145
1327,20/08/2019 23:59,0.275806048
1328,21/08/2019 23:59,0.266261069
1329,22/08/2019 23:59,0.27094409
1330,23/08/2019 23:59,0.276544691
1331,24/08/2019 23:59,0.272553013
1332,25/08/2019 23:59,0.270088104
1333,26/08/2019 23:59,0.270788031
1334,27/08/2019 23:59,0.269618265
1335,28/08/2019 23:59,0.257449684
1336,29/08/2019 23:59,0.25704516
1337,30/08/2019 23:59,0.256218074
1338,31/08/2019 23:59,0.25920442
1339,01/09/2019 23:59,0.258054059
1340,02/09/2019 23:59,0.26082049
1341,03/09/2019 23:59,0.263139115
1342,04/09/2019 23:59,0.259904812
1343,05/09/2019 23:59,0.256345915
1344,06/09/2019 23:59,0.252340219
1345,07/09/2019 23:59,0.260686774
1346,08/09/2019 23:59,0.263084325
1347,09/09/2019 23:59,0.259562344
1348,10/09/2019 23:59,0.25867118
1349,11/09/2019 23:59,0.255956468
1350,12/09/2019 23:59,0.254810892
1351,13/09/2019 23:59,0.255551259
1352,14/09/2019 23:59,0.261166744
1353,15/09/2019 23:59,0.261627842
1354,16/09/2019 23:59,0.260951726
1355,17/09/2019 23:59,0.28501284
1356,18/09/2019 23:59,0.313776352
1357,19/09/2019 23:59,0.302441356
1358,20/09/2019 23:59,0.294470187
1359,21/09/2019 23:59,0.289442537
1360,22/09/2019 23:59,0.278930518
1361,23/09/2019 23:59,0.26867506
1362,24/09/2019 23:59,0.235226231
1363,25/09/2019 23:59,0.246441404
1364,26/09/2019 23:59,0.243783596
1365,27/09/2019 23:59,0.244020617
1366,28/09/2019 23:59,0.242571316
1367,29/09/2019 23:59,0.241388125
1368,30/09/2019 23:59,0.255932528
1369,01/10/2019 23:59,0.249565139
1370,02/10/2019 23:59,0.2535386
1371,03/10/2019 23:59,0.247860175
1372,04/10/2019 23:59,0.253934692
1373,05/10/2019 23:59,0.253456983
1374,06/10/2019 23:59,0.257704522
1375,07/10/2019 23:59,0.275684642
1376,08/10/2019 23:59,0.278458772
1377,09/10/2019 23:59,0.281627003
1378,10/10/2019 23:59,0.272072761
1379,11/10/2019 23:59,0.27109947
1380,12/10/2019 23:59,0.27319147
1381,13/10/2019 23:59,0.277764584
1382,14/10/2019 23:59,0.296522934
1383,15/10/2019 23:59,0.288701664
1384,16/10/2019 23:59,0.284639801
1385,17/10/2019 23:59,0.302315117
1386,18/10/2019 23:59,0.295004747
1387,19/10/2019 23:59,0.293022499
1388,20/10/2019 23:59,0.294179478
1389,21/10/2019 23:59,0.29297924
1390,22/10/2019 23:59,0.291606903
1391,23/10/2019 23:59,0.274142524
1392,24/10/2019 23:59,0.278490508
1393,25/10/2019 23:59,0.298164751
1394,26/10/2019 23:59,0.293699495
1395,27/10/2019 23:59,0.298099971
1396,28/10/2019 23:59,0.296006809
1397,29/10/2019 23:59,0.301955518
1398,30/10/2019 23:59,0.296554884
1399,31/10/2019 23:59,0.296357604
1400,01/11/2019 23:59,0.292641586
1401,02/11/2019 23:59,0.296262709
1402,03/11/2019 23:59,0.291260553
1403,04/11/2019 23:59,0.299937429
1404,05/11/2019 23:59,0.301255271
1405,06/11/2019 23:59,0.310086087
1406,07/11/2019 23:59,0.292430951
1407,08/11/2019 23:59,0.276953205
1408,09/11/2019 23:59,0.280195989
1409,10/11/2019 23:59,0.280203555
1410,11/11/2019 23:59,0.275085733
1411,12/11/2019 23:59,0.272418209
1412,13/11/2019 23:59,0.273036164
1413,14/11/2019 23:59,0.270390864
1414,15/11/2019 23:59,0.261654484
1415,16/11/2019 23:59,0.263886496
1416,17/11/2019 23:59,0.26525301
1417,18/11/2019 23:59,0.255653383
1418,19/11/2019 23:59,0.256500397
1419,20/11/2019 23:59,0.251363656
1420,21/11/2019 23:59,0.243766078
1421,22/11/2019 23:59,0.231599653
1422,23/11/2019 23:59,0.236188456
1423,24/11/2019 23:59,0.223184374
1424,25/11/2019 23:59,0.218621517
1425,26/11/2019 23:59,0.222144783
1426,27/11/2019 23:59,0.225080755
1427,28/11/2019 23:59,0.224569621
1428,29/11/2019 23:59,0.230217299
1429,30/11/2019 23:59,0.2264744
1430,01/12/2019 23:59,0.225332798
1431,02/12/2019 23:59,0.219580691
1432,03/12/2019 23:59,0.219869625
1433,04/12/2019 23:59,0.216347527
1434,05/12/2019 23:59,0.222928393
1435,06/12/2019 23:59,0.225505005
1436,07/12/2019 23:59,0.228444748
1437,08/12/2019 23:59,0.230434948
1438,09/12/2019 23:59,0.225452194
1439,10/12/2019 23:59,0.224302269
1440,11/12/2019 23:59,0.222052868
1441,12/12/2019 23:59,0.219859459
1442,13/12/2019 23:59,0.220754528
1443,14/12/2019 23:59,0.217355795
1444,15/12/2019 23:59,0.218601301
1445,16/12/2019 23:59,0.207225103
1446,17/12/2019 23:59,0.183699254
1447,18/12/2019 23:59,0.196176346
1448,19/12/2019 23:59,0.190819496
1449,20/12/2019 23:59,0.195315626
1450,21/12/2019 23:59,0.194081908
1451,22/12/2019 23:59,0.196977734
1452,23/12/2019 23:59,0.190942674
1453,24/12/2019 23:59,0.192198227
1454,25/12/2019 23:59,0.190718904
1455,26/12/2019 23:59,0.19039414
1456,27/12/2019 23:59,0.191102142
1457,28/12/2019 23:59,0.1932222
1458,29/12/2019 23:59,0.197050763
1459,30/12/2019 23:59,0.194474151
1460,31/12/2019 23:59,0.192893953
1461,01/01/2020 23:59,0.192667425
1462,02/01/2020 23:59,0.188042697
1463,03/01/2020 23:59,0.193521139
1464,04/01/2020 23:59,0.19435532
1465,05/01/2020 23:59,0.195537199
1466,06/01/2020 23:59,0.22150997
1467,07/01/2020 23:59,0.21391725
1468,08/01/2020 23:59,0.209026312
1469,09/01/2020 23:59,0.204898944
1470,10/01/2020 23:59,0.212305883
1471,11/01/2020 23:59,0.211850916
1472,12/01/2020 23:59,0.215633372
1473,13/01/2020 23:59,0.212617096
1474,14/01/2020 23:59,0.234687095
1475,15/01/2020 23:59,0.232894836
1476,16/01/2020 23:59,0.228573655
1477,17/01/2020 23:59,0.238775983
1478,18/01/2020 23:59,0.243285947
1479,19/01/2020 23:59,0.235585279
1480,20/01/2020 23:59,0.2332964
1481,21/01/2020 23:59,0.237165688
1482,22/01/2020 23:59,0.23605561
1483,23/01/2020 23:59,0.226104015
1484,24/01/2020 23:59,0.223041312
1485,25/01/2020 23:59,0.220427119
1486,26/01/2020 23:59,0.230686083
1487,27/01/2020 23:59,0.231221984
1488,28/01/2020 23:59,0.238488075
1489,29/01/2020 23:59,0.235729761
1490,30/01/2020 23:59,0.243641719
1491,31/01/2020 23:59,0.239232744
1492,01/02/2020 23:59,0.241455294
1493,02/02/2020 23:59,0.250734416
1494,03/02/2020 23:59,0.254627163
1495,04/02/2020 23:59,0.26680826
1496,05/02/2020 23:59,0.277467928
1497,06/02/2020 23:59,0.282214052
1498,07/02/2020 23:59,0.279284194
1499,08/02/2020 23:59,0.277242982
1500,09/02/2020 23:59,0.282457438
1501,10/02/2020 23:59,0.274080487
1502,11/02/2020 23:59,0.280140705
1503,12/02/2020 23:59,0.304392552
1504,13/02/2020 23:59,0.326706186
1505,14/02/2020 23:59,0.334822106
1506,15/02/2020 23:59,0.306236313
1507,16/02/2020 23:59,0.295033819
1508,17/02/2020 23:59,0.286571847
1509,18/02/2020 23:59,0.297912671
1510,19/02/2020 23:59,0.27760221
1511,20/02/2020 23:59,0.272395698
1512,21/02/2020 23:59,0.274937772
1513,22/02/2020 23:59,0.27590108
1514,23/02/2020 23:59,0.282710834
1515,24/02/2020 23:59,0.270626801
1516,25/02/2020 23:59,0.253411731
1517,26/02/2020 23:59,0.230851247
1518,27/02/2020 23:59,0.237116312
1519,28/02/2020 23:59,0.236296271
1520,29/02/2020 23:59,0.231193337
1521,01/03/2020 23:59,0.22884633
1522,02/03/2020 23:59,0.238747312
1523,03/03/2020 23:59,0.23438052
1524,04/03/2020 23:59,0.234530215
1525,05/03/2020 23:59,0.239581816
1526,06/03/2020 23:59,0.244088347
1527,07/03/2020 23:59,0.237070706
1528,08/03/2020 23:59,0.20690433
1529,09/03/2020 23:59,0.209180928
1530,10/03/2020 23:59,0.212235297
1531,11/03/2020 23:59,0.208095714
1532,12/03/2020 23:59,0.13963513
1533,13/03/2020 23:59,0.15935219
1534,14/03/2020 23:59,0.147292222
1535,15/03/2020 23:59,0.153901849
1536,16/03/2020 23:59,0.141063143
1537,17/03/2020 23:59,0.144524064
1538,18/03/2020 23:59,0.143100485
1539,19/03/2020 23:59,0.165036657
1540,20/03/2020 23:59,0.156868481
1541,21/03/2020 23:59,0.158179252
1542,22/03/2020 23:59,0.15021375
1543,23/03/2020 23:59,0.157418798
1544,24/03/2020 23:59,0.16225497
1545,25/03/2020 23:59,0.161632985
1546,26/03/2020 23:59,0.175019116
1547,27/03/2020 23:59,0.176195359
1548,28/03/2020 23:59,0.175782854
1549,29/03/2020 23:59,0.163829163
1550,30/03/2020 23:59,0.172170852
1551,31/03/2020 23:59,0.174563208
1552,01/04/2020 23:59,0.175322658
1553,02/04/2020 23:59,0.178640457
1554,03/04/2020 23:59,0.179466925
1555,04/04/2020 23:59,0.181732276
1556,05/04/2020 23:59,0.179405803
1557,06/04/2020 23:59,0.195506018
1558,07/04/2020 23:59,0.1920928
1559,08/04/2020 23:59,0.200868976
1560,09/04/2020 23:59,0.198256807
1561,10/04/2020 23:59,0.187464066
1562,11/04/2020 23:59,0.188063403
1563,12/04/2020 23:59,0.190134754
1564,13/04/2020 23:59,0.187732172
1565,14/04/2020 23:59,0.185335311
1566,15/04/2020 23:59,0.181269596
1567,16/04/2020 23:59,0.190104356
1568,17/04/2020 23:59,0.190201675
1569,18/04/2020 23:59,0.194924681
1570,19/04/2020 23:59,0.190859077
1571,20/04/2020 23:59,0.183490041
1572,21/04/2020 23:59,0.184328133
1573,22/04/2020 23:59,0.187970355
1574,23/04/2020 23:59,0.191710924
1575,24/04/2020 23:59,0.193664915
1576,25/04/2020 23:59,0.195053679
1577,26/04/2020 23:59,0.196805287
1578,27/04/2020 23:59,0.197978158
1579,28/04/2020 23:59,0.215484046
1580,29/04/2020 23:59,0.22743245
1581,30/04/2020 23:59,0.212760619
1582,01/05/2020 23:59,0.219247692
1583,02/05/2020 23:59,0.223913812
1584,03/05/2020 23:59,0.219414284
1585,04/05/2020 23:59,0.218963313
1586,05/05/2020 23:59,0.216462643
1587,06/05/2020 23:59,0.21521029
1588,07/05/2020 23:59,0.218917301
1589,08/05/2020 23:59,0.219827198
1590,09/05/2020 23:59,0.216902232
1591,10/05/2020 23:59,0.198175896
1592,11/05/2020 23:59,0.194063837
1593,12/05/2020 23:59,0.19763735
1594,13/05/2020 23:59,0.201480323
1595,14/05/2020 23:59,0.203129221
1596,15/05/2020 23:59,0.198910818
1597,16/05/2020 23:59,0.200031841
1598,17/05/2020 23:59,0.201255189
1599,18/05/2020 23:59,0.205176389
1600,19/05/2020 23:59,0.204027792
1601,20/05/2020 23:59,0.201707162
1602,21/05/2020 23:59,0.195509412
1603,22/05/2020 23:59,0.200343234
1604,23/05/2020 23:59,0.198856234
1605,24/05/2020 23:59,0.195431456
1606,25/05/2020 23:59,0.197327144
1607,26/05/2020 23:59,0.193974566
1608,27/05/2020 23:59,0.197857235
1609,28/05/2020 23:59,0.200594747
1610,29/05/2020 23:59,0.198348213
1611,30/05/2020 23:59,0.206219636
1612,31/05/2020 23:59,0.202905551
1613,01/06/2020 23:59,0.210249193
1614,02/06/2020 23:59,0.202764321
1615,03/06/2020 23:59,0.203663381
1616,04/06/2020 23:59,0.204981596
1617,05/06/2020 23:59,0.204091961
1618,06/06/2020 23:59,0.203142206
1619,07/06/2020 23:59,0.203449285
1620,08/06/2020 23:59,0.20377116
1621,09/06/2020 23:59,0.202012696
1622,10/06/2020 23:59,0.202938178
1623,11/06/2020 23:59,0.190180143
1624,12/06/2020 23:59,0.193943061
1625,13/06/2020 23:59,0.193106091
1626,14/06/2020 23:59,0.191616885
1627,15/06/2020 23:59,0.193073631
1628,16/06/2020 23:59,0.19130686
1629,17/06/2020 23:59,0.193443021
1630,18/06/2020 23:59,0.190957334
1631,19/06/2020 23:59,0.186789952
1632,20/06/2020 23:59,0.188500178
1633,21/06/2020 23:59,0.185609893
1634,22/06/2020 23:59,0.189272192
1635,23/06/2020 23:59,0.188679897
1636,24/06/2020 23:59,0.184271799
1637,25/06/2020 23:59,0.183569649
1638,26/06/2020 23:59,0.18267138
1639,27/06/2020 23:59,0.176850592
1640,28/06/2020 23:59,0.177692292
1641,29/06/2020 23:59,0.177959463
1642,30/06/2020 23:59,0.175870468
1643,01/07/2020 23:59,0.176975855
1644,02/07/2020 23:59,0.177244188
1645,03/07/2020 23:59,0.17633569
1646,04/07/2020 23:59,0.177983881
1647,05/07/2020 23:59,0.177016972
1648,06/07/2020 23:59,0.188566907
1649,07/07/2020 23:59,0.184787359
1650,08/07/2020 23:59,0.20469235
1651,09/07/2020 23:59,0.202909652
1652,10/07/2020 23:59,0.198652287
1653,11/07/2020 23:59,0.201197431
1654,12/07/2020 23:59,0.200537991
1655,13/07/2020 23:59,0.198575132
1656,14/07/2020 23:59,0.198809204
1657,15/07/2020 23:59,0.197110851
1658,16/07/2020 23:59,0.194047669
1659,17/07/2020 23:59,0.19428096
1660,18/07/2020 23:59,0.199341009
1661,19/07/2020 23:59,0.199134968
1662,20/07/2020 23:59,0.195065155
1663,21/07/2020 23:59,0.198988467
1664,22/07/2020 23:59,0.203342161
1665,23/07/2020 23:59,0.207577826
1666,24/07/2020 23:59,0.204048567
1667,25/07/2020 23:59,0.214102459
1668,26/07/2020 23:59,0.21498184
1669,27/07/2020 23:59,0.223671602
1670,28/07/2020 23:59,0.230276596
1671,29/07/2020 23:59,0.243099138
1672,30/07/2020 23:59,0.24452249
1673,31/07/2020 23:59,0.258903788
1674,01/08/2020 23:59,0.289528999
1675,02/08/2020 23:59,0.287062296
1676,03/08/2020 23:59,0.309940086
1677,04/08/2020 23:59,0.300492816
1678,05/08/2020 23:59,0.303311361
1679,06/08/2020 23:59,0.303584019
1680,07/08/2020 23:59,0.29466375
1681,08/08/2020 23:59,0.294021591
1682,09/08/2020 23:59,0.288653296
1683,10/08/2020 23:59,0.294658626
1684,11/08/2020 23:59,0.284449361
1685,12/08/2020 23:59,0.284930451
1686,13/08/2020 23:59,0.297807281
1687,14/08/2020 23:59,0.300371199
1688,15/08/2020 23:59,0.299660618
1689,16/08/2020 23:59,0.303491864
1690,17/08/2020 23:59,0.314766588
1691,18/08/2020 23:59,0.303307162
1692,19/08/2020 23:59,0.290245661
1693,20/08/2020 23:59,0.29257301
1694,21/08/2020 23:59,0.28068239
1695,22/08/2020 23:59,0.286546384
1696,23/08/2020 23:59,0.285386358
1697,24/08/2020 23:59,0.289214989
1698,25/08/2020 23:59,0.277926681
1699,26/08/2020 23:59,0.277490817
1700,27/08/2020 23:59,0.264510897
1701,28/08/2020 23:59,0.27204601
1702,29/08/2020 23:59,0.27449658
1703,30/08/2020 23:59,0.28303374
1704,31/08/2020 23:59,0.281765646
1705,01/09/2020 23:59,0.295695506
1706,02/09/2020 23:59,0.276461221
1707,03/09/2020 23:59,0.246580447
1708,04/09/2020 23:59,0.255882581
1709,05/09/2020 23:59,0.237691994
1710,06/09/2020 23:59,0.240731036
1711,07/09/2020 23:59,0.242173728
1712,08/09/2020 23:59,0.236753491
1713,09/09/2020 23:59,0.239609309
1714,10/09/2020 23:59,0.243529945
1715,11/09/2020 23:59,0.243291518
1716,12/09/2020 23:59,0.247813855
1717,13/09/2020 23:59,0.241800915
1718,14/09/2020 23:59,0.246326732
1719,15/09/2020 23:59,0.243849534
1720,16/09/2020 23:59,0.247846851
1721,17/09/2020 23:59,0.252193534
1722,18/09/2020 23:59,0.250706972
1723,19/09/2020 23:59,0.251715996
1724,20/09/2020 23:59,0.246743317
1725,21/09/2020 23:59,0.232137581
1726,22/09/2020 23:59,0.233416984
1727,23/09/2020 23:59,0.22122139
1728,24/09/2020 23:59,0.23290488
1729,25/09/2020 23:59,0.24192164
1730,26/09/2020 23:59,0.24215973
1731,27/09/2020 23:59,0.24275486
1732,28/09/2020 23:59,0.24186223
1733,29/09/2020 23:59,0.24317734
1734,30/09/2020 23:59,0.24178404
1735,01/10/2020 23:59,0.23824885
1736,02/10/2020 23:59,0.2341174
1737,03/10/2020 23:59,0.23293823
1738,04/10/2020 23:59,0.24768521
1739,05/10/2020 23:59,0.25081649
1740,06/10/2020 23:59,0.24534051
1741,07/10/2020 23:59,0.24853854
1742,08/10/2020 23:59,0.25145445
1743,09/10/2020 23:59,0.25349053
1744,10/10/2020 23:59,0.25429026
1745,11/10/2020 23:59,0.25571862
1746,12/10/2020 23:59,0.25644633
1747,13/10/2020 23:59,0.25632299
1748,14/10/2020 23:59,0.24944771
1749,15/10/2020 23:59,0.2459395
1750,16/10/2020 23:59,0.24044322
1751,17/10/2020 23:59,0.2409306
1752,18/10/2020 23:59,0.24222456
1753,19/10/2020 23:59,0.24596448
1754,20/10/2020 23:59,0.24357286
1755,21/10/2020 23:59,0.25161491
1756,22/10/2020 23:59,0.25680737
1757,23/10/2020 23:59,0.25487888
1758,24/10/2020 23:59,0.25643078
1759,25/10/2020 23:59,0.25321315
1760,26/10/2020 23:59,0.24868771
1761,27/10/2020 23:59,0.25289944
1762,28/10/2020 23:59,0.24586472
1763,29/10/2020 23:59,0.24229485
1764,30/10/2020 23:59,0.23918382
1765,31/10/2020 23:59,0.2397442
1766,01/11/2020 23:59,0.23979745
1767,02/11/2020 23:59,0.23542055
1768,03/11/2020 23:59,0.23951003
1769,04/11/2020 23:59,0.23779264
1770,05/11/2020 23:59,0.24577641
1771,06/11/2020 23:59,0.25844464
1772,07/11/2020 23:59,0.24958223
1773,08/11/2020 23:59,0.2539387
1774,09/11/2020 23:59,0.25074766
1775,10/11/2020 23:59,0.25391118
1776,11/11/2020 23:59,0.25625941
1777,12/11/2020 23:59,0.25490322
1778,13/11/2020 23:59,0.2651905
1779,14/11/2020 23:59,0.26834244
1780,15/11/2020 23:59,0.26964156
1781,16/11/2020 23:59,0.28552034
1782,17/11/2020 23:59,0.3024083
1783,18/11/2020 23:59,0.29422167
1784,19/11/2020 23:59,0.30376565
1785,20/11/2020 23:59,0.32806824
1786,21/11/2020 23:59,0.45834416
1787,22/11/2020 23:59,0.44370043
1788,23/11/2020 23:59,0.6139796
1789,24/11/2020 23:59,0.69210316
1790,25/11/2020 23:59,0.63548327
1791,26/11/2020 23:59,0.53301892
1792,27/11/2020 23:59,0.55926763
1793,28/11/2020 23:59,0.62562208
1794,29/11/2020 23:59,0.60624629
1795,30/11/2020 23:59,0.6643373
1796,01/12/2020 23:59,0.61292341
1797,02/12/2020 23:59,0.62989304
1798,03/12/2020 23:59,0.63148285
1799,04/12/2020 23:59,0.55726194
1800,05/12/2020 23:59,0.58442082
1801,06/12/2020 23:59,0.61985104
1802,07/12/2020 23:59,0.60893445
1803,08/12/2020 23:59,0.55883618
1804,09/12/2020 23:59,0.58358953
1805,10/12/2020 23:59,0.57295396
1806,11/12/2020 23:59,0.54648324
1807,12/12/2020 23:59,0.50640055
1808,13/12/2020 23:59,0.51146366
1809,14/12/2020 23:59,0.49771204
1810,15/12/2020 23:59,0.46971013
1811,16/12/2020 23:59,0.56862765
1812,17/12/2020 23:59,0.57667682
1813,18/12/2020 23:59,0.58428027
1814,19/12/2020 23:59,0.57916277
1815,20/12/2020 23:59,0.55605754
1816,21/12/2020 23:59,0.5169435
1817,22/12/2020 23:59,0.44844794
1818,23/12/2020 23:59,0.25860161
1819,24/12/2020 23:59,0.33781854
1820,25/12/2020 23:59,0.31809054
1821,26/12/2020 23:59,0.29471348
1822,27/12/2020 23:59,0.28303931
1823,28/12/2020 23:59,0.24795823
1824,29/12/2020 23:59,0.22096201
1825,30/12/2020 23:59,0.2118282
1826,31/12/2020 23:59,0.21984557
1827,01/01/2021 23:59,0.23744438
1828,02/01/2021 23:59,0.22165492
1829,03/01/2021 23:59,0.22584819
1830,04/01/2021 23:59,0.23667712
1831,05/01/2021 23:59,0.22675012
1832,06/01/2021 23:59,0.25089517
1833,07/01/2021 23:59,0.32600198
1834,08/01/2021 23:59,0.32322959
1835,09/01/2021 23:59,0.32691622
1836,10/01/2021 23:59,0.31833641
1837,11/01/2021 23:59,0.28890503
1838,12/01/2021 23:59,0.29212313
1839,13/01/2021 23:59,0.30557979
1840,14/01/2021 23:59,0.29543791
1841,15/01/2021 23:59,0.2804055
1842,16/01/2021 23:59,0.28018836
1843,17/01/2021 23:59,0.27738365
1844,18/01/2021 23:59,0.28476919
1845,19/01/2021 23:59,0.2943137
1846,20/01/2021 23:59,0.29651801
1847,21/01/2021 23:59,0.26894641
1848,22/01/2021 23:59,0.27279859
1849,23/01/2021 23:59,0.27182148
1850,24/01/2021 23:59,0.2735085
1851,25/01/2021 23:59,0.26908877
1852,26/01/2021 23:59,0.26882663
1853,27/01/2021 23:59,0.25194347
1854,28/01/2021 23:59,0.26412208
1855,29/01/2021 23:59,0.28218765
1856,30/01/2021 23:59,0.44024444
1857,31/01/2021 23:59,0.49231408
1858,01/02/2021 23:59,0.37150866
1859,02/02/2021 23:59,0.36927
1860,03/02/2021 23:59,0.39348981
1861,04/02/2021 23:59,0.4464491
1862,05/02/2021 23:59,0.45004704
1863,06/02/2021 23:59,0.43909568
1864,07/02/2021 23:59,0.41795756
1865,08/02/2021 23:59,0.447702
1866,09/02/2021 23:59,0.47199055
1867,10/02/2021 23:59,0.5034453
1868,11/02/2021 23:59,0.52478651
1869,12/02/2021 23:59,0.60859231
1870,13/02/2021 23:59,0.62899615
1871,14/02/2021 23:59,0.5941931
1872,15/02/2021 23:59,0.54891537
1873,16/02/2021 23:59,0.52084597
1874,17/02/2021 23:59,0.53553723
1875,18/02/2021 23:59,0.5324331
1876,19/02/2021 23:59,0.56701857
1877,20/02/2021 23:59,0.51751221
1878,21/02/2021 23:59,0.54856014
1879,22/02/2021 23:59,0.57174115
1880,23/02/2021 23:59,0.47356259
1881,24/02/2021 23:59,0.47183151
1882,25/02/2021 23:59,0.43452354
1883,26/02/2021 23:59,0.42790019
1884,27/02/2021 23:59,0.43780898
1885,28/02/2021 23:59,0.41495318
1886,01/03/2021 23:59,0.44724414
1887,02/03/2021 23:59,0.43683726
1888,03/03/2021 23:59,0.45027913
1889,04/03/2021 23:59,0.48660534
1890,05/03/2021 23:59,0.45811912
1891,06/03/2021 23:59,0.46510621
1892,07/03/2021 23:59,0.46686727
1893,08/03/2021 23:59,0.47359734
1894,09/03/2021 23:59,0.48598773
1895,10/03/2021 23:59,0.46316597
1896,11/03/2021 23:59,0.45295964
1897,12/03/2021 23:59,0.44113069
1898,13/03/2021 23:59,0.45992445
1899,14/03/2021 23:59,0.44211151
1900,15/03/2021 23:59,0.43755501
1901,16/03/2021 23:59,0.46259998
1902,17/03/2021 23:59,0.47241705
1903,18/03/2021 23:59,0.47291937
1904,19/03/2021 23:59,0.4711709
1905,20/03/2021 23:59,0.52699085
1906,21/03/2021 23:59,0.51983541
1907,22/03/2021 23:59,0.54994159
1908,23/03/2021 23:59,0.55659505
1909,24/03/2021 23:59,0.48883678
1910,25/03/2021 23:59,0.51749833
1911,26/03/2021 23:59,0.56705516
1912,27/03/2021 23:59,0.55044347
1913,28/03/2021 23:59,0.55075583
1914,29/03/2021 23:59,0.56787082
1915,30/03/2021 23:59,0.56685858
1916,31/03/2021 23:59,0.57386946
1917,01/04/2021 23:59,0.57929188
1918,02/04/2021 23:59,0.6165688
1919,03/04/2021 23:59,0.59091504
1920,04/04/2021 23:59,0.64672914
1921,05/04/2021 23:59,0.92047305
1922,06/04/2021 23:59,1.09626562
1923,07/04/2021 23:59,0.91757616
1924,08/04/2021 23:59,1.05275643
1925,09/04/2021 23:59,1.02083654
1926,10/04/2021 23:59,1.37441607
1927,11/04/2021 23:59,1.36053004
1928,12/04/2021 23:59,1.46773497
1929,13/04/2021 23:59,1.79400136
1930,14/04/2021 23:59,1.83923574
1931,15/04/2021 23:59,1.76606672
1932,16/04/2021 23:59,1.55752673
1933,17/04/2021 23:59,1.56005467
1934,18/04/2021 23:59,1.4059981
1935,19/04/2021 23:59,1.31504432
1936,20/04/2021 23:59,1.38329899
1937,21/04/2021 23:59,1.29649777
1938,22/04/2021 23:59,1.15968188
1939,23/04/2021 23:59,1.1696597
1940,24/04/2021 23:59,1.04870583
1941,25/04/2021 23:59,1.03225582
1942,26/04/2021 23:59,1.36850552
1943,27/04/2021 23:59,1.40095461
1944,28/04/2021 23:59,1.35860097
1945,29/04/2021 23:59,1.3993598
1946,30/04/2021 23:59,1.59167357
1947,01/05/2021 23:59,1.65102495
1948,02/05/2021 23:59,1.56264103
1949,03/05/2021 23:59,1.5559947
1950,04/05/2021 23:59,1.39237606
1951,05/05/2021 23:59,1.61451155
1952,06/05/2021 23:59,1.60058065
1953,07/05/2021 23:59,1.58175517
1954,08/05/2021 23:59,1.56259835
1955,09/05/2021 23:59,1.53529288
1956,10/05/2021 23:59,1.38900575
1957,11/05/2021 23:59,1.47768244
1958,12/05/2021 23:59,1.24786361
1959,13/05/2021 23:59,1.35891006
1960,14/05/2021 23:59,1.40291747
1961,15/05/2021 23:59,1.48588012
1962,16/05/2021 23:59,1.45260573
1963,17/05/2021 23:59,1.49630034
1964,18/05/2021 23:59,1.5907339
1965,19/05/2021 23:59,1.07031315
1966,20/05/2021 23:59,1.18553663
1967,21/05/2021 23:59,1.0069763
1968,22/05/2021 23:59,0.90631728
1969,23/05/2021 23:59,0.79701534
1970,24/05/2021 23:59,0.99283503
1971,25/05/2021 23:59,0.97618689
1972,26/05/2021 23:59,1.0337254
1973,27/05/2021 23:59,0.97023464
1974,28/05/2021 23:59,0.90014845
1975,29/05/2021 23:59,0.83178801
1976,30/05/2021 23:59,0.90660881
1977,31/05/2021 23:59,1.04658407
1978,01/06/2021 23:59,1.01100086
1979,02/06/2021 23:59,1.02440033
1980,03/06/2021 23:59,1.04532119
1981,04/06/2021 23:59,0.97019603
1982,05/06/2021 23:59,0.92328578
1983,06/06/2021 23:59,0.94528629
1984,07/06/2021 23:59,0.86115488
1985,08/06/2021 23:59,0.87578752
1986,09/06/2021 23:59,0.92003365
1987,10/06/2021 23:59,0.86918199
1988,11/06/2021 23:59,0.84845025
1989,12/06/2021 23:59,0.83268337
1990,13/06/2021 23:59,0.88316045
1991,14/06/2021 23:59,0.89289677
1992,15/06/2021 23:59,0.88980016
1993,16/06/2021 23:59,0.83190807
1994,17/06/2021 23:59,0.84143816
1995,18/06/2021 23:59,0.79764845
1996,19/06/2021 23:59,0.7616733
1997,20/06/2021 23:59,0.77637699
1998,21/06/2021 23:59,0.61038802
1999,22/06/2021 23:59,0.54506708
2000,23/06/2021 23:59,0.62653535
2001,24/06/2021 23:59,0.67199983
2002,25/06/2021 23:59,0.61332274
2003,26/06/2021 23:59,0.61543549
2004,27/06/2021 23:59,0.64692267
2005,28/06/2021 23:59,0.64374639
2006,29/06/2021 23:59,0.70172477
2007,30/06/2021 23:59,0.70637445
2008,01/07/2021 23:59,0.66118021
2009,02/07/2021 23:59,0.65676289
2010,03/07/2021 23:59,0.67288818
2011,04/07/2021 23:59,0.69494543
2012,05/07/2021 23:59,0.65430037
2013,06/07/2021 23:59,0.66540248
2014,07/07/2021 23:59,0.651575
2015,08/07/2021 23:59,0.623058
2016,09/07/2021 23:59,0.636804
2017,10/07/2021 23:59,0.625463
2018,11/07/2021 23:59,0.635935
2019,12/07/2021 23:59,0.630178
2020,13/07/2021 23:59,0.619523
2021,14/07/2021 23:59,0.620324
2022,15/07/2021 23:59,0.596941
2023,16/07/2021 23:59,0.590774
2024,17/07/2021 23:59,0.582428
2025,18/07/2021 23:59,0.587922
2026,19/07/2021 23:59,0.557556
2027,20/07/2021 23:59,0.529336
2028,21/07/2021 23:59,0.569998
2029,22/07/2021 23:59,0.592206
2030,23/07/2021 23:59,0.609224
2031,24/07/2021 23:59,0.609827
2032,25/07/2021 23:59,0.606357
2033,26/07/2021 23:59,0.625618
2034,27/07/2021 23:59,0.644604
2035,28/07/2021 23:59,0.725445
2036,29/07/2021 23:59,0.748017
2037,30/07/2021 23:59,0.752119
2038,31/07/2021 23:59,0.747786
2039,01/08/2021 23:59,0.725922
2040,02/08/2021 23:59,0.73922
2041,03/08/2021 23:59,0.712729
2042,04/08/2021 23:59,0.730488
2043,05/08/2021 23:59,0.733151
2044,06/08/2021 23:59,0.746513
2045,07/08/2021 23:59,0.816281
2046,08/08/2021 23:59,0.778739
2047,09/08/2021 23:59,0.818553
2048,10/08/2021 23:59,0.851247
2049,11/08/2021 23:59,1.012524
2050,12/08/2021 23:59,0.964549
2051,13/08/2021 23:59,1.08996
2052,14/08/2021 23:59,1.280412
2053,15/08/2021 23:59,1.28816
2054,16/08/2021 23:59,1.190993
2055,17/08/2021 23:59,1.098199
2056,18/08/2021 23:59,1.146097
2057,19/08/2021 23:59,1.232842
2058,20/08/2021 23:59,1.263222
2059,21/08/2021 23:59,1.216473
2060,22/08/2021 23:59,1.227722
2061,23/08/2021 23:59,1.24727
2062,24/08/2021 23:59,1.137352
2063,25/08/2021 23:59,1.172529
2064,26/08/2021 23:59,1.075266
2065,27/08/2021 23:59,1.188473
2066,28/08/2021 23:59,1.145505
2067,29/08/2021 23:59,1.140832
2068,30/08/2021 23:59,1.101435
2069,31/08/2021 23:59,1.187593
2070,01/09/2021 23:59,1.234889
2071,02/09/2021 23:59,1.256324
2072,03/09/2021 23:59,1.291435
2073,04/09/2021 23:59,1.255779
2074,05/09/2021 23:59,1.305498
2075,06/09/2021 23:59,1.389413
2076,07/09/2021 23:59,1.125099
2077,08/09/2021 23:59,1.10072
2078,09/09/2021 23:59,1.089401
2079,10/09/2021 23:59,1.057267
2080,11/09/2021 23:59,1.079906
2081,12/09/2021 23:59,1.119636
2082,13/09/2021 23:59,1.064678
2083,14/09/2021 23:59,1.096574
2084,15/09/2021 23:59,1.121353
2085,16/09/2021 23:59,1.091498
2086,17/09/2021 23:59,1.065598
2087,18/09/2021 23:59,1.075668
2088,19/09/2021 23:59,1.048428
2089,20/09/2021 23:59,0.917152
2090,21/09/2021 23:59,0.876329
2091,22/09/2021 23:59,1.004076
2092,23/09/2021 23:59,1.00204
2093,24/09/2021 23:59,0.945924
2094,25/09/2021 23:59,0.941342
2095,26/09/2021 23:59,0.944721
2096,27/09/2021 23:59,0.923685
2097,28/09/2021 23:59,0.893689
2098,29/09/2021 23:59,0.928349
2099,30/09/2021 23:59,0.952636
2100,01/10/2021 23:59,1.042624
2101,02/10/2021 23:59,1.038675
2102,03/10/2021 23:59,1.05517
2103,04/10/2021 23:59,1.043004
2104,05/10/2021 23:59,1.085503
2105,06/10/2021 23:59,1.077656
2106,07/10/2021 23:59,1.068026
2107,08/10/2021 23:59,1.062891
2108,09/10/2021 23:59,1.159926
2109,10/10/2021 23:59,1.138453
2110,11/10/2021 23:59,1.137888
2111,12/10/2021 23:59,1.101859
2112,13/10/2021 23:59,1.128392
2113,14/10/2021 23:59,1.132316
2114,15/10/2021 23:59,1.14055
2115,16/10/2021 23:59,1.135096
2116,17/10/2021 23:59,1.093468
2117,18/10/2021 23:59,1.083842
2118,19/10/2021 23:59,1.09208
2119,20/10/2021 23:59,1.142328
2120,21/10/2021 23:59,1.089315
2121,22/10/2021 23:59,1.088374
2122,23/10/2021 23:59,1.094497
2123,24/10/2021 23:59,1.084283
2124,25/10/2021 23:59,1.095158
2125,26/10/2021 23:59,1.108093
2126,27/10/2021 23:59,0.995452
2127,28/10/2021 23:59,1.05882
2128,29/10/2021 23:59,1.081503
2129,30/10/2021 23:59,1.083949
2130,31/10/2021 23:59,1.113247
2131,01/11/2021 23:59,1.092867
2132,02/11/2021 23:59,1.136196
2133,03/11/2021 23:59,1.208796
2134,04/11/2021 23:59,1.202003
2135,05/11/2021 23:59,1.161533
2136,06/11/2021 23:59,1.152454
2137,07/11/2021 23:59,1.217534
2138,08/11/2021 23:59,1.282377
2139,09/11/2021 23:59,1.25893
2140,10/11/2021 23:59,1.193373
2141,11/11/2021 23:59,1.218364
2142,12/11/2021 23:59,1.189355
2143,13/11/2021 23:59,1.191938
2144,14/11/2021 23:59,1.188597
2145,15/11/2021 23:59,1.171371
2146,16/11/2021 23:59,1.090934
2147,17/11/2021 23:59,1.096291
2148,18/11/2021 23:59,1.041954
2149,19/11/2021 23:59,1.091492
2150,20/11/2021 23:59,1.097646
2151,21/11/2021 23:59,1.060173
2152,22/11/2021 23:59,1.036622
2153,23/11/2021 23:59,1.067057
2154,24/11/2021 23:59,1.042075
2155,25/11/2021 23:59,1.031888
2156,26/11/2021 23:59,0.93635
2157,27/11/2021 23:59,0.947158
2158,28/11/2021 23:59,0.968751
2159,29/11/2021 23:59,0.991961
2160,30/11/2021 23:59,0.998754
2161,01/12/2021 23:59,0.99093
2162,02/12/2021 23:59,0.972312
2163,03/12/2021 23:59,0.922244
2164,04/12/2021 23:59,0.847029
2165,05/12/2021 23:59,0.805595
2166,06/12/2021 23:59,0.828288
2167,07/12/2021 23:59,0.818588
2168,08/12/2021 23:59,0.863307
2169,09/12/2021 23:59,0.861272
2170,10/12/2021 23:59,0.801097
2171,11/12/2021 23:59,0.839313
2172,12/12/2021 23:59,0.841324
2173,13/12/2021 23:59,0.782894
2174,14/12/2021 23:59,0.796249
2175,15/12/2021 23:59,0.827431
2176,16/12/2021 23:59,0.80623
2177,17/12/2021 23:59,0.799291
2178,18/12/2021 23:59,0.827379
2179,19/12/2021 23:59,0.835033
2180,20/12/2021 23:59,0.879828
2181,21/12/2021 23:59,0.947646
2182,22/12/2021 23:59,0.954699
2183,23/12/2021 23:59,0.993285
2184,24/12/2021 23:59,0.912047
2185,25/12/2021 23:59,0.924819
2186,26/12/2021 23:59,0.92118
2187,27/12/2021 23:59,0.926184
2188,28/12/2021 23:59,0.85296
2189,29/12/2021 23:59,0.816714
2190,30/12/2021 23:59,0.839649
2191,31/12/2021 23:59,0.831163
